Date,expiryDate,Symbol,Type,CMP,strikePrice,Support,Dist_from_Support,Resistance,Dist_from_Resist,PCR,RSI,MACD,MACD_Signal,MACD_Hist,BB_HI,BB_MID,BB_LO,Sentiment,Call_B,Call_S,Puts_W,Puts_L,Call_W,Call_L,Puts_B,Puts_S,Tot_Strikes
03-Oct-25,28-Oct-25,360ONE,Non-Hld,1047.1,1100,1029.45,1.72,1170.55,11.79,0.95,49.54,-9.88,-8.81,-1.07,1109.09,1052.01,994.93,,,,,,,,,,
03-Oct-25,28-Oct-25,ABB,Holding,5190,5200,4950.15,4.85,5449.85,5.01,0.72,44.49,-8.37,3.14,-11.51,5450.37,5248.96,5047.55,,,,,,,,,,
03-Oct-25,28-Oct-25,ABCAPITAL,Non-Hld,304.5,300,280.8,8.45,319.2,4.83,0.43,64.88,4.3,3.48,0.82,300.48,289.82,279.16,,,,,,,,,,
03-Oct-25,28-Oct-25,ADANIENSOL,Non-Hld,927.75,1000,906.35,2.37,1093.65,17.89,0.52,66.14,24.94,20.94,4,951.07,853.91,756.75,,,,,,,,,,
03-Oct-25,28-Oct-25,ADANIENT,Non-Hld,2586.1,2600,2448.7,5.62,2751.3,6.39,0.55,63.09,58.28,49.13,9.15,2705.33,2469.48,2233.62,,,,,,,,,,
03-Oct-25,28-Oct-25,ADANIGREEN,Non-Hld,1072.5,1200,1058.5,1.33,1341.5,25.09,0.72,59.87,27.58,25.83,1.75,1144.59,1019.91,895.24,,,,,,,,,,
03-Oct-25,28-Oct-25,ADANIPORTS,Non-Hld,1419.9,1400,1337.1,6.2,1462.9,3.03,0.73,57.9,13.26,13.7,-0.44,1458.31,1401.08,1343.84,,,,,,,,,,
03-Oct-25,28-Oct-25,ALKEM,Non-Hld,5425,5500,5274.95,2.85,5725.05,5.54,0.9,54.02,48.84,67.57,-18.73,5594.76,5447.68,5300.59,,,,,,,,,,
03-Oct-25,28-Oct-25,AMBER,Non-Hld,8205.5,8500,7930.35,3.47,9069.65,10.54,0.99,57.69,172.19,198.93,-26.74,8602.75,8119.9,7637.05,,,,,,,,,,
03-Oct-25,28-Oct-25,AMBUJACEM,Non-Hld,575.6,600,567.5,1.43,632.5,9.89,0.73,50.33,-1.52,-1.46,-0.06,591.65,573.44,555.23,,,,,,,,,,
03-Oct-25,28-Oct-25,ANGELONE,Non-Hld,2205,2200,2008.1,9.81,2391.9,8.48,0.74,40.66,-70.83,-77.86,7.03,2358.04,2232.68,2107.32,,,,,,,,,,
03-Oct-25,28-Oct-25,APLAPOLLO,Non-Hld,1735,1700,1597.9,8.59,1802.1,3.87,0.71,64.19,15.86,13.13,2.73,1727.97,1692.26,1656.56,,,,,,,,,,
03-Oct-25,28-Oct-25,APOLLOHOSP,Non-Hld,7450,8000,7445,0.07,8555,14.84,0.8,36.16,-62.03,-9.09,-52.94,8053.17,7712.88,7372.58,,,,,,,,,,
03-Oct-25,28-Oct-25,ASHOKLEY,Non-Hld,139.74,145,135.6,3.06,154.4,10.5,0.58,57.68,3.28,3.47,-0.19,145.73,138.19,130.66,,,,,,,,,,
03-Oct-25,28-Oct-25,ASIANPAINT,Non-Hld,2358.1,2500,2344.4,0.59,2655.6,12.62,0.85,33.68,-41.71,-24.06,-17.65,2618.96,2462.54,2306.12,,,,,,,,,,
03-Oct-25,28-Oct-25,ASTRAL,Non-Hld,1385.1,1500,1374.5,0.78,1625.5,17.36,0.78,41.37,-11.39,-2.05,-9.34,1502.85,1430.64,1358.44,,,,,,,,,,
03-Oct-25,28-Oct-25,AUBANK,Non-Hld,740.5,740,695.7,6.44,784.3,5.92,0.85,56.62,1.96,-1.48,3.44,750.09,719.48,688.86,,,,,,,,,,
03-Oct-25,28-Oct-25,AUROPHARMA,Non-Hld,1095,1100,1043.2,4.97,1156.8,5.65,0.72,52.91,5.37,6.37,-1.01,1138.59,1088.78,1038.96,,,,,,,,,,
03-Oct-25,28-Oct-25,AXISBANK,Non-Hld,1183,1160,1103.05,7.25,1216.95,2.87,0.76,69.28,21.34,17.58,3.76,1200.8,1122.3,1043.79,,,,,,,,,,
03-Oct-25,28-Oct-25,BAJAJ-AUTO,Non-Hld,8685,9000,8515,2,9485,9.22,0.53,42.23,-25.01,43.76,-68.77,9426.42,8980.52,8534.63,,,,,,,,,,
03-Oct-25,28-Oct-25,BAJAJFINSV,Non-Hld,1994.2,2100,1983.3,0.55,2216.7,11.16,0.91,45.02,6.04,15.94,-9.9,2102.31,2043.02,1983.72,,,,,,,,,,
03-Oct-25,28-Oct-25,BAJFINANCE,Non-Hld,990,1000,949.25,4.3,1050.75,6.14,0.68,56.26,19.49,23.97,-4.48,1039.96,990.41,940.86,,,,,,,,,,
03-Oct-25,28-Oct-25,BANDHANBNK,Non-Hld,165.8,170,158.75,4.45,181.25,9.32,0.93,53.78,-1.2,-1.66,0.46,169.39,163.13,156.87,,,,,,,,,,
03-Oct-25,28-Oct-25,BANKBARODA,Non-Hld,263.8,260,245.4,7.5,274.6,4.1,0.73,73.69,5.3,3.61,1.69,265.04,246.99,228.94,,,,,,,,,,
03-Oct-25,28-Oct-25,BANKINDIA,Non-Hld,125.41,125,117.5,6.74,132.5,5.66,0.61,68.37,2.31,1.76,0.55,125.79,118.87,111.96,,,,,,,,,,
03-Oct-25,28-Oct-25,BDL,Non-Hld,1560,1600,1489.3,4.75,1710.7,9.67,0.8,52.04,-2.71,-1.47,-1.24,1673.54,1543.07,1412.6,,,,,,,,,,
03-Oct-25,28-Oct-25,BEL,Holding,412.7,410,388.6,6.21,431.4,4.54,0.75,63.48,6.01,5.28,0.73,423.16,397.4,371.63,,,,,,,,,,
03-Oct-25,28-Oct-25,BHARATFORG,Non-Hld,1222,1220,1152.85,6,1287.15,5.34,0.91,53.16,9.35,12.9,-3.55,1289.55,1221.84,1154.14,,,,,,,,,,
03-Oct-25,28-Oct-25,BHARTIARTL,Non-Hld,1896.9,1900,1835.9,3.33,1964.1,3.55,0.77,46.13,-3.07,3.04,-6.12,1967.05,1914.78,1862.51,,,,,,,,,,
03-Oct-25,28-Oct-25,BHEL,Non-Hld,244.8,240,224.6,9,255.4,4.34,0.59,67.27,4.07,2.73,1.35,248.85,231.34,213.83,,,,,,,,,,
03-Oct-25,28-Oct-25,BIOCON,Non-Hld,351.6,350,332.05,5.89,367.95,4.66,0.78,46.47,-4.43,-3.19,-1.23,375.75,357.58,339.4,,,,,,,,,,
03-Oct-25,28-Oct-25,BLUESTARCO,Non-Hld,1899,2000,1853.55,2.46,2146.45,13.04,0.82,49.35,6.39,17.11,-10.72,1986.67,1916.52,1846.36,,,,,,,,,,
03-Oct-25,28-Oct-25,BOSCHLTD,Non-Hld,38555,40000,38064.2,1.29,41935.8,8.77,0.76,43.1,-336.21,-120.45,-215.76,41700.59,39597.75,37494.91,,,,,,,,,,
03-Oct-25,28-Oct-25,BPCL,Non-Hld,342,350,331.35,3.22,368.65,7.8,0.85,68.6,5.26,3.23,2.03,343.22,325.64,308.06,,,,,,,,,,
03-Oct-25,28-Oct-25,BRITANNIA,Non-Hld,5985,6000,5756.05,3.98,6243.95,4.33,0.62,52.93,34.39,65.41,-31.02,6299.62,6073.82,5848.03,,,,,,,,,,
03-Oct-25,28-Oct-25,BSE,Holding,2097,2100,1903.1,10.19,2296.9,9.54,0.57,40.7,-67.9,-67.18,-0.72,2362.45,2171.03,1979.61,,,,,,,,,,
03-Oct-25,28-Oct-25,CAMS,Holding,3819,3800,3575.85,6.8,4024.15,5.38,0.66,44.81,-15.56,1.47,-17.03,4077.83,3890.04,3702.25,,,,,,,,,,
03-Oct-25,28-Oct-25,CANBK,Non-Hld,125.98,120,110.5,14.01,129.5,2.8,0.55,71.66,3.84,3.01,0.83,127.91,116.46,105.01,,,,,,,,,,
03-Oct-25,28-Oct-25,CDSL,Holding,1489.8,1500,1415.05,5.29,1584.95,6.39,0.49,42.87,-19.15,-12.69,-6.47,1605.31,1528.8,1452.3,,,,,,,,,,
03-Oct-25,28-Oct-25,CGPOWER,Holding,748.35,840,737.7,1.45,942.3,25.92,0.67,51.39,8.27,15.6,-7.33,804.54,764.48,724.42,,,,,,,,,,
03-Oct-25,28-Oct-25,CHOLAFIN,Non-Hld,1572,1500,1405,11.89,1595,1.47,0.53,52.7,26.1,26.68,-0.58,1659.05,1564.98,1470.9,,,,,,,,,,
03-Oct-25,28-Oct-25,CIPLA,Non-Hld,1517.5,1600,1513.6,0.26,1686.4,11.14,0.56,44.38,-12.34,-6.8,-5.54,1593.31,1540.24,1487.16,,,,,,,,,,
03-Oct-25,28-Oct-25,COALINDIA,Holding,383.9,400,381.2,0.71,418.8,9.1,0.73,41.89,1.29,2.89,-1.6,399.19,391.93,384.66,,,,,,,,,,
03-Oct-25,28-Oct-25,COFORGE,Non-Hld,1614.9,1800,1597.7,1.08,2002.3,23.99,0.65,41.37,-38.74,-24.5,-14.24,1862.83,1688.07,1513.31,,,,,,,,,,
03-Oct-25,28-Oct-25,COLPAL,Non-Hld,2214.5,2300,2182.1,1.49,2417.9,9.19,0.62,34,-29.75,-12.17,-17.59,2459.66,2324.31,2188.96,,,,,,,,,,
03-Oct-25,28-Oct-25,CONCOR,Non-Hld,534.15,530,502.45,6.31,557.55,4.39,0.68,42.38,-7.09,-5.67,-1.42,568.73,543.04,517.36,,,,,,,,,,
03-Oct-25,28-Oct-25,CROMPTON,Non-Hld,295,300,283.45,4.08,316.55,7.31,0.67,30.45,-8.4,-6.89,-1.51,331.49,308.74,286,,,,,,,,,,
03-Oct-25,28-Oct-25,CUMMINSIND,Non-Hld,3929,4000,3805.75,3.24,4194.25,6.76,0.76,49.62,21.7,51.21,-29.5,4139.54,4004.32,3869.11,,,,,,,,,,
03-Oct-25,28-Oct-25,CYIENT,Non-Hld,1174.7,1300,1155.75,1.64,1444.25,22.95,0.85,44.48,-15.68,-9.35,-6.33,1278.73,1197.07,1115.41,,,,,,,,,,
03-Oct-25,28-Oct-25,DABUR,Non-Hld,496,500,478.1,3.75,521.9,5.23,0.7,33.43,-8.82,-3.93,-4.89,564.62,524.37,484.12,,,,,,,,,,
03-Oct-25,28-Oct-25,DALBHARAT,Non-Hld,2250,2400,2231.3,0.84,2568.7,14.17,0.74,37.18,-29.76,-7.04,-22.71,2522.28,2354.33,2186.38,,,,,,,,,,
03-Oct-25,28-Oct-25,DELHIVERY,Non-Hld,437.6,450,420.6,4.05,479.4,9.56,0.85,37.05,-5.73,-0.99,-4.74,491.28,462.39,433.49,,,,,,,,,,
03-Oct-25,28-Oct-25,DIVISLAB,Non-Hld,5851.5,6000,5712.2,2.44,6287.8,7.46,0.58,42.68,-109.5,-89.36,-20.14,6267.37,5965.48,5663.58,,,,,,,,,,
03-Oct-25,28-Oct-25,DIXON,Non-Hld,16597,18000,16366.2,1.42,19633.8,18.3,0.72,36.04,-110.72,145.65,-256.36,19005.26,17734.55,16463.84,,,,,,,,,,
03-Oct-25,28-Oct-25,DLF,Non-Hld,727.5,740,699.7,3.98,780.3,7.26,0.73,40.19,-12.86,-9.1,-3.75,799.88,751.67,703.47,,,,,,,,,,
03-Oct-25,28-Oct-25,DMART,Non-Hld,4420,4700,4306.6,2.64,5093.4,15.24,0.53,36.45,-24.55,18.11,-42.66,4846.35,4631.18,4416,,,,,,,,,,
03-Oct-25,28-Oct-25,DRREDDY,Non-Hld,1247.8,1300,1230.4,1.42,1369.6,9.77,0.66,42.95,-6.83,1.99,-8.82,1345.98,1284.42,1222.85,,,,,,,,,,
03-Oct-25,28-Oct-25,EICHERMOT,Non-Hld,6935,7000,6712.5,3.32,7287.5,5.09,0.67,65.36,210.82,247.56,-36.74,7126.85,6909.52,6692.2,,,,,,,,,,
03-Oct-25,28-Oct-25,ETERNAL,Non-Hld,328.2,320,295.95,10.9,344.05,4.83,0.63,53.41,3.26,4.94,-1.68,340.94,329.44,317.93,,,,,,,,,,
03-Oct-25,28-Oct-25,EXIDEIND,Non-Hld,398,400,380.15,4.7,419.85,5.49,0.71,46.42,-2.55,0.39,-2.94,435.67,409.19,382.7,,,,,,,,,,
03-Oct-25,28-Oct-25,FEDERALBNK,Non-Hld,192.25,200,189.7,1.35,210.3,9.39,0.64,43.72,-1.02,-0.9,-0.13,199.52,194.29,189.07,,,,,,,,,,
03-Oct-25,28-Oct-25,FORTIS,Non-Hld,980,1000,948.8,3.29,1051.2,7.27,0.83,60.13,13.77,14.69,-0.92,989.73,962.75,935.77,,,,,,,,,,
03-Oct-25,28-Oct-25,GAIL,Non-Hld,177.6,180,171.1,3.8,188.9,6.37,0.93,50.87,-0.27,0.02,-0.29,183.74,177.19,170.64,,,,,,,,,,
03-Oct-25,28-Oct-25,GLENMARK,Non-Hld,1977,2200,1980.7,-0.18,2419.3,22.38,0.79,44.84,-13.6,-0.71,-12.89,2161.52,2043.26,1924.99,,,,,,,,,,
03-Oct-25,28-Oct-25,GMRAIRPORT,Non-Hld,89.12,90,85.4,4.36,94.6,6.15,0.68,51.24,-0.07,0.07,-0.13,93.22,88.98,84.74,,,,,,,,,,
03-Oct-25,28-Oct-25,GODREJCP,Non-Hld,1148,1200,1124.5,2.09,1275.5,11.11,0.75,31.91,-21.93,-12.65,-9.28,1289.83,1214.6,1139.37,,,,,,,,,,
03-Oct-25,28-Oct-25,GODREJPROP,Non-Hld,2036.9,2000,1870,8.93,2130,4.58,0.62,50.32,-9.02,-8.52,-0.5,2135.18,2022.46,1909.75,,,,,,,,,,
03-Oct-25,28-Oct-25,GRASIM,Non-Hld,2799.3,2900,2759.9,1.43,3040.1,8.61,0.83,48.81,-4.63,2.74,-7.37,2883.26,2807.18,2731.1,,,,,,,,,,
03-Oct-25,28-Oct-25,HAL,Non-Hld,4871,5000,4721.05,3.18,5278.95,8.38,0.54,64.05,67.95,65.93,2.02,5023.43,4724.46,4425.49,,,,,,,,,,
03-Oct-25,28-Oct-25,HAVELLS,Non-Hld,1490,1600,1479.85,0.69,1720.15,15.45,0.64,32.31,-15.01,-2.33,-12.68,1637.82,1559.27,1480.72,,,,,,,,,,
03-Oct-25,28-Oct-25,HCLTECH,Non-Hld,1392.8,1400,1327.05,4.96,1472.95,5.76,0.61,35.76,-23.22,-17.88,-5.33,1494.52,1424.96,1355.41,,,,,,,,,,
03-Oct-25,28-Oct-25,HDFCAMC,Non-Hld,5595,5500,5195.7,7.69,5804.3,3.75,0.6,43.84,-10.35,25.75,-36.1,5944.12,5727.62,5511.13,,,,,,,,,,
03-Oct-25,28-Oct-25,HDFCBANK,Non-Hld,963.7,1000,956.15,0.79,1043.85,8.32,0.8,50.78,-4.82,-5.85,1.03,977.95,961.94,945.93,,,,,,,,,,
03-Oct-25,28-Oct-25,HDFCLIFE,Non-Hld,760,800,750.9,1.22,849.1,11.73,0.78,43.39,-3.13,-1.13,-2,789.39,769.56,749.72,,,,,,,,,,
03-Oct-25,28-Oct-25,HEROMOTOCO,Non-Hld,5545.5,5400,5085.15,9.06,5714.85,3.06,0.82,67.89,110.89,122.11,-11.22,5509.64,5371.58,5233.51,,,,,,,,,,
03-Oct-25,28-Oct-25,HFCL,Non-Hld,75.9,80,73.05,3.91,86.95,14.56,0.54,54.83,0.27,0.19,0.08,78.51,73.74,68.98,,,,,,,,,,
03-Oct-25,28-Oct-25,HINDALCO,Non-Hld,780,800,760.5,2.57,839.5,7.63,0.57,74.37,12.94,12.08,0.86,770.22,750.33,730.45,,,,,,,,,,
03-Oct-25,28-Oct-25,HINDPETRO,Non-Hld,445.2,440,411.7,8.14,468.3,5.19,0.86,73.32,11.88,8.05,3.84,449.75,412.96,376.16,,,,,,,,,,
03-Oct-25,28-Oct-25,HINDUNILVR,Non-Hld,2539,2600,2502,1.48,2698,6.27,0.64,46.79,-16.45,-9.23,-7.22,2657.84,2570.54,2483.23,,,,,,,,,,
03-Oct-25,28-Oct-25,HINDZINC,Non-Hld,492.3,500,466.65,5.5,533.35,8.34,0.45,67.71,11.17,8.2,2.98,488.59,457.6,426.6,,,,,,,,,,
03-Oct-25,28-Oct-25,HUDCO,Non-Hld,233.67,230,214.55,8.92,245.45,5.05,0.61,61.7,3.76,3.47,0.29,239.02,224.36,209.7,,,,,,,,,,
03-Oct-25,28-Oct-25,ICICIBANK,Non-Hld,1365,1400,1346.6,1.37,1453.4,6.48,0.89,36.69,-15.65,-12.12,-3.53,1440.22,1393.18,1346.15,,,,,,,,,,
03-Oct-25,28-Oct-25,ICICIGI,Non-Hld,1910.6,1900,1803.7,5.93,1996.3,4.49,0.71,55.7,3.34,-1.6,4.94,1921.29,1874.32,1827.34,,,,,,,,,,
03-Oct-25,28-Oct-25,ICICIPRULI,Non-Hld,602,620,584.3,3.03,655.7,8.93,1.11,48.57,-4.78,-5.41,0.63,609.76,598.78,587.8,,,,,,,,,,
03-Oct-25,28-Oct-25,IDEA,Non-Hld,8.84,10,8.2,7.81,11.8,33.49,0.74,65.69,0.4,0.37,0.03,9.05,8.02,6.99,,,,,,,,,,
03-Oct-25,28-Oct-25,IDFCFIRSTB,Non-Hld,69.15,70,66.15,4.54,73.85,6.8,0.88,40.39,-0.46,-0.17,-0.29,73.87,71.08,68.29,,,,,,,,,,
03-Oct-25,28-Oct-25,IEX,Holding,143.69,150,139.75,2.82,160.25,11.53,0.51,49.23,-1.57,-1.58,0.02,150.23,143.62,137.01,,,,,,,,,,
03-Oct-25,28-Oct-25,IGL,Non-Hld,209.5,210,198.35,5.63,221.65,5.8,0.59,49.25,-0.48,0.06,-0.55,217.97,210.59,203.22,,,,,,,,,,
03-Oct-25,28-Oct-25,IIFL,Non-Hld,458,470,437.7,4.64,502.3,9.68,0.67,55.09,-1.13,-3.39,2.27,460.98,443.76,426.53,,,,,,,,,,
03-Oct-25,28-Oct-25,INDHOTEL,Non-Hld,725,800,724.25,0.11,875.75,20.8,0.8,35.26,-12.78,-7.13,-5.65,809.2,758.2,707.21,,,,,,,,,,
03-Oct-25,28-Oct-25,INDIANB,Non-Hld,767.4,750,707.3,8.5,792.7,3.3,0.42,75.04,20.32,15.35,4.96,753.51,704.58,655.64,,,,,,,,,,
03-Oct-25,28-Oct-25,INDIGO,Holding,5652,5800,5554.85,1.75,6045.15,6.96,0.81,46.24,-44.15,-42.14,-2.01,5783.05,5679,5574.95,,,,,,,,,,
03-Oct-25,28-Oct-25,INDUSINDBK,Non-Hld,748,800,739.25,1.19,860.75,15.08,0.56,49.42,-8.74,-11.22,2.48,761.53,741.43,721.34,,,,,,,,,,
03-Oct-25,28-Oct-25,INDUSTOWER,Non-Hld,354.6,370,345.75,2.56,394.25,11.19,0.69,51.47,-0.09,-0.06,-0.03,364.87,352.32,339.77,,,,,,,,,,
03-Oct-25,28-Oct-25,INFY,Non-Hld,1445.5,1500,1405.5,2.85,1594.5,10.31,0.79,39.69,-12.84,-5.28,-7.55,1561.15,1488.7,1416.24,,,,,,,,,,
03-Oct-25,28-Oct-25,INOXWIND,Non-Hld,142.11,140,130.1,9.24,149.9,5.49,0.77,42.1,-1.9,-1.21,-0.69,155.44,146.35,137.26,,,,,,,,,,
03-Oct-25,28-Oct-25,IOC,Non-Hld,150.4,150,143.2,5.03,156.8,4.26,0.71,67.62,2.07,1.65,0.42,152.19,145.67,139.16,,,,,,,,,,
03-Oct-25,28-Oct-25,IRCTC,Holding,708.4,800,711.3,-0.4,888.7,25.46,0.85,41.32,-4.97,-3.34,-1.63,738.97,717.66,696.35,,,,,,,,,,
03-Oct-25,28-Oct-25,IREDA,Non-Hld,154.31,155,143.9,7.24,166.1,7.65,0.63,56.18,0.87,0.94,-0.07,160.09,151.08,142.07,,,,,,,,,,
03-Oct-25,28-Oct-25,IRFC,Non-Hld,126,130,121.95,3.33,138.05,9.57,0.68,50.04,-0.37,-0.25,-0.12,130.55,126.14,121.74,,,,,,,,,,
03-Oct-25,28-Oct-25,ITC,Non-Hld,404.6,410,398.1,1.64,421.9,4.28,0.61,45.84,-1.74,-1.39,-0.35,416.76,407.96,399.15,,,,,,,,,,
03-Oct-25,28-Oct-25,JINDALSTEL,Non-Hld,1077,1080,1024.65,5.11,1135.35,5.42,0.53,63.14,15.95,15.24,0.71,1071.4,1046.55,1021.7,,,,,,,,,,
03-Oct-25,28-Oct-25,JIOFIN,Non-Hld,302.6,300,284.65,6.31,315.35,4.22,0.89,40.48,-4.92,-3.78,-1.14,323.09,308.06,293.02,,,,,,,,,,
03-Oct-25,28-Oct-25,JSWENERGY,Non-Hld,540.9,550,519.4,4.14,580.6,7.34,0.61,57.74,3.97,3.7,0.27,553.22,529.17,505.13,,,,,,,,,,
03-Oct-25,28-Oct-25,JSWSTEEL,Non-Hld,1160.8,1200,1138.35,1.98,1261.65,8.69,1.17,70.17,21.52,19.93,1.59,1164.01,1120.29,1076.56,,,,,,,,,,
03-Oct-25,28-Oct-25,JUBLFOOD,Non-Hld,628.05,700,629.75,-0.26,770.25,22.65,0.82,48.96,-6.8,-6.61,-0.19,665.23,631.98,598.72,,,,,,,,,,
03-Oct-25,28-Oct-25,KALYANKJIL,Non-Hld,490.55,500,463.25,5.9,536.75,9.42,0.65,48.61,-15.05,-14.21,-0.83,536.37,492.2,448.02,,,,,,,,,,
03-Oct-25,28-Oct-25,KAYNES,Non-Hld,7285,7000,6408.6,13.68,7591.4,4.21,0.78,61,190.14,233.34,-43.2,7464.5,7173.92,6883.35,,,,,,,,,,
03-Oct-25,28-Oct-25,KEI,Non-Hld,4048.5,4200,3937.35,2.83,4462.65,10.23,0.44,48.81,24.51,45.4,-20.89,4208.56,4098.77,3988.99,,,,,,,,,,
03-Oct-25,28-Oct-25,KFINTECH,Holding,1068,1100,1014.55,5.27,1185.45,11,0.62,44.31,-11.4,-9.26,-2.14,1145.29,1092.94,1040.59,,,,,,,,,,
03-Oct-25,28-Oct-25,KOTAKBANK,Non-Hld,2108,2100,2014.2,4.66,2185.8,3.7,0.48,66.54,13.09,5.05,8.04,2090.39,2007.97,1925.55,,,,,,,,,,
03-Oct-25,28-Oct-25,KPITTECH,Non-Hld,1156,1200,1118.3,3.38,1281.7,10.88,0.55,39.66,-17.84,-3.13,-14.71,1335.67,1236.5,1137.34,,,,,,,,,,
03-Oct-25,28-Oct-25,LAURUSLABS,Non-Hld,869.9,900,838.2,3.79,961.8,10.57,1.08,46.47,-1.95,5.31,-7.27,940.51,888.84,837.16,,,,,,,,,,
03-Oct-25,28-Oct-25,LICHSGFIN,Non-Hld,579.5,600,572.1,1.3,627.9,8.36,0.72,54.84,1.56,1.51,0.06,593.8,571.83,549.86,,,,,,,,,,
03-Oct-25,28-Oct-25,LICI,Non-Hld,905.5,900,859.2,5.39,940.8,3.9,0.86,58.63,3.64,1.14,2.5,909.24,887.72,866.21,,,,,,,,,,
03-Oct-25,28-Oct-25,LODHA,Non-Hld,1112.2,1200,1098.5,1.25,1301.5,17.03,0.64,30.33,-25.19,-20.65,-4.54,1231.01,1175.19,1119.37,,,,,,,,,,
03-Oct-25,28-Oct-25,LT,Non-Hld,3742.9,3700,3556.2,5.25,3843.8,2.7,0.56,61.56,28.25,22.06,6.19,3764.21,3633.96,3503.71,,,,,,,,,,
03-Oct-25,28-Oct-25,LTF,Non-Hld,262.9,250,229.45,14.58,270.55,2.91,0.64,75.71,8.88,8.14,0.74,259.36,242.55,225.75,,,,,,,,,,
03-Oct-25,28-Oct-25,LTIM,Non-Hld,5117.5,6000,5994.5,-14.63,6005.5,17.36,0.74,42.76,-20.02,9.27,-29.28,5512.35,5257.6,5002.85,,,,,,,,,,
03-Oct-25,28-Oct-25,LUPIN,Non-Hld,1975,2000,1909.35,3.44,2090.65,5.86,0.51,50.42,-0.21,7.77,-7.98,2078.24,1988.78,1899.33,,,,,,,,,,
03-Oct-25,28-Oct-25,M%26M,Non-Hld,3460,3500,3327.7,3.98,3672.3,6.14,0.5,48.96,17.4,45.52,-28.12,3713.43,3554.3,3395.17,,,,,,,,,,
03-Oct-25,28-Oct-25,MANAPPURAM,Non-Hld,286.15,300,279.1,2.53,320.9,12.15,0.59,53.59,2.34,3.86,-1.52,298.01,288.09,278.18,,,,,,,,,,
03-Oct-25,28-Oct-25,MANKIND,Non-Hld,2456,2600,2385.9,2.94,2814.1,14.59,0.68,37.08,-24.9,-6.09,-18.81,2678.98,2550.7,2422.42,,,,,,,,,,
03-Oct-25,28-Oct-25,MARICO,Non-Hld,710,740,693.5,2.38,786.5,10.78,0.65,47.28,-5.77,-4,-1.77,743.49,717.12,690.75,,,,,,,,,,
03-Oct-25,28-Oct-25,MARUTI,Non-Hld,15808,17000,15820.05,-0.07,18179.95,15.01,0.54,62.5,470.3,550.79,-80.49,16527.37,15693.35,14859.33,,,,,,,,,,
03-Oct-25,28-Oct-25,MAXHEALTH,Non-Hld,1070,1200,1065.9,0.39,1334.1,24.69,0.74,26.65,-26.13,-20.65,-5.48,1206.69,1148.49,1090.28,,,,,,,,,,
03-Oct-25,28-Oct-25,MAZDOCK,Non-Hld,2886,3000,2777.15,3.92,3222.85,11.68,0.68,53.63,13.98,23.43,-9.45,3076.82,2857.47,2638.12,,,,,,,,,,
03-Oct-25,28-Oct-25,MCX,Holding,8171.5,8000,7434.9,9.91,8565.1,4.82,0.53,58.77,48.75,22.63,26.11,8207.66,7847.2,7486.74,,,,,,,,,,
03-Oct-25,28-Oct-25,MFSL,Non-Hld,1604.5,1600,1519.95,5.57,1680.05,4.71,0.75,55.15,0.7,-2.92,3.62,1621.56,1577.98,1534.4,,,,,,,,,,
03-Oct-25,28-Oct-25,MOTHERSON,Holding,106.66,115,105.05,1.54,124.95,17.15,0.46,57.22,2.19,2.6,-0.42,114.37,105.46,96.56,,,,,,,,,,
03-Oct-25,28-Oct-25,MPHASIS,Non-Hld,2737,2700,2534.2,8.01,2865.8,4.71,0.7,44.7,-38.96,-14.04,-24.91,3067.12,2828.94,2590.76,,,,,,,,,,
03-Oct-25,28-Oct-25,MUTHOOTFIN,Non-Hld,3172.8,3000,2772.5,14.44,3227.5,1.73,0.6,72.96,97.47,89.4,8.08,3171.48,2993.27,2815.06,,,,,,,,,,
03-Oct-25,28-Oct-25,NATIONALUM,Non-Hld,221.1,220,205.75,7.47,234.25,5.95,0.72,68.72,4.46,4.36,0.11,219.62,210.18,200.75,,,,,,,,,,
03-Oct-25,28-Oct-25,NAUKRI,Non-Hld,1334,1400,1307.2,2.06,1492.8,11.91,0.63,44.41,-11.35,-6.65,-4.7,1414.19,1358.61,1303.03,,,,,,,,,,
03-Oct-25,28-Oct-25,NBCC,Non-Hld,113.08,110,101.7,11.19,118.3,4.62,0.51,60.47,1.05,0.84,0.21,115.02,108.22,101.41,,,,,,,,,,
03-Oct-25,28-Oct-25,NCC,Non-Hld,210.23,210,197.45,6.48,222.55,5.87,0.79,48.9,-1.52,-1.57,0.04,217.89,209.88,201.87,,,,,,,,,,
03-Oct-25,28-Oct-25,NESTLEIND,Non-Hld,1170,1180,1137.3,2.88,1222.7,4.51,0.7,46.89,-3.97,1.15,-5.12,1233.47,1189.6,1145.73,,,,,,,,,,
03-Oct-25,28-Oct-25,NHPC,Non-Hld,87,90,84.35,3.15,95.65,9.95,0.49,59.14,1.19,1.12,0.07,91.44,84.7,77.95,,,,,,,,,,
03-Oct-25,28-Oct-25,NMDC,Non-Hld,77.17,80,75.35,2.42,84.65,9.7,0.51,61.3,1.11,1.28,-0.17,77.89,75.97,74.05,,,,,,,,,,
03-Oct-25,28-Oct-25,NTPC,Non-Hld,341.8,350,336.55,1.56,363.45,6.34,0.8,58.78,2.66,2.22,0.44,348.39,335.9,323.4,,,,,,,,,,
03-Oct-25,28-Oct-25,NUVAMA,Non-Hld,6726.5,7400,7349.85,-8.48,7450.15,10.76,0.61,60.84,-72.46,-136.45,63.99,6656.54,6346.38,6036.21,,,,,,,,,,
03-Oct-25,28-Oct-25,NYKAA,Non-Hld,238.62,250,233.1,2.37,266.9,11.86,0.46,56.35,2.09,3.28,-1.19,248.51,239.65,230.8,,,,,,,,,,
03-Oct-25,28-Oct-25,OBEROIRLTY,Non-Hld,1606,1700,1582.25,1.51,1817.75,13.19,0.61,44.16,-14.81,-11.67,-3.14,1679.36,1621.9,1564.45,,,,,,,,,,
03-Oct-25,28-Oct-25,OFSS,Non-Hld,8941,9000,8459,5.7,9541,6.72,0.46,55.09,13.87,48.99,-35.13,9490.25,8849.7,8209.15,,,,,,,,,,
03-Oct-25,28-Oct-25,OIL,Non-Hld,416,420,393.05,5.84,446.95,7.44,0.65,56.24,1.79,-0.48,2.27,420.02,403.38,386.75,,,,,,,,,,
03-Oct-25,28-Oct-25,ONGC,Non-Hld,243.78,250,239.8,1.66,260.2,6.74,0.89,66.23,1.61,0.7,0.91,243.45,236.49,229.53,,,,,,,,,,
03-Oct-25,28-Oct-25,PAGEIND,Non-Hld,42945,42000,39942.4,7.52,44057.6,2.6,0.67,45.68,-890.86,-786.86,-104,46043.78,43388.5,40733.22,,,,,,,,,,
03-Oct-25,28-Oct-25,PATANJALI,Non-Hld,585.05,600,564.7,3.61,635.3,8.59,1.17,45.12,-3.62,-1.71,-1.91,612.18,596.72,581.27,,,,,,,,,,
03-Oct-25,28-Oct-25,PAYTM,Non-Hld,1165,1200,1113.05,4.67,1286.95,10.47,0.84,48.29,-12.1,-2.14,-9.96,1280.23,1192.96,1105.68,,,,,,,,,,
03-Oct-25,28-Oct-25,PERSISTENT,Non-Hld,5072,5000,4632.1,9.5,5367.9,5.84,0.5,43.85,-101.01,-59.82,-41.2,5676.14,5222.41,4768.68,,,,,,,,,,
03-Oct-25,28-Oct-25,PETRONET,Non-Hld,277.85,270,253.2,9.74,286.8,3.23,0.54,52.77,-0.89,-1.44,0.55,283.13,275.97,268.82,,,,,,,,,,
03-Oct-25,28-Oct-25,PFC,Holding,413,420,399.15,3.47,440.85,6.75,0.65,58.04,2.47,1.48,0.99,416.72,403.88,391.05,,,,,,,,,,
03-Oct-25,28-Oct-25,PGEL,Non-Hld,514.55,600,509.9,0.92,690.1,34.12,0.74,32.64,-23.14,-21.38,-1.76,598.63,549.13,499.63,,,,,,,,,,
03-Oct-25,28-Oct-25,PHOENIXLTD,Non-Hld,1558.8,1600,1505.6,3.54,1694.4,8.7,0.88,50.35,8.46,15.91,-7.45,1647.42,1575.56,1503.7,,,,,,,,,,
03-Oct-25,28-Oct-25,PIDILITIND,Non-Hld,1485.8,1500,1444,2.9,1556,4.73,0.74,42.49,-14.47,-8.7,-5.77,1572.76,1515.93,1459.1,,,,,,,,,,
03-Oct-25,28-Oct-25,PIIND,Non-Hld,3621.1,3600,3433.6,5.47,3766.4,4.02,0.65,43.81,-70.69,-70.29,-0.4,3812.84,3651.14,3489.43,,,,,,,,,,
03-Oct-25,28-Oct-25,PNB,Non-Hld,114.3,115,109.05,4.82,120.95,5.82,1.11,64.07,1.74,1.46,0.28,116.24,109.68,103.12,,,,,,,,,,
03-Oct-25,28-Oct-25,PNBHOUSING,Non-Hld,890,900,833.75,6.75,966.25,8.57,0.6,59.73,13.85,8.64,5.21,917.82,849.87,781.92,,,,,,,,,,
03-Oct-25,28-Oct-25,POLICYBZR,Non-Hld,1701,1700,1585.7,7.28,1814.3,6.67,0.73,39.11,-35.45,-24.59,-10.86,1875.06,1770.52,1665.98,,,,,,,,,,
03-Oct-25,28-Oct-25,POLYCAB,Non-Hld,7385,7000,6467.6,14.19,7532.4,2,0.12,56.01,71.71,99.73,-28.02,7630.36,7364.18,7097.99,,,,,,,,,,
03-Oct-25,28-Oct-25,POWERGRID,Holding,288.65,300,284.2,1.57,315.8,9.41,0.58,55.97,-0.41,-0.26,-0.15,292.33,285.64,278.96,,,,,,,,,,
03-Oct-25,28-Oct-25,POWERINDIA,Non-Hld,18219,18000,16731.05,8.9,19268.95,5.77,0.42,37.84,-317.26,-193.89,-123.37,20364.52,19162.45,17960.38,,,,,,,,,,
03-Oct-25,28-Oct-25,PPLPHARMA,Non-Hld,198.23,210,193.9,2.24,226.1,14.06,0.95,51.6,-0.34,0.26,-0.6,208.94,199.21,189.47,,,,,,,,,,
03-Oct-25,28-Oct-25,PRESTIGE,Non-Hld,1534.3,1600,1493.25,2.75,1706.75,11.24,0.42,42.21,-19.67,-14.15,-5.52,1654.73,1566.18,1477.64,,,,,,,,,,
03-Oct-25,28-Oct-25,RBLBANK,Non-Hld,275.6,300,266.45,3.44,333.55,21.03,0.97,58.65,3.59,3.47,0.12,278.77,272.24,265.7,,,,,,,,,,
03-Oct-25,28-Oct-25,RECLTD,Non-Hld,380.5,380,360.1,5.67,399.9,5.1,0.78,53.92,0.19,0.11,0.07,389.36,376.62,363.89,,,,,,,,,,
03-Oct-25,28-Oct-25,RELIANCE,Non-Hld,1363.3,1400,1343.7,1.46,1456.3,6.83,0.45,39.57,-6.66,-3.97,-2.69,1416.47,1385.4,1354.34,,,,,,,,,,
03-Oct-25,28-Oct-25,RVNL,Non-Hld,347.2,400,338.55,2.56,461.45,32.91,0.5,52.85,1.75,2.41,-0.66,366.97,345.53,324.1,,,,,,,,,,
03-Oct-25,28-Oct-25,SAIL,Non-Hld,135.1,140,130.3,3.69,149.7,10.81,0.94,59.44,2.32,2.52,-0.2,138.24,133.15,128.05,,,,,,,,,,
03-Oct-25,28-Oct-25,SAMMAANCAP,Non-Hld,164.32,150,130.25,26.16,169.75,3.31,0.51,73.92,7.96,5.04,2.93,163.42,142.33,121.24,,,,,,,,,,
03-Oct-25,28-Oct-25,SBICARD,Non-Hld,899,900,847.45,6.09,952.55,5.96,0.4,62.53,13.13,12.69,0.44,925.06,866.26,807.45,,,,,,,,,,
03-Oct-25,28-Oct-25,SBILIFE,Non-Hld,1787,1800,1725.1,3.59,1874.9,4.92,0.61,41.9,-8.16,-4.86,-3.3,1850.39,1812.34,1774.29,,,,,,,,,,
03-Oct-25,28-Oct-25,SBIN,Non-Hld,867.7,880,848.95,2.21,911.05,5,0.74,64.63,14.03,12.7,1.32,891.58,845.23,798.87,,,,,,,,,,
03-Oct-25,28-Oct-25,SHREECEM,Non-Hld,29165,30000,28649.6,1.8,31350.4,7.5,0.8,41.92,-239.56,-215.35,-24.22,30394.75,29671.75,28948.75,,,,,,,,,,
03-Oct-25,28-Oct-25,SHRIRAMFIN,Non-Hld,647.75,650,609.45,6.29,690.55,6.61,0.44,61.81,4.85,1.89,2.95,649.66,619.5,589.34,,,,,,,,,,
03-Oct-25,28-Oct-25,SIEMENS,Holding,3168,3300,3105,2.03,3495,10.33,0.77,48.65,-5.76,10.08,-15.84,3356.94,3198.11,3039.28,,,,,,,,,,
03-Oct-25,28-Oct-25,SOLARINDS,Non-Hld,13845,15000,13603.25,1.78,16396.75,18.44,0.6,44.75,-228.44,-163.54,-64.9,14939.38,14102.6,13265.82,,,,,,,,,,
03-Oct-25,28-Oct-25,SONACOMS,Non-Hld,421.4,420,392.5,7.37,447.5,6.2,0.76,43.2,-9.65,-8.99,-0.65,457.06,428.16,399.27,,,,,,,,,,
03-Oct-25,28-Oct-25,SRF,Non-Hld,2918,3000,2845.8,2.54,3154.2,8.1,1.17,51.58,-19.84,-19.33,-0.5,3015.88,2909.5,2803.12,,,,,,,,,,
03-Oct-25,28-Oct-25,SUNPHARMA,Non-Hld,1632,1600,1525.35,7,1674.65,2.62,1.11,53.71,-0.26,-1.76,1.5,1658.54,1614.54,1570.53,,,,,,,,,,
03-Oct-25,28-Oct-25,SUPREMEIND,Non-Hld,4200,4500,4140.1,1.45,4859.9,15.72,0.68,38.57,-62.28,-32.89,-29.39,4625.32,4373.11,4120.9,,,,,,,,,,
03-Oct-25,28-Oct-25,SUZLON,Non-Hld,54.62,56,52.25,4.54,59.75,9.4,0.59,31.72,-1.18,-0.9,-0.28,60.74,57.39,54.05,,,,,,,,,,
03-Oct-25,28-Oct-25,SYNGENE,Non-Hld,633.45,640,605.9,4.55,674.1,6.42,0.98,45.75,-8.3,-6.4,-1.91,678.23,645.68,613.13,,,,,,,,,,
03-Oct-25,28-Oct-25,TATACONSUM,Non-Hld,1138.5,1150,1096.85,3.8,1203.15,5.68,0.47,60.2,13.77,12.9,0.87,1159.15,1115.7,1072.25,,,,,,,,,,
03-Oct-25,28-Oct-25,TATAELXSI,Non-Hld,5350,6000,5212.15,2.65,6787.85,26.88,0.62,39.55,-102.39,-73.45,-28.93,5911.75,5543.18,5174.6,,,,,,,,,,
03-Oct-25,28-Oct-25,TATAPOWER,Non-Hld,395,400,383.8,2.92,416.2,5.37,0.95,57.09,0.84,0.64,0.2,398.49,389.82,381.14,,,,,,,,,,
03-Oct-25,28-Oct-25,TATASTEEL,Non-Hld,173.29,175,166.7,3.96,183.3,5.78,0.75,61.68,1.96,2.42,-0.46,174.06,170.3,166.54,,,,,,,,,,
03-Oct-25,28-Oct-25,TATATECH,Non-Hld,707,700,662.9,6.66,737.1,4.26,0.65,56.84,-0.36,0.64,-1,728.77,694.63,660.49,,,,,,,,,,
03-Oct-25,28-Oct-25,TCS,Non-Hld,2903,3000,2842.5,2.13,3157.5,8.77,0.78,31.64,-53.8,-31.84,-21.96,3231.01,3033.15,2835.3,,,,,,,,,,
03-Oct-25,28-Oct-25,TECHM,Non-Hld,1398,1500,1380.9,1.24,1619.1,15.82,0.96,32.77,-27.05,-15.28,-11.76,1569.82,1465.74,1361.67,,,,,,,,,,
03-Oct-25,28-Oct-25,TIINDIA,Non-Hld,3130,3200,2999.75,4.35,3400.25,8.64,0.48,47.4,11.09,43.77,-32.68,3463.46,3222.21,2980.95,,,,,,,,,,
03-Oct-25,28-Oct-25,TITAGARH,Non-Hld,890.95,900,839.45,6.14,960.55,7.82,0.57,48.94,4.11,10.61,-6.5,970.66,904.84,839.01,,,,,,,,,,
03-Oct-25,28-Oct-25,TITAN,Non-Hld,3450,3400,3238.3,6.54,3561.7,3.24,0.68,46.24,-44.6,-34.52,-10.08,3697.1,3498.66,3300.21,,,,,,,,,,
03-Oct-25,28-Oct-25,TMPV,Non-Hld,715.85,800,716.3,-0.06,883.7,23.45,0.7,58.77,2.06,2.07,-0.01,735.81,701.29,666.77,,,,,,,,,,
03-Oct-25,28-Oct-25,TORNTPHARM,Non-Hld,3513.9,3600,3457.35,1.64,3742.65,6.51,0.51,41.63,-6.86,-0.23,-6.63,3664.8,3583.75,3502.7,,,,,,,,,,
03-Oct-25,28-Oct-25,TORNTPOWER,Non-Hld,1219,1300,1202.35,1.39,1397.65,14.66,0.66,36.11,-19.28,-16.21,-3.07,1294.81,1254.48,1214.15,,,,,,,,,,
03-Oct-25,28-Oct-25,TRENT,Non-Hld,4817.8,5000,4658.2,3.43,5341.8,10.88,0.65,36.6,-154.81,-133.3,-21.51,5481.04,5026.71,4572.38,,,,,,,,,,
03-Oct-25,28-Oct-25,TVSMOTOR,Non-Hld,3447.6,3500,3307.4,4.24,3692.6,7.11,0.65,57.72,47.7,71.97,-24.27,3584.32,3489.68,3395.05,,,,,,,,,,
03-Oct-25,28-Oct-25,ULTRACEMCO,Non-Hld,12018,13000,12011.8,0.06,13988.2,16.4,0.63,37.62,-117.31,-63.51,-53.8,12840.5,12389.9,11939.3,,,,,,,,,,
03-Oct-25,28-Oct-25,UNIONBANK,Non-Hld,137.7,140,131.2,4.96,148.8,8.07,0.66,55.2,1.43,1.22,0.2,143.31,135.35,127.39,,,,,,,,,,
03-Oct-25,28-Oct-25,UNITDSPR,Non-Hld,1364,1520,1341.6,1.67,1698.4,24.52,0.63,60.01,4.01,0.78,3.23,1359.74,1323.59,1287.44,,,,,,,,,,
03-Oct-25,28-Oct-25,UNOMINDA,Non-Hld,1315.5,1320,1249.75,5.27,1390.25,5.69,0.82,59.08,21.01,26.34,-5.33,1334.33,1301.07,1267.81,,,,,,,,,,
03-Oct-25,28-Oct-25,UPL,Non-Hld,676,700,661.65,2.17,738.35,9.23,0.67,45.05,-10.86,-8.33,-2.53,720.12,684,647.89,,,,,,,,,,
03-Oct-25,28-Oct-25,VBL,Non-Hld,443.45,500,443.1,0.08,556.9,25.59,0.66,32.39,-12.33,-10.63,-1.7,486.3,462.28,438.25,,,,,,,,,,
03-Oct-25,28-Oct-25,VEDL,Non-Hld,471.5,500,461.95,2.07,538.05,14.12,0.74,63.86,8.07,7.14,0.92,473.73,452.28,430.83,,,,,,,,,,
03-Oct-25,28-Oct-25,VOLTAS,Non-Hld,1360,1400,1314.75,3.45,1485.25,9.21,0.83,45.66,-4.52,2.85,-7.37,1445.37,1391.11,1336.85,,,,,,,,,,
03-Oct-25,28-Oct-25,WIPRO,Non-Hld,241.2,250,233.35,3.37,266.65,10.56,0.85,41.17,-2.6,-1.36,-1.23,260.53,247.63,234.73,,,,,,,,,,
03-Oct-25,28-Oct-25,YESBANK,Non-Hld,21.84,22,20.6,6.02,23.4,7.15,0.5,70.33,0.45,0.43,0.02,21.85,21.05,20.25,,,,,,,,,,
03-Oct-25,28-Oct-25,ZYDUSLIFE,Non-Hld,988.55,1100,994.3,-0.57,1205.7,21.97,0.81,43.05,-2.21,5.68,-7.9,1068.62,1022.08,975.54,,,,,,,,,,
06-Oct-25,28-Oct-25,360ONE,Non-Hld,1059.5,1100,1033.15,2.56,1166.85,10.14,0.79,52.79,-7.39,-8.52,1.13,1110.1,1053.25,996.4,,,,,,,,,,
06-Oct-25,28-Oct-25,ABB,Holding,5233,5200,4947.8,5.77,5452.2,4.19,0.61,48.1,-8.58,0.8,-9.37,5446.85,5253.99,5061.13,,,,,,,,,,
06-Oct-25,28-Oct-25,ABCAPITAL,Non-Hld,304.75,300,281.7,8.19,318.3,4.45,0.91,64.94,4.94,3.77,1.17,302.53,290.97,279.41,,,,,,,,,,
06-Oct-25,28-Oct-25,ADANIENSOL,Non-Hld,927.75,1000,906.35,2.37,1093.65,17.89,0.52,67.84,26.86,22.12,4.74,953.48,862.44,771.41,,,,,,,,,,
06-Oct-25,28-Oct-25,ADANIENT,Non-Hld,2573,2600,2452.1,4.94,2747.9,6.8,0.58,60.89,57.31,50.77,6.54,2707.38,2484.08,2260.78,,,,,,,,,,
06-Oct-25,28-Oct-25,ADANIGREEN,Non-Hld,1059.2,1200,1049.35,0.94,1350.65,27.52,0.74,57.49,26.51,25.97,0.54,1144.93,1026.42,907.9,,,,,,,,,,
06-Oct-25,28-Oct-25,ADANIPORTS,Non-Hld,1400.8,1400,1338.9,4.63,1461.1,4.31,0.65,51.82,11.68,13.29,-1.61,1449.25,1405.01,1360.77,,,,,,,,,,
06-Oct-25,28-Oct-25,ALKEM,Non-Hld,5500,5600,5359.55,2.63,5840.45,6.19,0.87,58.42,48.27,63.71,-15.44,5594.26,5455.7,5317.14,,,,,,,,,,
06-Oct-25,28-Oct-25,AMBER,Non-Hld,8175,8500,7914.35,3.3,9085.65,11.14,0.91,56.03,158.14,190.78,-32.63,8598.28,8138.95,7679.62,,,,,,,,,,
06-Oct-25,28-Oct-25,AMBUJACEM,Non-Hld,573.5,600,565.85,1.36,634.15,10.58,0.73,48.61,-1.43,-1.45,0.02,591.74,573.79,555.85,,,,,,,,,,
06-Oct-25,28-Oct-25,ANGELONE,Non-Hld,2259.3,2300,2109.9,7.09,2490.1,10.22,0.66,49.01,-60.23,-74.33,14.11,2353.96,2231.1,2108.24,,,,,,,,,,
06-Oct-25,28-Oct-25,APLAPOLLO,Non-Hld,1738,1700,1602.55,8.46,1797.45,3.43,0.71,64.85,18.22,14.15,4.07,1735.6,1696.13,1656.66,,,,,,,,,,
06-Oct-25,28-Oct-25,APOLLOHOSP,Non-Hld,7636,7700,7450.75,2.49,7949.25,4.11,0.74,51.21,-50.74,-17.42,-33.32,8044.04,7705.75,7367.46,,,,,,,,,,
06-Oct-25,28-Oct-25,ASHOKLEY,Non-Hld,138.05,145,135.45,1.92,154.55,11.96,0.57,52.64,2.86,3.35,-0.49,145.27,138.54,131.82,,,,,,,,,,
06-Oct-25,28-Oct-25,ASIANPAINT,Non-Hld,2355.1,2500,2349.75,0.23,2650.25,12.54,0.78,33.31,-42.5,-27.75,-14.76,2604.67,2451.29,2297.9,,,,,,,,,,
06-Oct-25,28-Oct-25,ASTRAL,Non-Hld,1389,1500,1375.05,1.02,1624.95,16.99,0.66,41.37,-12.03,-4.04,-7.98,1501.16,1427.08,1353,,,,,,,,,,
06-Oct-25,28-Oct-25,AUBANK,Non-Hld,764.4,720,663,15.3,777,1.65,0.88,63.85,4.46,-0.29,4.75,756.69,722.91,689.12,,,,,,,,,,
06-Oct-25,28-Oct-25,AUROPHARMA,Non-Hld,1097.5,1100,1045,5.03,1155,5.24,0.67,54.07,5.37,6.17,-0.8,1136.86,1091.4,1045.93,,,,,,,,,,
06-Oct-25,28-Oct-25,AXISBANK,Non-Hld,1208,1160,1090,10.83,1230,1.83,0.94,74.58,25.22,19.11,6.11,1211.83,1130.14,1048.45,,,,,,,,,,
06-Oct-25,28-Oct-25,BAJAJ-AUTO,Non-Hld,8799,9000,8562.6,2.77,9437.4,7.26,0.54,48.22,-24.48,30.11,-54.59,9416.35,8965.9,8515.45,,,,,,,,,,
06-Oct-25,28-Oct-25,BAJAJFINSV,Non-Hld,2031.1,1800,1798.25,12.95,1801.75,-11.29,0.94,52.81,6.08,13.96,-7.89,2101.99,2043.96,1985.92,,,,,,,,,,
06-Oct-25,28-Oct-25,BAJFINANCE,Non-Hld,1010,1000,949.4,6.39,1050.6,4.02,0.72,61.54,19.31,23.04,-3.73,1037.74,993.98,950.21,,,,,,,,,,
06-Oct-25,28-Oct-25,BANDHANBNK,Non-Hld,165.21,170,158.55,4.21,181.45,9.83,0.92,51.63,-0.93,-1.51,0.58,169.5,163.2,156.9,,,,,,,,,,
06-Oct-25,28-Oct-25,BANKBARODA,Non-Hld,265.9,270,256.5,3.67,283.5,6.62,0.73,75.61,5.96,4.08,1.87,267.58,248.61,229.64,,,,,,,,,,
06-Oct-25,28-Oct-25,BANKINDIA,Non-Hld,125.81,125,117.7,6.9,132.3,5.16,0.59,69.2,2.55,1.92,0.63,126.5,119.55,112.6,,,,,,,,,,
06-Oct-25,28-Oct-25,BDL,Non-Hld,1558.3,1600,1490.4,4.56,1709.6,9.71,0.83,51.75,-1.32,-1.44,0.12,1671.07,1548.89,1426.71,,,,,,,,,,
06-Oct-25,28-Oct-25,BEL,Holding,413.05,410,389.05,6.17,430.95,4.34,0.68,63.83,6.44,5.51,0.92,423.07,399.52,375.96,,,,,,,,,,
06-Oct-25,28-Oct-25,BHARATFORG,Non-Hld,1236,1220,1155.15,7,1284.85,3.96,0.75,56.54,9.95,12.31,-2.36,1282.16,1226.74,1171.32,,,,,,,,,,
06-Oct-25,28-Oct-25,BHARTIARTL,Non-Hld,1901.9,1900,1839.05,3.42,1960.95,3.11,0.71,47.97,-3.21,1.79,-5,1966.97,1915.17,1863.37,,,,,,,,,,
06-Oct-25,28-Oct-25,BHEL,Non-Hld,245,240,224.9,8.94,255.1,4.13,0.59,67.52,4.51,3.08,1.43,249.19,232.99,216.78,,,,,,,,,,
06-Oct-25,28-Oct-25,BIOCON,Non-Hld,347.55,350,333.25,4.3,366.75,5.53,0.79,43.16,-4.42,-3.44,-0.98,375.2,356.78,338.35,,,,,,,,,,
06-Oct-25,28-Oct-25,BLUESTARCO,Non-Hld,1896,2000,1981,-4.29,2019,6.49,0.8,48.1,4.55,14.6,-10.05,1983.71,1913.98,1844.25,,,,,,,,,,
06-Oct-25,28-Oct-25,BOSCHLTD,Non-Hld,38900,40000,38230.2,1.76,41769.8,7.38,0.67,45.32,-317.33,-159.82,-157.51,41531.93,39492.25,37452.57,,,,,,,,,,
06-Oct-25,28-Oct-25,BPCL,Non-Hld,342.5,335,315,8.74,355,3.65,0.78,70.13,5.78,3.74,2.04,345.34,327.2,309.05,,,,,,,,,,
06-Oct-25,28-Oct-25,BRITANNIA,Non-Hld,6022,6000,5762.65,4.51,6237.35,3.58,0.61,54.3,33.12,58.95,-25.83,6298.02,6070.58,5843.13,,,,,,,,,,
06-Oct-25,28-Oct-25,BSE,Holding,2216.5,2100,1877.35,18.07,2322.65,4.79,0.58,52.8,-54.37,-64.62,10.25,2346.4,2165.95,1985.49,,,,,,,,,,
06-Oct-25,28-Oct-25,CAMS,Holding,3843.9,3800,3582.8,7.29,4017.2,4.51,0.54,46.12,-16.8,-2.18,-14.61,4077.93,3889.7,3701.46,,,,,,,,,,
06-Oct-25,28-Oct-25,CANBK,Non-Hld,126.6,130,122.35,3.48,137.65,8.73,0.51,72.72,4.07,3.22,0.84,128.89,117.44,105.99,,,,,,,,,,
06-Oct-25,28-Oct-25,CDSL,Holding,1527.8,1500,1412.35,8.18,1587.65,3.92,0.64,50.31,-15.99,-13.35,-2.64,1605.37,1528.88,1452.39,,,,,,,,,,
06-Oct-25,28-Oct-25,CGPOWER,Holding,745.95,840,837.1,-10.88,842.9,13,0.49,50.35,6.98,13.88,-6.89,803.89,764.93,725.97,,,,,,,,,,
06-Oct-25,28-Oct-25,CHOLAFIN,Non-Hld,1646.8,1500,1363.1,20.82,1636.9,-0.6,0.52,61.85,28.16,26.98,1.18,1664.35,1572.14,1479.92,,,,,,,,,,
06-Oct-25,28-Oct-25,CIPLA,Non-Hld,1514,1600,1517.75,-0.24,1682.25,11.12,0.75,43.2,-12.3,-7.9,-4.4,1592.19,1538.22,1484.25,,,,,,,,,,
06-Oct-25,28-Oct-25,COALINDIA,Holding,382.3,400,381.05,0.33,418.95,9.59,0.6,39.99,0.57,2.42,-1.85,399.85,391.39,382.93,,,,,,,,,,
06-Oct-25,28-Oct-25,COFORGE,Non-Hld,1657.7,1700,1572.2,5.44,1827.8,10.27,0.6,48.19,-33.86,-26.37,-7.49,1862.9,1688.28,1513.65,,,,,,,,,,
06-Oct-25,28-Oct-25,COLPAL,Non-Hld,2232.3,2300,2188,2.03,2412,8.05,0.75,37.41,-30.89,-15.91,-14.98,2448.02,2314.58,2181.15,,,,,,,,,,
06-Oct-25,28-Oct-25,CONCOR,Non-Hld,532.5,530,503.45,5.78,556.55,4.52,0.67,41.47,-6.81,-5.9,-0.91,568.66,542.54,516.42,,,,,,,,,,
06-Oct-25,28-Oct-25,CROMPTON,Non-Hld,289.2,300,282.15,2.5,317.85,9.91,0.62,26.11,-8.72,-7.26,-1.46,329.38,306.82,284.26,,,,,,,,,,
06-Oct-25,28-Oct-25,CUMMINSIND,Non-Hld,3950,4000,3819.55,3.42,4180.45,5.84,0.64,50.59,18.57,44.68,-26.11,4139.26,4004.64,3870.01,,,,,,,,,,
06-Oct-25,28-Oct-25,CYIENT,Non-Hld,1180,1300,1289.8,-8.51,1310.2,11.04,0.76,47.18,-14.16,-10.31,-3.85,1278.58,1197.82,1117.07,,,,,,,,,,
06-Oct-25,28-Oct-25,DABUR,Non-Hld,493.75,500,478.55,3.18,521.45,5.62,0.73,32.04,-9.37,-5.02,-4.36,562.74,521.7,480.66,,,,,,,,,,
06-Oct-25,28-Oct-25,DALBHARAT,Non-Hld,2250,2400,2385.8,-5.69,2414.2,7.3,0.75,36.84,-30.83,-11.8,-19.03,2518,2346.38,2174.75,,,,,,,,,,
06-Oct-25,28-Oct-25,DELHIVERY,Non-Hld,461.8,500,458.4,0.75,541.6,17.29,0.7,52.29,-4.47,-1.68,-2.78,490.83,462.08,433.33,,,,,,,,,,
06-Oct-25,28-Oct-25,DIVISLAB,Non-Hld,5816,6000,5705.7,1.94,6294.3,8.23,0.7,40.78,-105.16,-92.52,-12.65,6263.41,5956.35,5649.29,,,,,,,,,,
06-Oct-25,28-Oct-25,DIXON,Non-Hld,17026,17000,15947.35,6.77,18052.65,6.03,0.65,45.01,-119.79,92.56,-212.35,18998.81,17694.25,16389.69,,,,,,,,,,
06-Oct-25,28-Oct-25,DLF,Non-Hld,735.95,740,701.95,4.85,778.05,5.73,0.69,43.33,-12.05,-9.69,-2.36,799.35,750.66,701.97,,,,,,,,,,
06-Oct-25,28-Oct-25,DMART,Non-Hld,4300,4700,4248.35,1.22,5151.65,19.81,0.51,30.4,-42.9,5.91,-48.81,4852.25,4606.59,4360.93,,,,,,,,,,
06-Oct-25,28-Oct-25,DRREDDY,Non-Hld,1249.8,1300,1236.05,1.12,1363.95,9.14,0.71,43.11,-7.67,0.06,-7.73,1346.6,1283.44,1220.28,,,,,,,,,,
06-Oct-25,28-Oct-25,EICHERMOT,Non-Hld,6876,7000,6715.9,2.39,7284.1,5.94,0.66,60.37,190.33,236.11,-45.78,7082.16,6924.5,6766.84,,,,,,,,,,
06-Oct-25,28-Oct-25,ETERNAL,Non-Hld,335.6,320,294.35,14.02,345.65,3,0.62,59.24,3.51,4.65,-1.14,341.5,329.73,317.97,,,,,,,,,,
06-Oct-25,28-Oct-25,EXIDEIND,Non-Hld,400.15,400,381.15,4.99,418.85,4.68,0.64,48.14,-2.34,-0.16,-2.18,435.28,408.54,381.81,,,,,,,,,,
06-Oct-25,28-Oct-25,FEDERALBNK,Non-Hld,193.75,200,189.8,2.09,210.2,8.5,0.64,47.46,-0.94,-0.9,-0.03,199.39,194.45,189.51,,,,,,,,,,
06-Oct-25,28-Oct-25,FORTIS,Non-Hld,1051.15,1100,1033.25,1.74,1166.75,11,0.79,73.55,19.76,15.7,4.06,1015.3,968.05,920.8,,,,,,,,,,
06-Oct-25,28-Oct-25,GAIL,Non-Hld,176.74,180,170.9,3.42,189.1,7,0.88,49.36,-0.26,-0.04,-0.22,183.71,177.32,170.93,,,,,,,,,,
06-Oct-25,28-Oct-25,GLENMARK,Non-Hld,1971.8,2200,2194.5,-10.14,2205.5,11.86,0.83,43.57,-14.77,-3.52,-11.25,2161.81,2039.47,1917.14,,,,,,,,,,
06-Oct-25,28-Oct-25,GMRAIRPORT,Non-Hld,88.61,95,87.85,0.87,102.15,15.29,0.64,48.78,-0.08,0.04,-0.12,93.13,89.12,85.11,,,,,,,,,,
06-Oct-25,28-Oct-25,GODREJCP,Non-Hld,1149.8,1200,1128.2,1.92,1271.8,10.62,0.77,31.64,-23.39,-14.8,-8.59,1290.59,1210.41,1130.22,,,,,,,,,,
06-Oct-25,28-Oct-25,GODREJPROP,Non-Hld,2055,2000,1866.7,10.09,2133.3,3.82,0.55,53.13,-5.47,-7.91,2.44,2137.25,2027.2,1917.15,,,,,,,,,,
06-Oct-25,28-Oct-25,GRASIM,Non-Hld,2801.4,2900,2777.9,0.85,3022.1,7.88,0.78,52.14,-3.1,1.58,-4.67,2883.42,2807.35,2731.28,,,,,,,,,,
06-Oct-25,28-Oct-25,HAL,Non-Hld,4844.8,5000,4716.55,2.72,5283.45,9.06,0.57,61.5,68.89,66.52,2.37,5010.91,4746.48,4482.05,,,,,,,,,,
06-Oct-25,28-Oct-25,HAVELLS,Non-Hld,1498.6,1600,1485.25,0.9,1714.75,14.43,0.61,36.22,-16.33,-5.13,-11.2,1637.18,1555.03,1472.88,,,,,,,,,,
06-Oct-25,28-Oct-25,HCLTECH,Non-Hld,1416.9,1500,1397.45,1.4,1602.55,13.11,0.57,43.81,-21.42,-18.59,-2.83,1494.52,1424.9,1355.28,,,,,,,,,,
06-Oct-25,28-Oct-25,HDFCAMC,Non-Hld,5668,5800,5510.4,2.87,6089.6,7.44,0.55,48.91,-10.25,18.55,-28.8,5939.1,5732.05,5525,,,,,,,,,,
06-Oct-25,28-Oct-25,HDFCBANK,Non-Hld,973.9,1000,961.55,1.29,1038.45,6.63,0.75,56.63,-3.31,-5.34,2.03,979.21,962.44,945.67,,,,,,,,,,
06-Oct-25,28-Oct-25,HDFCLIFE,Non-Hld,763.3,800,754.85,1.12,845.15,10.73,0.77,46.07,-3.15,-1.53,-1.62,789.27,769.73,750.19,,,,,,,,,,
06-Oct-25,28-Oct-25,HEROMOTOCO,Non-Hld,5582.5,5400,5081.95,9.85,5718.05,2.43,0.79,69.12,117.75,121.24,-3.49,5547.98,5382.5,5217.02,,,,,,,,,,
06-Oct-25,28-Oct-25,HFCL,Non-Hld,74.36,75,69.1,7.62,80.9,8.8,0.51,50.98,0.26,0.2,0.06,78.38,73.98,69.58,,,,,,,,,,
06-Oct-25,28-Oct-25,HINDALCO,Non-Hld,776.5,800,760.45,2.12,839.55,8.12,0.59,71.12,13.69,12.4,1.29,774.68,751.98,729.28,,,,,,,,,,
06-Oct-25,28-Oct-25,HINDPETRO,Non-Hld,452.65,440,410.3,10.33,469.7,3.77,0.81,76.72,13.36,9.11,4.25,455.38,416.59,377.8,,,,,,,,,,
06-Oct-25,28-Oct-25,HINDUNILVR,Non-Hld,2541,2600,2501.95,1.57,2698.05,6.19,0.66,46.23,-15.48,-10.48,-5,2649.1,2565.96,2482.81,,,,,,,,,,
06-Oct-25,28-Oct-25,HINDZINC,Non-Hld,491,500,466.95,5.16,533.05,8.57,0.46,67.71,12.25,9.01,3.24,493.38,460.17,426.95,,,,,,,,,,
06-Oct-25,28-Oct-25,HUDCO,Non-Hld,231.5,230,215.6,7.38,244.4,5.58,0.56,58.02,3.79,3.53,0.26,239.35,225.19,211.02,,,,,,,,,,
06-Oct-25,28-Oct-25,ICICIBANK,Non-Hld,1363.9,1400,1344.35,1.46,1455.65,6.73,0.88,36.08,-15.59,-12.82,-2.78,1439.75,1391.22,1342.68,,,,,,,,,,
06-Oct-25,28-Oct-25,ICICIGI,Non-Hld,1920.1,1900,1801.15,6.61,1998.85,4.11,0.72,58.68,5.76,-0.13,5.88,1925.75,1878.57,1831.39,,,,,,,,,,
06-Oct-25,28-Oct-25,ICICIPRULI,Non-Hld,601.1,620,584.4,2.86,655.6,9.07,0.99,48.06,-4.21,-5.17,0.96,609.93,598.97,588.01,,,,,,,,,,
06-Oct-25,28-Oct-25,IDEA,Non-Hld,8.47,9,7.55,12.19,10.45,23.38,0.7,58.92,0.38,0.37,0.01,9.06,8.08,7.1,,,,,,,,,,
06-Oct-25,28-Oct-25,IDFCFIRSTB,Non-Hld,71.11,70,65.9,7.91,74.1,4.21,0.91,53.43,-0.33,-0.2,-0.13,73.71,71,68.3,,,,,,,,,,
06-Oct-25,28-Oct-25,IEX,Holding,142.8,150,139.8,2.15,160.2,12.19,0.64,47,-1.42,-1.55,0.13,150.24,143.65,137.07,,,,,,,,,,
06-Oct-25,28-Oct-25,IGL,Non-Hld,207.95,210,198.75,4.63,221.25,6.4,0.55,47.4,-0.52,-0.05,-0.46,217.86,210.42,202.98,,,,,,,,,,
06-Oct-25,28-Oct-25,IIFL,Non-Hld,471.8,470,438.35,7.64,501.65,6.33,0.75,60.01,0.86,-2.54,3.4,465.53,445.48,425.43,,,,,,,,,,
06-Oct-25,28-Oct-25,INDHOTEL,Non-Hld,723.55,800,724.05,-0.06,875.95,21.07,0.78,34.93,-13.1,-8.33,-4.77,808.18,755.64,703.11,,,,,,,,,,
06-Oct-25,28-Oct-25,INDIANB,Non-Hld,757.95,750,708.85,6.93,791.15,4.39,0.41,70.73,21.66,16.61,5.04,759.79,709.27,658.74,,,,,,,,,,
06-Oct-25,28-Oct-25,INDIGO,Holding,5696.5,5800,5567.15,2.33,6032.85,5.91,0.51,48.91,-38.49,-41.41,2.92,5784.4,5680.22,5576.05,,,,,,,,,,
06-Oct-25,28-Oct-25,INDUSINDBK,Non-Hld,741.3,750,708.8,4.59,791.2,6.74,0.53,46.29,-8.09,-10.59,2.5,759.33,740.54,721.76,,,,,,,,,,
06-Oct-25,28-Oct-25,INDUSTOWER,Non-Hld,352.8,360,338.25,4.31,381.75,8.21,0.69,51.98,0.1,-0.03,0.13,363.65,353.13,342.61,,,,,,,,,,
06-Oct-25,28-Oct-25,INFY,Non-Hld,1474.9,1500,1417.65,4.04,1582.35,7.29,0.7,48.14,-11.43,-6.51,-4.92,1560.15,1490.26,1420.38,,,,,,,,,,
06-Oct-25,28-Oct-25,INOXWIND,Non-Hld,139.6,140,130.4,7.06,149.6,7.17,0.78,39.06,-2.07,-1.38,-0.7,155.61,146.03,136.44,,,,,,,,,,
06-Oct-25,28-Oct-25,IOC,Non-Hld,154.65,150,141.85,9.03,158.15,2.27,0.66,75.46,2.49,1.82,0.67,153.48,146.43,139.39,,,,,,,,,,
06-Oct-25,28-Oct-25,IRCTC,Holding,710.05,800,708.3,0.25,891.7,25.59,0.77,44.08,-4.73,-3.62,-1.11,738.97,717.47,695.97,,,,,,,,,,
06-Oct-25,28-Oct-25,IREDA,Non-Hld,151.35,155,143.4,5.55,166.6,10.08,0.64,50.8,0.78,0.91,-0.13,160,151.36,142.72,,,,,,,,,,
06-Oct-25,28-Oct-25,IRFC,Non-Hld,125.5,130,122.05,2.83,137.95,9.93,0.66,48.25,-0.36,-0.27,-0.09,130.48,126.23,121.98,,,,,,,,,,
06-Oct-25,28-Oct-25,ITC,Non-Hld,401.1,410,397.1,1.01,422.9,5.44,0.57,41.88,-2,-1.51,-0.49,416.97,407.62,398.28,,,,,,,,,,
06-Oct-25,28-Oct-25,JINDALSTEL,Non-Hld,1050.7,1100,1034.8,1.54,1165.2,10.9,0.57,55.84,15.07,15.21,-0.14,1072.16,1047.6,1023.04,,,,,,,,,,
06-Oct-25,28-Oct-25,JIOFIN,Non-Hld,306.1,300,283.6,7.94,316.4,3.37,0.82,47.03,-4.34,-3.89,-0.45,322.94,307.9,292.86,,,,,,,,,,
06-Oct-25,28-Oct-25,JSWENERGY,Non-Hld,541.4,550,521,3.92,579,6.95,0.51,58.36,4.35,3.83,0.52,552.62,531.02,509.41,,,,,,,,,,
06-Oct-25,28-Oct-25,JSWSTEEL,Non-Hld,1162.9,1300,1298.8,-10.46,1301.2,11.9,1.15,69.19,22.03,20.35,1.69,1165.92,1124.62,1083.33,,,,,,,,,,
06-Oct-25,28-Oct-25,JUBLFOOD,Non-Hld,624.95,630,599.8,4.2,660.2,5.65,0.8,46.2,-6.27,-6.54,0.27,661.88,630.34,598.81,,,,,,,,,,
06-Oct-25,28-Oct-25,KALYANKJIL,Non-Hld,486.25,500,464.9,4.6,535.1,10.05,0.62,46.04,-13.47,-14.06,0.59,535.4,491.37,447.34,,,,,,,,,,
06-Oct-25,28-Oct-25,KAYNES,Non-Hld,7515.5,7000,6284.15,19.6,7715.85,2.67,0.79,65.91,198.72,226.42,-27.7,7480.03,7205.18,6930.32,,,,,,,,,,
06-Oct-25,28-Oct-25,KEI,Non-Hld,4141.4,4200,3936,5.22,4464,7.79,0.43,55.93,26.95,41.71,-14.76,4210.41,4103.48,3996.54,,,,,,,,,,
06-Oct-25,28-Oct-25,KFINTECH,Holding,1065,1100,1018.05,4.62,1181.95,10.99,0.81,43.29,-11.81,-9.77,-2.04,1145.67,1091.69,1037.71,,,,,,,,,,
06-Oct-25,28-Oct-25,KOTAKBANK,Non-Hld,2142.7,2100,2004.35,6.91,2195.65,2.48,0.49,71.54,21.53,8.35,13.18,2115.06,2017.99,1920.93,,,,,,,,,,
06-Oct-25,28-Oct-25,KPITTECH,Non-Hld,1157,1100,1018.55,13.6,1181.45,2.12,0.49,39.53,-20.19,-6.55,-13.65,1337.79,1232.69,1127.59,,,,,,,,,,
06-Oct-25,28-Oct-25,LAURUSLABS,Non-Hld,862.1,900,838.8,2.78,961.2,11.5,0.96,46.08,-2.73,3.71,-6.43,940.75,887.96,835.16,,,,,,,,,,
06-Oct-25,28-Oct-25,LICHSGFIN,Non-Hld,577,600,572.1,0.86,627.9,8.83,0.64,53.54,1.7,1.55,0.16,593.47,572.96,552.46,,,,,,,,,,
06-Oct-25,28-Oct-25,LICI,Non-Hld,907.25,900,858.05,5.74,941.95,3.83,0.72,59.51,4.43,1.8,2.63,911.75,889.21,866.67,,,,,,,,,,
06-Oct-25,28-Oct-25,LODHA,Non-Hld,1118.1,1200,1100.25,1.63,1299.75,16.25,0.6,31.11,-26.82,-21.89,-4.93,1233.86,1172.2,1110.54,,,,,,,,,,
06-Oct-25,28-Oct-25,LT,Non-Hld,3745.1,3800,3657.6,2.4,3942.4,5.27,0.51,61.93,31.4,23.93,7.47,3775.27,3643.13,3510.99,,,,,,,,,,
06-Oct-25,28-Oct-25,LTF,Non-Hld,259.27,265,248.55,4.32,281.45,8.56,0.58,71.93,9.19,8.35,0.84,261.48,244.02,226.56,,,,,,,,,,
06-Oct-25,28-Oct-25,LTIM,Non-Hld,5270,6000,5988.8,-12,6011.2,14.07,0.81,53.19,-12.64,4.88,-17.53,5514.74,5261.52,5008.31,,,,,,,,,,
06-Oct-25,28-Oct-25,LUPIN,Non-Hld,1940,2000,1904.85,1.85,2095.15,8,0.54,44.96,-2.9,5.63,-8.54,2078.61,1988.46,1898.3,,,,,,,,,,
06-Oct-25,28-Oct-25,M%26M,Non-Hld,3476,3500,3341.15,4.04,3658.85,5.27,0.82,49.85,14.36,39.29,-24.93,3712.89,3549.84,3386.78,,,,,,,,,,
06-Oct-25,28-Oct-25,MANAPPURAM,Non-Hld,290.5,300,281.15,3.33,318.85,9.76,0.62,57.55,2.6,3.61,-1.01,298.24,288.41,278.57,,,,,,,,,,
06-Oct-25,28-Oct-25,MANKIND,Non-Hld,2461,2600,2414.15,1.95,2785.85,13.2,0.66,38.71,-26.78,-10.22,-16.56,2680.71,2545.98,2411.26,,,,,,,,,,
06-Oct-25,28-Oct-25,MARICO,Non-Hld,716.5,740,706.9,1.36,773.1,7.9,0.62,50.69,-4.79,-4.16,-0.63,741.82,716.31,690.8,,,,,,,,,,
06-Oct-25,28-Oct-25,MARUTI,Non-Hld,16001,17000,15945.45,0.35,18054.55,12.84,0.53,66.24,444.99,529.63,-84.64,16506.47,15748.5,14990.53,,,,,,,,,,
06-Oct-25,28-Oct-25,MAXHEALTH,Non-Hld,1137,1200,1121,1.43,1279,12.49,0.71,47.04,-23.19,-21.16,-2.04,1204.43,1146.97,1089.51,,,,,,,,,,
06-Oct-25,28-Oct-25,MAZDOCK,Non-Hld,2883.5,3000,2778.6,3.78,3221.4,11.72,0.7,54.21,15.38,21.82,-6.44,3070.09,2868.45,2666.81,,,,,,,,,,
06-Oct-25,28-Oct-25,MCX,Holding,8189,8000,7446.65,9.97,8553.35,4.45,0.65,60.09,64.8,31.07,33.73,8248.8,7876.52,7504.25,,,,,,,,,,
06-Oct-25,28-Oct-25,MFSL,Non-Hld,1600,1600,1519.9,5.28,1680.1,5.01,0.64,55.41,2.52,-1.83,4.36,1624.57,1579.38,1534.19,,,,,,,,,,
06-Oct-25,28-Oct-25,MOTHERSON,Holding,106.28,115,105.1,1.13,124.9,17.52,0.66,55.87,2.02,2.48,-0.47,113.42,106.04,98.67,,,,,,,,,,
06-Oct-25,28-Oct-25,MPHASIS,Non-Hld,2790.9,3000,2762.15,1.05,3237.85,16.02,0.78,49.62,-33.28,-17.89,-15.39,3067.01,2828.68,2590.36,,,,,,,,,,
06-Oct-25,28-Oct-25,MUTHOOTFIN,Non-Hld,3220,3100,2904.75,10.86,3295.25,2.34,0.49,75.98,104.31,92.38,11.93,3203.56,3012.76,2821.96,,,,,,,,,,
06-Oct-25,28-Oct-25,NATIONALUM,Non-Hld,217.29,220,205.9,5.54,234.1,7.74,0.68,62.61,4.66,4.42,0.24,220.46,210.56,200.65,,,,,,,,,,
06-Oct-25,28-Oct-25,NAUKRI,Non-Hld,1380.7,1400,1324.95,4.21,1475.05,6.84,0.55,53.81,-7.9,-6.9,-1,1416.31,1360.26,1304.2,,,,,,,,,,
06-Oct-25,28-Oct-25,NBCC,Non-Hld,111.71,110,102.4,9.1,117.6,5.28,0.46,56.31,1.14,0.9,0.25,115.03,108.67,102.32,,,,,,,,,,
06-Oct-25,28-Oct-25,NCC,Non-Hld,210.67,210,197.95,6.43,222.05,5.41,0.73,48.97,-1.33,-1.52,0.19,217.94,210.07,202.21,,,,,,,,,,
06-Oct-25,28-Oct-25,NESTLEIND,Non-Hld,1181.8,1200,1158.35,2.03,1241.65,5.07,0.64,51.46,-3.05,0.31,-3.35,1231.37,1188.26,1145.15,,,,,,,,,,
06-Oct-25,28-Oct-25,NHPC,Non-Hld,86.4,90,84.5,2.25,95.5,10.54,0.66,57.71,1.17,1.13,0.03,91.13,85.14,79.14,,,,,,,,,,
06-Oct-25,28-Oct-25,NMDC,Non-Hld,76.13,80,74.9,1.65,85.1,11.79,0.61,55.36,1.03,1.23,-0.21,77.85,76.05,74.24,,,,,,,,,,
06-Oct-25,28-Oct-25,NTPC,Non-Hld,339.2,350,335.9,0.99,364.1,7.35,0.76,53.71,2.44,2.26,0.18,348.53,336.42,324.3,,,,,,,,,,
06-Oct-25,28-Oct-25,NUVAMA,Non-Hld,6928,7400,6679.65,3.72,8120.35,17.22,0.63,65.25,-23.19,-113.8,90.61,6763.26,6367.3,5971.34,,,,,,,,,,
06-Oct-25,28-Oct-25,NYKAA,Non-Hld,255.5,250,234.65,8.89,265.35,3.86,0.49,69.31,3.36,3.3,0.07,251.43,240.29,229.15,,,,,,,,,,
06-Oct-25,28-Oct-25,OBEROIRLTY,Non-Hld,1622.6,1700,1587.7,2.2,1812.3,11.7,0.56,48.44,-12.99,-11.94,-1.06,1679,1621.59,1564.18,,,,,,,,,,
06-Oct-25,28-Oct-25,OFSS,Non-Hld,9090,9000,8446.8,7.62,9553.2,5.1,0.44,58.06,37.1,46.62,-9.51,9482.54,8890.38,8298.21,,,,,,,,,,
06-Oct-25,28-Oct-25,OIL,Non-Hld,420.25,420,394.65,6.49,445.35,5.98,0.52,59.5,2.44,0.11,2.33,422.18,404.52,386.87,,,,,,,,,,
06-Oct-25,28-Oct-25,ONGC,Non-Hld,245.62,250,240.8,2.01,259.2,5.53,0.91,69.79,2.02,0.96,1.05,245.05,237.08,229.1,,,,,,,,,,
06-Oct-25,28-Oct-25,PAGEIND,Non-Hld,42125,45000,44837.05,-6.04,45162.95,7.22,0.67,41.86,-855.35,-800.56,-54.79,45954.39,43284,40613.61,,,,,,,,,,
06-Oct-25,28-Oct-25,PATANJALI,Non-Hld,596.65,600,566.2,5.38,633.8,6.23,1.03,50.9,-2.93,-1.95,-0.98,612.24,596.78,581.32,,,,,,,,,,
06-Oct-25,28-Oct-25,PAYTM,Non-Hld,1224.3,1100,953.8,28.37,1246.2,1.79,0.79,58.51,-6.41,-2.99,-3.42,1275.34,1191.43,1107.52,,,,,,,,,,
06-Oct-25,28-Oct-25,PERSISTENT,Non-Hld,5184,5200,4841.4,7.08,5558.6,7.23,0.5,49.25,-86.61,-65.18,-21.43,5677.41,5225.27,4773.14,,,,,,,,,,
06-Oct-25,28-Oct-25,PETRONET,Non-Hld,280.5,280,266.45,5.28,293.55,4.66,0.54,54.37,-0.47,-1.25,0.78,283.6,276.33,269.06,,,,,,,,,,
06-Oct-25,28-Oct-25,PFC,Holding,406.2,410,389.55,4.28,430.45,5.97,0.44,51.23,2.19,1.62,0.57,416.56,404.46,392.36,,,,,,,,,,
06-Oct-25,28-Oct-25,PGEL,Non-Hld,520,600,518.55,0.28,681.45,31.05,0.73,34.31,-22.51,-21.61,-0.91,598.63,547.29,495.95,,,,,,,,,,
06-Oct-25,28-Oct-25,PHOENIXLTD,Non-Hld,1588.1,1600,1506.75,5.4,1693.25,6.63,0.93,56.99,9.76,14.68,-4.92,1646.25,1579.5,1512.75,,,,,,,,,,
06-Oct-25,28-Oct-25,PIDILITIND,Non-Hld,1486,1500,1445.95,2.77,1554.05,4.58,0.71,42.31,-13.93,-9.75,-4.19,1569.04,1513,1456.96,,,,,,,,,,
06-Oct-25,28-Oct-25,PIIND,Non-Hld,3630,3600,3436.9,5.62,3763.1,3.67,0.63,45.25,-63.4,-68.91,5.51,3811.29,3649.45,3487.62,,,,,,,,,,
06-Oct-25,28-Oct-25,PNB,Non-Hld,114.38,115,109.35,4.6,120.65,5.49,0.93,64.41,1.87,1.54,0.33,116.51,110.22,103.93,,,,,,,,,,
06-Oct-25,28-Oct-25,PNBHOUSING,Non-Hld,892.85,900,836.7,6.72,963.3,7.9,0.63,61.3,14.95,9.9,5.05,920.17,855.04,789.91,,,,,,,,,,
06-Oct-25,28-Oct-25,POLICYBZR,Non-Hld,1724,1700,1592.25,8.28,1807.75,4.86,0.71,43.52,-33.43,-26.36,-7.07,1869.11,1765.66,1662.22,,,,,,,,,,
06-Oct-25,28-Oct-25,POLYCAB,Non-Hld,7629,7200,6609.4,15.43,7790.6,2.12,0.17,65.52,85.63,96.91,-11.28,7663.33,7383.55,7103.77,,,,,,,,,,
06-Oct-25,28-Oct-25,POWERGRID,Holding,286.75,300,284.95,0.64,315.05,9.87,0.65,51.97,-0.22,-0.25,0.03,292.43,285.72,279.01,,,,,,,,,,
06-Oct-25,28-Oct-25,POWERINDIA,Non-Hld,18203,20000,19844.5,-8.27,20155.5,10.73,0.42,37.65,-343.24,-223.76,-119.48,20397.14,19130.1,17863.06,,,,,,,,,,
06-Oct-25,28-Oct-25,PPLPHARMA,Non-Hld,195.3,215,194.2,0.57,235.8,20.74,0.86,48.12,-0.42,0.12,-0.54,208.79,198.96,189.12,,,,,,,,,,
06-Oct-25,28-Oct-25,PRESTIGE,Non-Hld,1548.2,1600,1493.85,3.64,1706.15,10.21,0.42,44.49,-19.05,-15.13,-3.92,1653.37,1567.72,1482.08,,,,,,,,,,
06-Oct-25,28-Oct-25,RBLBANK,Non-Hld,275.8,300,295.5,-6.66,304.5,10.41,0.97,58.18,3.5,3.47,0.03,278.85,272.26,265.68,,,,,,,,,,
06-Oct-25,28-Oct-25,RECLTD,Non-Hld,377.95,380,360.1,4.96,399.9,5.81,0.8,51.35,0.27,0.14,0.12,389.02,377.22,365.42,,,,,,,,,,
06-Oct-25,28-Oct-25,RELIANCE,Non-Hld,1374.9,1400,1348.5,1.96,1451.5,5.58,0.43,45.74,-6.37,-4.45,-1.92,1416.47,1385.4,1354.34,,,,,,,,,,
06-Oct-25,28-Oct-25,RVNL,Non-Hld,346.65,400,338.95,2.28,461.05,33.01,0.48,52.43,1.7,2.27,-0.57,366.51,346.39,326.27,,,,,,,,,,
06-Oct-25,28-Oct-25,SAIL,Non-Hld,132.39,140,129.2,2.47,150.8,13.91,1.01,53.05,2.06,2.43,-0.37,137.84,133.4,128.95,,,,,,,,,,
06-Oct-25,28-Oct-25,SAMMAANCAP,Non-Hld,160.96,160,147.2,9.35,172.8,7.36,0.59,67.03,8.19,5.67,2.52,165.75,143.44,121.13,,,,,,,,,,
06-Oct-25,28-Oct-25,SBICARD,Non-Hld,900.3,900,852.25,5.64,947.75,5.28,0.39,65.45,14.4,13.03,1.37,921.61,871.82,822.02,,,,,,,,,,
06-Oct-25,28-Oct-25,SBILIFE,Non-Hld,1772,1800,1725.45,2.7,1874.55,5.79,0.63,38.78,-10.28,-5.94,-4.34,1852.69,1810.62,1768.55,,,,,,,,,,
06-Oct-25,28-Oct-25,SBIN,Non-Hld,873.8,880,849.25,2.9,910.75,4.23,0.71,67.4,14.2,13,1.2,893,848.6,804.2,,,,,,,,,,
06-Oct-25,28-Oct-25,SHREECEM,Non-Hld,29315,30000,28740.35,2,31259.65,6.64,0.86,43.8,-236.57,-219.59,-16.98,30354.53,29634.5,28914.47,,,,,,,,,,
06-Oct-25,28-Oct-25,SHRIRAMFIN,Non-Hld,671,660,617.7,8.63,702.3,4.67,0.55,69.17,8.17,3.15,5.02,658.68,623.45,588.22,,,,,,,,,,
06-Oct-25,28-Oct-25,SIEMENS,Holding,3240,3300,3130.8,3.49,3469.2,7.08,0.55,57.08,1.12,8.29,-7.17,3358.42,3206.24,3054.06,,,,,,,,,,
06-Oct-25,28-Oct-25,SOLARINDS,Non-Hld,14140,14000,13132.15,7.68,14867.85,5.15,0.69,50.03,-192.08,-169.25,-22.83,14946.28,14113.85,13281.42,,,,,,,,,,
06-Oct-25,28-Oct-25,SONACOMS,Non-Hld,415.4,420,393.7,5.52,446.3,7.44,0.68,40.19,-9.34,-9.06,-0.28,455.68,426.82,397.96,,,,,,,,,,
06-Oct-25,28-Oct-25,SRF,Non-Hld,2942.7,3000,2855.35,3.06,3144.65,6.87,1.09,54.24,-14.11,-18.29,4.18,3017.66,2913.92,2810.18,,,,,,,,,,
06-Oct-25,28-Oct-25,SUNPHARMA,Non-Hld,1653.3,1600,1518.6,8.88,1681.4,1.7,1.01,59.13,2.73,-0.87,3.59,1663.78,1617.59,1571.4,,,,,,,,,,
06-Oct-25,28-Oct-25,SUPREMEIND,Non-Hld,4171,4500,4466.3,-6.61,4533.7,8.7,0.56,36.44,-67.49,-39.81,-27.68,4601.21,4352.81,4104.41,,,,,,,,,,
06-Oct-25,28-Oct-25,SUZLON,Non-Hld,54.14,56,52.4,3.33,59.6,10.09,0.54,30.51,-1.28,-0.97,-0.3,60.83,57.21,53.58,,,,,,,,,,
06-Oct-25,28-Oct-25,SYNGENE,Non-Hld,635.25,640,606.55,4.74,673.45,6.02,0.87,45.33,-7.81,-6.68,-1.13,677.86,644.98,612.1,,,,,,,,,,
06-Oct-25,28-Oct-25,TATACONSUM,Non-Hld,1139.5,1150,1099.85,3.61,1200.15,5.33,0.45,61.64,13.95,13.11,0.84,1159.23,1119.18,1079.14,,,,,,,,,,
06-Oct-25,28-Oct-25,TATAELXSI,Non-Hld,5380.5,6000,5275.25,2,6724.75,24.99,0.57,42.25,-96.77,-78.12,-18.65,5912.57,5540.32,5168.08,,,,,,,,,,
06-Oct-25,28-Oct-25,TATAPOWER,Non-Hld,395.5,400,384.25,2.93,415.75,5.13,0.92,57.81,1.2,0.75,0.44,399.12,390.3,381.49,,,,,,,,,,
06-Oct-25,28-Oct-25,TATASTEEL,Non-Hld,170.35,175,166.6,2.26,183.4,7.67,0.64,54.14,1.82,2.3,-0.48,173.98,170.42,166.85,,,,,,,,,,
06-Oct-25,28-Oct-25,TATATECH,Non-Hld,710.3,700,663.25,7.1,736.75,3.73,0.69,58.17,1.3,0.77,0.53,729.76,696.56,663.37,,,,,,,,,,
06-Oct-25,28-Oct-25,TCS,Non-Hld,2988,3000,2861.05,4.44,3138.95,5.06,0.76,44.84,-48.98,-35.27,-13.72,3229.5,3030.17,2830.84,,,,,,,,,,
06-Oct-25,28-Oct-25,TECHM,Non-Hld,1439.6,1500,1406.1,2.39,1593.9,10.72,1.01,43.08,-25.55,-17.33,-8.21,1569.46,1463.83,1358.21,,,,,,,,,,
06-Oct-25,28-Oct-25,TIINDIA,Non-Hld,3150,3200,3013.55,4.53,3386.45,7.51,0.5,48.69,8,36.61,-28.61,3449.86,3230.18,3010.51,,,,,,,,,,
06-Oct-25,28-Oct-25,TITAGARH,Non-Hld,898,900,836.3,7.38,963.7,7.32,0.49,52.26,4.07,9.3,-5.23,966.44,907.83,849.22,,,,,,,,,,
06-Oct-25,28-Oct-25,TITAN,Non-Hld,3425,3400,3251,5.36,3549,3.63,0.64,43.36,-42.35,-36.08,-6.27,3671.93,3486.66,3301.39,,,,,,,,,,
06-Oct-25,28-Oct-25,TMPV,Non-Hld,712.9,800,713.5,-0.08,886.5,24.36,0.6,57.22,3.23,2.3,0.93,736.9,702.34,667.78,,,,,,,,,,
06-Oct-25,28-Oct-25,TORNTPHARM,Non-Hld,3523.9,3600,3456.5,1.95,3743.5,6.24,0.51,43.22,-10.31,-2.25,-8.06,3665.97,3581.1,3496.22,,,,,,,,,,
06-Oct-25,28-Oct-25,TORNTPOWER,Non-Hld,1197,1300,1192.85,0.35,1407.15,17.56,0.52,31.62,-21.19,-17.21,-3.98,1297.88,1251.34,1204.79,,,,,,,,,,
06-Oct-25,28-Oct-25,TRENT,Non-Hld,4705,5000,4598,2.33,5402,14.82,0.52,35.02,-151.67,-136.98,-14.69,5392.7,4989.15,4585.6,,,,,,,,,,
06-Oct-25,28-Oct-25,TVSMOTOR,Non-Hld,3514,3500,3321.05,5.81,3678.95,4.7,0.72,63.67,48.45,67.27,-18.82,3586.27,3491.4,3396.53,,,,,,,,,,
06-Oct-25,28-Oct-25,ULTRACEMCO,Non-Hld,12073,13000,12971.8,-6.92,13028.2,7.92,0.58,39.2,-123.5,-75.51,-47.99,12824.75,12362.6,11900.45,,,,,,,,,,
06-Oct-25,28-Oct-25,UNIONBANK,Non-Hld,136.56,140,131.15,4.13,148.85,9,0.63,52.64,1.3,1.24,0.06,142.89,135.82,128.74,,,,,,,,,,
06-Oct-25,28-Oct-25,UNITDSPR,Non-Hld,1357.7,1520,1517.5,-10.53,1522.5,12.14,0.59,59.47,6.07,1.84,4.23,1365.23,1326.04,1286.84,,,,,,,,,,
06-Oct-25,28-Oct-25,UNOMINDA,Non-Hld,1332.7,1320,1246.8,6.89,1393.2,4.54,0.75,62.83,22.06,25.48,-3.42,1339.46,1302.94,1266.41,,,,,,,,,,
06-Oct-25,28-Oct-25,UPL,Non-Hld,679.75,700,665.2,2.19,734.8,8.1,0.66,48.84,-9.36,-8.54,-0.82,719.69,683.63,647.56,,,,,,,,,,
06-Oct-25,28-Oct-25,VBL,Non-Hld,438.7,500,440.9,-0.49,559.1,27.45,0.59,30.37,-12.64,-11.03,-1.61,486.55,460.74,434.93,,,,,,,,,,
06-Oct-25,28-Oct-25,VEDL,Non-Hld,471.5,500,462.4,1.97,537.6,14.02,0.75,63.74,8.5,7.41,1.09,476.2,453.55,430.89,,,,,,,,,,
06-Oct-25,28-Oct-25,VOLTAS,Non-Hld,1366.2,1400,1316.15,3.81,1483.85,8.62,0.78,47.46,-4.61,1.35,-5.97,1439.5,1387.8,1336.11,,,,,,,,,,
06-Oct-25,28-Oct-25,WIPRO,Non-Hld,242.13,250,235.1,3,264.9,9.41,0.82,43.21,-2.55,-1.6,-0.95,260.56,247.55,234.54,,,,,,,,,,
06-Oct-25,28-Oct-25,YESBANK,Non-Hld,21.95,22,20.7,6.04,23.3,6.16,0.5,71.21,0.47,0.44,0.03,21.96,21.12,20.29,,,,,,,,,,
06-Oct-25,28-Oct-25,ZYDUSLIFE,Non-Hld,994.3,1100,1098.4,-9.47,1101.6,10.8,0.7,45.51,-2.95,3.95,-6.91,1069.07,1021.12,973.17,,,,,,,,,,
07-Oct-25,28-Oct-25,360ONE,Non-Hld,1067,1100,1036.75,2.92,1163.25,9.03,0.73,54.47,-4.81,-7.78,2.97,1111.65,1054.72,997.79,,,,,,,,,,
07-Oct-25,28-Oct-25,ABB,Holding,5224,5300,5039.1,3.67,5560.9,6.45,0.63,48.26,-8.52,-1.07,-7.45,5441.39,5259.55,5077.71,,,,,,,,,,
07-Oct-25,28-Oct-25,ABCAPITAL,Non-Hld,302.7,300,282.5,7.16,317.5,4.89,0.63,64.26,5.34,4.08,1.25,304.43,291.7,278.97,,,,,,,,,,
07-Oct-25,28-Oct-25,ADANIENSOL,Non-Hld,918.15,1000,906.95,1.24,1093.05,19.05,0.61,65.22,27.44,23.18,4.26,954.66,869.58,784.51,,,,,,,,,,
07-Oct-25,28-Oct-25,ADANIENT,Non-Hld,2556.5,2600,2446.5,4.5,2753.5,7.71,0.59,56.83,53.4,51.29,2.11,2705.42,2495.64,2285.87,,,,,,,,,,
07-Oct-25,28-Oct-25,ADANIGREEN,Non-Hld,1058.3,1100,1010.85,4.7,1189.15,12.37,0.48,57.71,25.48,25.87,-0.39,1144.56,1032.59,920.62,,,,,,,,,,
07-Oct-25,28-Oct-25,ADANIPORTS,Non-Hld,1398.7,1400,1339.6,4.42,1460.4,4.42,0.61,51.5,10.23,12.68,-2.45,1443.54,1407.57,1371.6,,,,,,,,,,
07-Oct-25,28-Oct-25,ALKEM,Non-Hld,5500,5600,5354.1,2.73,5845.9,6.29,0.68,58.19,47.11,60.39,-13.28,5590.92,5463.65,5336.38,,,,,,,,,,
07-Oct-25,28-Oct-25,AMBER,Non-Hld,8415,8500,7968.3,5.61,9031.7,7.33,0.56,63,164.72,185.56,-20.84,8545.18,8186.18,7827.17,,,,,,,,,,
07-Oct-25,28-Oct-25,AMBUJACEM,Non-Hld,570,600,563.5,1.16,636.5,11.67,0.75,45.84,-1.65,-1.49,-0.16,591.74,573.78,555.82,,,,,,,,,,
07-Oct-25,28-Oct-25,ANGELONE,Non-Hld,2254,2300,2107.45,6.96,2492.55,10.59,0.72,47.36,-52.4,-69.95,17.55,2339.15,2226.57,2114,,,,,,,,,,
07-Oct-25,28-Oct-25,APLAPOLLO,Non-Hld,1732.3,1700,1606.75,7.82,1793.25,3.52,0.62,62.97,19.41,15.2,4.21,1741.46,1698.38,1655.3,,,,,,,,,,
07-Oct-25,28-Oct-25,APOLLOHOSP,Non-Hld,7700,7700,7463.1,3.18,7936.9,3.08,0.71,53.33,-38.29,-21.6,-16.69,8037.68,7701.42,7365.17,,,,,,,,,,
07-Oct-25,28-Oct-25,ASHOKLEY,Non-Hld,139.7,145,136.2,2.57,153.8,10.1,0.49,56.79,2.66,3.21,-0.55,145.39,138.67,131.95,,,,,,,,,,
07-Oct-25,28-Oct-25,ASIANPAINT,Non-Hld,2354.7,2400,2312.25,1.84,2487.75,5.66,0.64,33.05,-42.8,-30.76,-12.04,2596.94,2442.38,2287.83,,,,,,,,,,
07-Oct-25,28-Oct-25,ASTRAL,Non-Hld,1421.3,1500,1405.05,1.16,1594.95,12.22,0.46,51.91,-9.53,-5.14,-4.39,1497.33,1424.95,1352.57,,,,,,,,,,
07-Oct-25,28-Oct-25,AUBANK,Non-Hld,762.2,760,718.2,6.13,801.8,5.2,0.78,64.17,6.45,1.06,5.4,762.6,726.12,689.64,,,,,,,,,,
07-Oct-25,28-Oct-25,AUROPHARMA,Non-Hld,1091.5,1100,1044.8,4.47,1155.2,5.84,0.89,51.34,4.81,5.9,-1.09,1132.86,1093.89,1054.92,,,,,,,,,,
07-Oct-25,28-Oct-25,AXISBANK,Non-Hld,1188,1200,1147,3.58,1253,5.48,0.42,64.75,25.9,20.47,5.43,1214.35,1136.7,1059.06,,,,,,,,,,
07-Oct-25,28-Oct-25,BAJAJ-AUTO,Non-Hld,8900,9000,8590.85,3.6,9409.15,5.73,0.59,53.41,-14.85,21.12,-35.97,9335.84,8939.42,8543.01,,,,,,,,,,
07-Oct-25,28-Oct-25,BAJAJFINSV,Non-Hld,2030,1800,1598.5,27,2001.5,-1.4,0.68,52.66,5.99,12.37,-6.38,2101.15,2045.17,1989.18,,,,,,,,,,
07-Oct-25,28-Oct-25,BAJFINANCE,Non-Hld,1018.3,1020,972.75,4.69,1067.25,4.81,0.69,63.44,19.55,22.34,-2.79,1035.95,997.59,959.23,,,,,,,,,,
07-Oct-25,28-Oct-25,BANDHANBNK,Non-Hld,164.69,170,158.65,3.81,181.35,10.12,0.88,51.03,-0.73,-1.36,0.62,169.5,163.2,156.9,,,,,,,,,,
07-Oct-25,28-Oct-25,BANKBARODA,Non-Hld,261.95,270,255.65,2.47,284.35,8.56,0.79,66.28,6.02,4.47,1.55,268.63,249.97,231.3,,,,,,,,,,
07-Oct-25,28-Oct-25,BANKINDIA,Non-Hld,126.35,130,122.65,3.02,137.35,8.71,0.63,69.53,2.72,2.08,0.64,127.09,120.2,113.31,,,,,,,,,,
07-Oct-25,28-Oct-25,BDL,Non-Hld,1531,1600,1486.2,3.02,1713.8,11.94,0.59,47.13,-2.57,-1.67,-0.91,1665.52,1553.32,1441.13,,,,,,,,,,
07-Oct-25,28-Oct-25,BEL,Holding,410.7,410,390.95,5.06,429.05,4.47,0.7,60.72,6.46,5.7,0.76,421.71,401.44,381.17,,,,,,,,,,
07-Oct-25,28-Oct-25,BHARATFORG,Non-Hld,1217.1,1220,1157.2,5.18,1282.8,5.4,0.72,51.58,8.89,11.63,-2.74,1281.98,1227.44,1172.9,,,,,,,,,,
07-Oct-25,28-Oct-25,BHARTIARTL,Non-Hld,1928.8,1900,1832.2,5.28,1967.8,2.03,0.61,54.7,-1.21,1.19,-2.4,1967.77,1917.24,1866.7,,,,,,,,,,
07-Oct-25,28-Oct-25,BHEL,Non-Hld,245.5,240,225.7,8.78,254.3,3.59,0.79,66.68,4.77,3.42,1.35,249.55,234.4,219.24,,,,,,,,,,
07-Oct-25,28-Oct-25,BIOCON,Non-Hld,348.95,360,341.75,2.11,378.25,8.4,0.62,43.21,-4.36,-3.62,-0.73,374.45,355.96,337.47,,,,,,,,,,
07-Oct-25,28-Oct-25,BLUESTARCO,Non-Hld,1912,2000,1877.45,1.85,2122.55,11.02,0.83,52.05,4.59,12.6,-8,1983.78,1915.38,1846.98,,,,,,,,,,
07-Oct-25,28-Oct-25,BOSCHLTD,Non-Hld,38875,40000,38243.55,1.66,41756.45,7.42,0.68,44.98,-301.32,-188.12,-113.2,41234.86,39363,37491.14,,,,,,,,,,
07-Oct-25,28-Oct-25,BPCL,Non-Hld,342,340,322.35,6.1,357.65,4.58,0.83,67.2,5.99,4.19,1.8,346.99,328.47,309.95,,,,,,,,,,
07-Oct-25,28-Oct-25,BRITANNIA,Non-Hld,5896.5,6000,5751.2,2.53,6248.8,5.98,0.57,44.87,21.85,51.53,-29.68,6299.03,6059.15,5819.27,,,,,,,,,,
07-Oct-25,28-Oct-25,BSE,Holding,2232.7,2200,2017.1,10.69,2382.9,6.73,0.87,53.88,-42.08,-60.11,18.02,2323.85,2160.2,1996.54,,,,,,,,,,
07-Oct-25,28-Oct-25,CAMS,Holding,3813,3800,3572.95,6.72,4027.05,5.62,0.63,44.14,-19.56,-5.66,-13.9,4078.79,3887.46,3696.13,,,,,,,,,,
07-Oct-25,28-Oct-25,CANBK,Non-Hld,128.49,130,122.2,5.15,137.8,7.25,0.79,74.29,4.3,3.44,0.86,129.94,118.44,106.94,,,,,,,,,,
07-Oct-25,28-Oct-25,CDSL,Holding,1561,1600,1511.35,3.29,1688.65,8.18,0.71,56.9,-10.3,-12.74,2.44,1606.45,1529.3,1452.16,,,,,,,,,,
07-Oct-25,28-Oct-25,CGPOWER,Holding,748.4,840,747.3,0.15,932.7,24.63,0.57,51.65,6.1,12.32,-6.22,803.82,765.02,726.21,,,,,,,,,,
07-Oct-25,28-Oct-25,CHOLAFIN,Non-Hld,1626.7,1640,1555.45,4.59,1724.55,6.02,0.78,61.35,29.25,27.43,1.82,1667.33,1579.02,1490.7,,,,,,,,,,
07-Oct-25,28-Oct-25,CIPLA,Non-Hld,1512,1600,1513.55,-0.1,1686.45,11.54,0.67,43.27,-12.11,-8.75,-3.37,1591.85,1536.82,1481.8,,,,,,,,,,
07-Oct-25,28-Oct-25,COALINDIA,Holding,384.9,390,377.2,2.05,402.8,4.66,0.69,45.17,0.22,1.98,-1.76,400.03,391.27,382.51,,,,,,,,,,
07-Oct-25,28-Oct-25,COFORGE,Non-Hld,1686,1700,1577.2,6.9,1822.8,8.12,0.56,51.18,-27.73,-26.65,-1.09,1863.71,1689.48,1515.25,,,,,,,,,,
07-Oct-25,28-Oct-25,COLPAL,Non-Hld,2235,2340,2209.55,1.16,2470.45,10.54,0.78,38.01,-31.22,-18.97,-12.25,2440.28,2306.72,2173.15,,,,,,,,,,
07-Oct-25,28-Oct-25,CONCOR,Non-Hld,533,530,504.25,5.71,555.75,4.27,0.77,41.77,-6.49,-6.02,-0.47,568.26,541.84,515.42,,,,,,,,,,
07-Oct-25,28-Oct-25,CROMPTON,Non-Hld,287.8,300,281.5,2.24,318.5,10.67,0.61,25.13,-8.99,-7.6,-1.39,326.9,304.84,282.78,,,,,,,,,,
07-Oct-25,28-Oct-25,CUMMINSIND,Non-Hld,3957.3,4000,3828.65,3.37,4171.35,5.41,0.75,52.9,17.86,39.32,-21.46,4139.25,4004.68,3870.1,,,,,,,,,,
07-Oct-25,28-Oct-25,CYIENT,Non-Hld,1184,1200,1112.3,6.45,1287.7,8.76,0.56,46.78,-12.95,-10.84,-2.11,1278.44,1198.39,1118.34,,,,,,,,,,
07-Oct-25,28-Oct-25,DABUR,Non-Hld,490.75,500,479.45,2.36,520.55,6.08,0.47,31.49,-9.79,-5.97,-3.82,560.34,519,477.67,,,,,,,,,,
07-Oct-25,28-Oct-25,DALBHARAT,Non-Hld,2240.2,2400,2230.35,0.45,2569.65,14.71,0.52,35.71,-31.94,-15.83,-16.11,2512.66,2338.04,2163.42,,,,,,,,,,
07-Oct-25,28-Oct-25,DELHIVERY,Non-Hld,469.2,500,462.5,1.45,537.5,14.56,0.77,55.22,-2.92,-1.93,-0.99,490.18,461.8,433.43,,,,,,,,,,
07-Oct-25,28-Oct-25,DIVISLAB,Non-Hld,6116,6000,5698.4,7.33,6301.6,3.04,0.84,55.73,-78.39,-89.69,11.3,6272.62,5960.2,5647.78,,,,,,,,,,
07-Oct-25,28-Oct-25,DIXON,Non-Hld,17205,17000,16002.75,7.52,17997.25,4.61,0.77,48.33,-110.3,51.99,-162.29,18967.55,17655.95,16344.35,,,,,,,,,,
07-Oct-25,28-Oct-25,DLF,Non-Hld,736.5,740,703.45,4.7,776.55,5.44,0.66,44.32,-11.13,-9.98,-1.15,798.56,749.64,700.72,,,,,,,,,,
07-Oct-25,28-Oct-25,DMART,Non-Hld,4311,4700,4248.1,1.49,5151.9,19.51,0.63,30.55,-56.68,-6.61,-50.07,4859.48,4586.03,4312.58,,,,,,,,,,
07-Oct-25,28-Oct-25,DRREDDY,Non-Hld,1248,1320,1244.65,0.27,1395.35,11.81,0.59,43.09,-8.24,-1.6,-6.64,1346.72,1283.34,1219.95,,,,,,,,,,
07-Oct-25,28-Oct-25,EICHERMOT,Non-Hld,6957.5,7000,6738.45,3.26,7261.55,4.38,0.82,64.1,178.25,224.54,-46.29,7081.49,6931.6,6781.71,,,,,,,,,,
07-Oct-25,28-Oct-25,ETERNAL,Non-Hld,337.85,320,293.6,15.08,346.4,2.54,0.72,61.4,3.89,4.5,-0.61,342.43,330.14,317.86,,,,,,,,,,
07-Oct-25,28-Oct-25,EXIDEIND,Non-Hld,403.4,400,380.85,5.93,419.15,3.91,0.75,50.74,-1.91,-0.51,-1.4,432.7,407.32,381.94,,,,,,,,,,
07-Oct-25,28-Oct-25,FEDERALBNK,Non-Hld,199.49,200,190.65,4.64,209.35,4.95,0.82,59.75,-0.42,-0.81,0.39,199.9,194.88,189.86,,,,,,,,,,
07-Oct-25,28-Oct-25,FORTIS,Non-Hld,1041,1100,1029.85,1.09,1170.15,12.41,0.64,69.41,23.26,17.21,6.05,1028.64,973,917.36,,,,,,,,,,
07-Oct-25,28-Oct-25,GAIL,Non-Hld,179.75,180,171.7,4.69,188.3,4.76,0.65,55.67,0.02,-0.03,0.05,183.76,177.7,171.64,,,,,,,,,,
07-Oct-25,28-Oct-25,GLENMARK,Non-Hld,1960,2200,1983.35,-1.17,2416.65,23.3,0.67,42.33,-16.2,-6.06,-10.15,2162.01,2035.26,1908.51,,,,,,,,,,
07-Oct-25,28-Oct-25,GMRAIRPORT,Non-Hld,88.4,95,88,0.46,102,15.39,0.52,47.46,-0.11,0.01,-0.12,93.03,89.22,85.41,,,,,,,,,,
07-Oct-25,28-Oct-25,GODREJCP,Non-Hld,1152.6,1160,1102.3,4.57,1217.7,5.65,0.66,33.86,-23.85,-16.61,-7.24,1289.96,1206.55,1123.14,,,,,,,,,,
07-Oct-25,28-Oct-25,GODREJPROP,Non-Hld,2075,2000,1861.4,11.48,2138.6,3.07,0.66,55.08,-1.28,-6.58,5.3,2140.48,2032.65,1924.82,,,,,,,,,,
07-Oct-25,28-Oct-25,GRASIM,Non-Hld,2814,2900,2772.85,1.49,3027.15,7.58,0.59,52.26,-1.81,0.9,-2.71,2883.6,2807.54,2731.49,,,,,,,,,,
07-Oct-25,28-Oct-25,HAL,Non-Hld,4845,5000,4722.75,2.59,5277.25,8.93,0.6,60.72,68.23,66.86,1.37,4993.52,4766.18,4538.84,,,,,,,,,,
07-Oct-25,28-Oct-25,HAVELLS,Non-Hld,1501.8,1600,1485.85,1.08,1714.15,14.14,0.65,38.07,-16.81,-7.46,-9.35,1635.62,1551.18,1466.75,,,,,,,,,,
07-Oct-25,28-Oct-25,HCLTECH,Non-Hld,1435.5,1500,1408.25,1.94,1591.75,10.89,0.79,48.34,-18.53,-18.58,0.05,1494.39,1426.41,1358.42,,,,,,,,,,
07-Oct-25,28-Oct-25,HDFCAMC,Non-Hld,5559,5500,5207.6,6.75,5792.4,4.2,0.81,42.71,-18.4,11.16,-29.55,5944.96,5724.25,5503.54,,,,,,,,,,
07-Oct-25,28-Oct-25,HDFCBANK,Non-Hld,981.8,1000,964.8,1.77,1035.2,5.44,0.87,61.94,-1.37,-4.55,3.18,982.15,963.27,944.39,,,,,,,,,,
07-Oct-25,28-Oct-25,HDFCLIFE,Non-Hld,756.5,800,751.25,0.7,848.75,12.2,0.61,41.93,-3.73,-1.97,-1.76,789.08,769.82,750.57,,,,,,,,,,
07-Oct-25,28-Oct-25,HEROMOTOCO,Non-Hld,5612,5400,5070,10.7,5730,2.11,0.81,70.44,124.46,121.88,2.58,5583.89,5391.1,5198.31,,,,,,,,,,
07-Oct-25,28-Oct-25,HFCL,Non-Hld,74.67,80,72.6,2.86,87.4,17.05,0.57,51.03,0.25,0.21,0.04,78.34,74.15,69.97,,,,,,,,,,
07-Oct-25,28-Oct-25,HINDALCO,Non-Hld,767,800,757.85,1.21,842.15,9.8,0.65,63.79,13.41,12.61,0.81,776.27,753.43,730.59,,,,,,,,,,
07-Oct-25,28-Oct-25,HINDPETRO,Non-Hld,455.1,500,451.45,0.81,548.55,20.54,0.56,74.62,14.21,10.13,4.08,460.21,419.61,379,,,,,,,,,,
07-Oct-25,28-Oct-25,HINDUNILVR,Non-Hld,2530,2600,2495.15,1.4,2704.85,6.92,0.59,41.95,-16.51,-11.69,-4.82,2641.88,2560.62,2479.36,,,,,,,,,,
07-Oct-25,28-Oct-25,HINDZINC,Non-Hld,490.5,500,468.4,4.72,531.6,8.38,0.62,66.57,12.83,9.77,3.06,496.49,462.88,429.27,,,,,,,,,,
07-Oct-25,28-Oct-25,HUDCO,Non-Hld,231.99,230,216.3,7.26,243.7,5.05,0.63,58.51,3.8,3.59,0.22,239.8,225.9,212,,,,,,,,,,
07-Oct-25,28-Oct-25,ICICIBANK,Non-Hld,1375,1400,1350.7,1.8,1449.3,5.41,0.76,43.12,-14.38,-13.13,-1.25,1438.55,1389.88,1341.2,,,,,,,,,,
07-Oct-25,28-Oct-25,ICICIGI,Non-Hld,1903.1,1900,1801.6,5.64,1998.4,5.01,0.72,53.3,6.01,1.1,4.91,1923.84,1882.21,1840.59,,,,,,,,,,
07-Oct-25,28-Oct-25,ICICIPRULI,Non-Hld,603.45,620,585.8,3.02,654.2,8.41,0.77,50.65,-3.47,-4.83,1.36,610.27,599.48,588.7,,,,,,,,,,
07-Oct-25,28-Oct-25,IDEA,Non-Hld,9.24,10,8.45,9.35,11.55,25.01,0.52,66.47,0.42,0.38,0.04,9.2,8.18,7.15,,,,,,,,,,
07-Oct-25,28-Oct-25,IDFCFIRSTB,Non-Hld,71.88,70,65.8,9.25,74.2,3.23,0.63,57.8,-0.16,-0.19,0.03,73.67,70.99,68.31,,,,,,,,,,
07-Oct-25,28-Oct-25,IEX,Holding,141.68,145,136.65,3.69,153.35,8.24,0.77,44.97,-1.37,-1.51,0.15,150.24,143.62,137,,,,,,,,,,
07-Oct-25,28-Oct-25,IGL,Non-Hld,220.22,220,206.8,6.49,233.2,5.9,0.66,64.99,0.43,0.04,0.38,219.38,210.83,202.29,,,,,,,,,,
07-Oct-25,28-Oct-25,IIFL,Non-Hld,477,480,449.15,6.21,510.85,7.1,0.47,62.19,2.88,-1.46,4.34,470.84,446.89,422.94,,,,,,,,,,
07-Oct-25,28-Oct-25,INDHOTEL,Non-Hld,734.4,800,732.2,0.31,867.8,18.17,0.6,41.29,-12.42,-9.14,-3.27,805.79,753.42,701.05,,,,,,,,,,
07-Oct-25,28-Oct-25,INDIANB,Non-Hld,756,750,710.2,6.45,789.8,4.48,0.84,70.54,22.44,17.78,4.66,765.06,713.63,662.2,,,,,,,,,,
07-Oct-25,28-Oct-25,INDIGO,Holding,5665.5,6000,5628.9,0.66,6371.1,12.46,0.69,46.87,-36.04,-40.33,4.29,5782.72,5678.6,5574.48,,,,,,,,,,
07-Oct-25,28-Oct-25,INDUSINDBK,Non-Hld,747.1,750,708.8,5.41,791.2,5.91,1.03,50.35,-6.72,-9.82,3.1,759.06,740.46,721.85,,,,,,,,,,
07-Oct-25,28-Oct-25,INDUSTOWER,Non-Hld,357.9,360,338.95,5.6,381.05,6.47,0.7,55.8,0.58,0.09,0.49,363.67,353.82,343.97,,,,,,,,,,
07-Oct-25,28-Oct-25,INFY,Non-Hld,1458.1,1500,1412.2,3.26,1587.8,8.9,0.84,44.17,-11.6,-7.53,-4.07,1558.04,1491.54,1425.05,,,,,,,,,,
07-Oct-25,28-Oct-25,INOXWIND,Non-Hld,139.46,140,130.75,6.67,149.25,7.02,0.52,39.06,-2.19,-1.54,-0.65,155.62,145.63,135.64,,,,,,,,,,
07-Oct-25,28-Oct-25,IOC,Non-Hld,154.38,155,148.55,3.93,161.45,4.58,0.76,73.44,2.76,2.01,0.75,154.48,147.11,139.74,,,,,,,,,,
07-Oct-25,28-Oct-25,IRCTC,Holding,716,750,711.85,0.59,788.15,10.08,0.64,50.19,-3.96,-3.69,-0.27,739.07,717.66,696.25,,,,,,,,,,
07-Oct-25,28-Oct-25,IREDA,Non-Hld,152.8,155,144.1,6.04,165.9,8.58,0.43,52.92,0.79,0.88,-0.09,159.93,151.7,143.48,,,,,,,,,,
07-Oct-25,28-Oct-25,IRFC,Non-Hld,127.4,130,122.45,4.05,137.55,7.97,0.51,53.64,-0.2,-0.26,0.06,130.55,126.35,122.16,,,,,,,,,,
07-Oct-25,28-Oct-25,ITC,Non-Hld,399.9,410,396.85,0.77,423.15,5.82,0.64,40.87,-2.25,-1.66,-0.59,417.19,407.24,397.29,,,,,,,,,,
07-Oct-25,28-Oct-25,JINDALSTEL,Non-Hld,1035.1,1100,1023.8,1.11,1176.2,13.64,0.56,49.23,12.44,14.66,-2.21,1072.39,1047.21,1022.03,,,,,,,,,,
07-Oct-25,28-Oct-25,JIOFIN,Non-Hld,310.6,320,303.75,2.26,336.25,8.26,0.74,51.63,-3.55,-3.82,0.28,322.84,307.84,292.84,,,,,,,,,,
07-Oct-25,28-Oct-25,JSWENERGY,Non-Hld,547,550,519.85,5.23,580.15,6.07,0.46,62.16,5.16,4.09,1.07,553.49,532.91,512.33,,,,,,,,,,
07-Oct-25,28-Oct-25,JSWSTEEL,Non-Hld,1154.2,1300,1149.1,0.45,1450.9,25.71,0.65,67.43,21.94,20.67,1.27,1169.51,1127.4,1085.28,,,,,,,,,,
07-Oct-25,28-Oct-25,JUBLFOOD,Non-Hld,614.05,620,588.55,4.34,651.45,6.1,0.61,41.52,-6.54,-6.54,0,657.28,628.05,598.82,,,,,,,,,,
07-Oct-25,28-Oct-25,KALYANKJIL,Non-Hld,488.5,500,466.35,4.75,533.65,9.25,0.56,47.08,-11.89,-13.63,1.74,533.99,490.45,446.92,,,,,,,,,,
07-Oct-25,28-Oct-25,KAYNES,Non-Hld,7584,7000,6260.9,21.14,7739.1,2.05,0.61,68.69,213.27,223.79,-10.52,7544.56,7232.75,6920.94,,,,,,,,,,
07-Oct-25,28-Oct-25,KEI,Non-Hld,4205,4200,3943.6,6.63,4456.4,5.98,0.88,60.32,34.12,40.19,-6.07,4223.41,4110.77,3998.12,,,,,,,,,,
07-Oct-25,28-Oct-25,KFINTECH,Holding,1051.2,1100,1014.1,3.66,1185.9,12.82,0.54,40.62,-13.01,-10.41,-2.59,1146.07,1089.24,1032.4,,,,,,,,,,
07-Oct-25,28-Oct-25,KOTAKBANK,Non-Hld,2126,2100,2012.05,5.67,2187.95,2.92,1.07,67.01,26.36,11.95,14.41,2129.59,2026.83,1924.08,,,,,,,,,,
07-Oct-25,28-Oct-25,KPITTECH,Non-Hld,1170.5,1100,1020.7,14.68,1179.3,0.76,0.79,42.31,-20.71,-9.38,-11.33,1338.22,1229.67,1121.12,,,,,,,,,,
07-Oct-25,28-Oct-25,LAURUSLABS,Non-Hld,862.95,900,840.6,2.66,959.4,11.18,0.61,46.22,-3.27,2.31,-5.58,940.1,886.36,832.63,,,,,,,,,,
07-Oct-25,28-Oct-25,LICHSGFIN,Non-Hld,567,600,563.7,0.59,636.3,12.23,0.76,46.01,0.98,1.43,-0.46,593.12,573.32,553.51,,,,,,,,,,
07-Oct-25,28-Oct-25,LICI,Non-Hld,911.35,1000,909.1,0.25,1090.9,19.71,0.43,61.91,5.41,2.52,2.89,914.88,891,867.12,,,,,,,,,,
07-Oct-25,28-Oct-25,LODHA,Non-Hld,1145,1200,1113.85,2.8,1286.15,12.33,0.65,41.23,-25.4,-22.59,-2.81,1232.97,1170.37,1107.77,,,,,,,,,,
07-Oct-25,28-Oct-25,LT,Non-Hld,3730.5,3800,3670.3,1.65,3929.7,5.34,0.47,60.74,32.92,25.73,7.19,3779.56,3653.14,3526.71,,,,,,,,,,
07-Oct-25,28-Oct-25,LTF,Non-Hld,259,250,231,12.13,269,3.87,0.98,71.01,9.28,8.53,0.75,263.27,245.3,227.34,,,,,,,,,,
07-Oct-25,28-Oct-25,LTIM,Non-Hld,5263,5300,4979,5.71,5621,6.81,0.63,52.85,-7.12,2.48,-9.6,5511.05,5270.52,5030,,,,,,,,,,
07-Oct-25,28-Oct-25,LUPIN,Non-Hld,1923,2000,1896.4,1.41,2103.6,9.4,0.66,43.22,-5.98,3.31,-9.29,2080.04,1987.34,1894.63,,,,,,,,,,
07-Oct-25,28-Oct-25,M%26M,Non-Hld,3497,3500,3342.65,4.62,3657.35,4.59,0.53,51.73,13.47,34.13,-20.65,3711.23,3546.41,3381.59,,,,,,,,,,
07-Oct-25,28-Oct-25,MANAPPURAM,Non-Hld,291.1,290,272.7,6.75,307.3,5.57,0.55,57.72,2.79,3.44,-0.65,298.11,288.35,278.59,,,,,,,,,,
07-Oct-25,28-Oct-25,MANKIND,Non-Hld,2486.9,2600,2436.5,2.07,2763.5,11.13,0.6,43.36,-26.01,-13.38,-12.63,2677.73,2541.05,2404.37,,,,,,,,,,
07-Oct-25,28-Oct-25,MARICO,Non-Hld,714.7,740,706.55,1.16,773.45,8.23,0.83,50.24,-4.01,-4.13,0.11,740.18,715.53,690.87,,,,,,,,,,
07-Oct-25,28-Oct-25,MARUTI,Non-Hld,16092,17000,16059.45,0.21,17940.55,11.49,0.58,68.19,428.87,509.48,-80.61,16529.26,15791,15052.74,,,,,,,,,,
07-Oct-25,28-Oct-25,MAXHEALTH,Non-Hld,1128,1200,1119.6,0.76,1280.4,13.52,0.79,45.31,-21.34,-21.19,-0.15,1203.9,1146.03,1088.15,,,,,,,,,,
07-Oct-25,28-Oct-25,MAZDOCK,Non-Hld,2885,3000,2786.75,3.53,3213.25,11.38,0.6,53.11,15.49,20.55,-5.07,3057.36,2879.21,2701.06,,,,,,,,,,
07-Oct-25,28-Oct-25,MCX,Holding,8212,8000,7457,10.13,8543,4.04,0.7,60.58,77.99,40.45,37.54,8286.65,7905.4,7524.15,,,,,,,,,,
07-Oct-25,28-Oct-25,MFSL,Non-Hld,1583.4,1600,1520.55,4.14,1679.45,6.07,0.62,50.94,2.46,-0.97,3.44,1624.82,1579.54,1534.27,,,,,,,,,,
07-Oct-25,28-Oct-25,MOTHERSON,Holding,104.7,110,102.35,2.3,117.65,12.37,0.51,49.94,1.69,2.33,-0.63,112.93,106.32,99.71,,,,,,,,,,
07-Oct-25,28-Oct-25,MPHASIS,Non-Hld,2812,2900,2733.45,2.88,3066.55,9.06,0.7,51.74,-26.42,-19.6,-6.83,3067.85,2830.22,2592.58,,,,,,,,,,
07-Oct-25,28-Oct-25,MUTHOOTFIN,Non-Hld,3240,3200,3039.45,6.6,3360.55,3.73,0.71,76.67,109.66,95.84,13.82,3237.93,3029.84,2821.76,,,,,,,,,,
07-Oct-25,28-Oct-25,NATIONALUM,Non-Hld,217.2,220,206.3,5.29,233.7,7.6,0.6,62.49,4.75,4.48,0.27,221.23,211.01,200.78,,,,,,,,,,
07-Oct-25,28-Oct-25,NAUKRI,Non-Hld,1384,1400,1329.45,4.11,1470.55,6.26,0.79,54.48,-4.81,-6.48,1.67,1418.45,1362.58,1306.72,,,,,,,,,,
07-Oct-25,28-Oct-25,NBCC,Non-Hld,112.74,110,102,10.53,118,4.67,0.5,58.52,1.31,0.98,0.33,115.09,109.18,103.26,,,,,,,,,,
07-Oct-25,28-Oct-25,NCC,Non-Hld,211.69,210,198.2,6.81,221.8,4.78,0.63,50.23,-1.1,-1.44,0.33,218.04,210.26,202.48,,,,,,,,,,
07-Oct-25,28-Oct-25,NESTLEIND,Non-Hld,1176,1200,1157.7,1.59,1242.3,5.64,0.54,49.55,-2.67,-0.29,-2.39,1231.11,1187.72,1144.32,,,,,,,,,,
07-Oct-25,28-Oct-25,NHPC,Non-Hld,86.65,90,84.75,2.25,95.25,9.93,0.49,57.01,1.12,1.13,-0.01,90.75,85.53,80.3,,,,,,,,,,
07-Oct-25,28-Oct-25,NMDC,Non-Hld,76.07,80,75.05,1.36,84.95,11.68,0.74,55.5,0.95,1.18,-0.23,77.78,76.12,74.47,,,,,,,,,,
07-Oct-25,28-Oct-25,NTPC,Non-Hld,338.25,345,333.2,1.52,356.8,5.49,0.55,51.89,2.15,2.24,-0.09,348.25,336.98,325.71,,,,,,,,,,
07-Oct-25,28-Oct-25,NUVAMA,Non-Hld,6953,7000,6585.4,5.59,7414.6,6.64,0.65,66,18.2,-87.4,105.6,6866.43,6393.82,5921.22,,,,,,,,,,
07-Oct-25,28-Oct-25,NYKAA,Non-Hld,259.69,250,235.15,10.44,264.85,1.99,0.72,73.21,4.88,3.61,1.27,255.53,241.04,226.56,,,,,,,,,,
07-Oct-25,28-Oct-25,OBEROIRLTY,Non-Hld,1638.5,1700,1595.2,2.72,1804.8,10.15,0.81,51.81,-10.28,-11.61,1.32,1679.95,1622.25,1564.56,,,,,,,,,,
07-Oct-25,28-Oct-25,OFSS,Non-Hld,9325,9500,8914.35,4.61,10085.65,8.16,0.67,62.88,73.95,52.08,21.87,9498.32,8941.98,8385.63,,,,,,,,,,
07-Oct-25,28-Oct-25,OIL,Non-Hld,421.95,420,394.45,6.98,445.55,5.6,0.48,61.71,3.18,0.72,2.46,424.36,406.05,387.74,,,,,,,,,,
07-Oct-25,28-Oct-25,ONGC,Non-Hld,245.34,250,241.45,1.62,258.55,5.39,0.42,67.9,2.27,1.23,1.05,246.16,237.71,229.27,,,,,,,,,,
07-Oct-25,28-Oct-25,PAGEIND,Non-Hld,41735,45000,41516.7,0.53,48483.3,16.17,0.42,39.27,-857.67,-811.98,-45.69,45869.66,43154.75,40439.84,,,,,,,,,,
07-Oct-25,28-Oct-25,PATANJALI,Non-Hld,596,600,567.1,5.1,632.9,6.2,0.47,50.71,-2.38,-2.04,-0.34,612.1,596.68,581.26,,,,,,,,,,
07-Oct-25,28-Oct-25,PAYTM,Non-Hld,1237.5,1200,1113.9,11.1,1286.1,3.93,0.84,60.51,-0.81,-2.56,1.75,1272.55,1190.66,1108.77,,,,,,,,,,
07-Oct-25,28-Oct-25,PERSISTENT,Non-Hld,5260.4,5200,4820,9.14,5580,6.08,0.75,52.58,-67.8,-65.7,-2.1,5679.86,5238.28,4796.71,,,,,,,,,,
07-Oct-25,28-Oct-25,PETRONET,Non-Hld,287.9,310,287.5,0.14,332.5,15.5,1.07,61.86,0.45,-0.91,1.36,285.67,277,268.33,,,,,,,,,,
07-Oct-25,28-Oct-25,PFC,Holding,409,410,390.65,4.7,429.35,4.98,0.78,53.91,2.18,1.73,0.44,416.58,405.14,393.7,,,,,,,,,,
07-Oct-25,28-Oct-25,PGEL,Non-Hld,521.95,540,498.4,4.73,581.6,11.43,0.45,36.57,-21.44,-21.57,0.13,598.3,545.78,493.25,,,,,,,,,,
07-Oct-25,28-Oct-25,PHOENIXLTD,Non-Hld,1609.9,1600,1509.65,6.65,1690.35,5,0.63,60.13,12.05,14.15,-2.11,1647.34,1583.73,1520.11,,,,,,,,,,
07-Oct-25,28-Oct-25,PIDILITIND,Non-Hld,1470,1500,1445.95,1.67,1554.05,5.72,0.72,37.16,-14.8,-10.76,-4.04,1564.87,1508.95,1453.03,,,,,,,,,,
07-Oct-25,28-Oct-25,PIIND,Non-Hld,3588,3600,3434.3,4.48,3765.7,4.96,0.86,41.22,-60.77,-67.29,6.51,3806.44,3643.71,3480.98,,,,,,,,,,
07-Oct-25,28-Oct-25,PNB,Non-Hld,114.17,115,109.6,4.17,120.4,5.46,0.71,63,1.93,1.62,0.31,116.59,110.72,104.85,,,,,,,,,,
07-Oct-25,28-Oct-25,PNBHOUSING,Non-Hld,891,900,838.8,6.23,961.2,7.88,0.64,59.5,15.23,10.97,4.26,921.15,859.54,797.94,,,,,,,,,,
07-Oct-25,28-Oct-25,POLICYBZR,Non-Hld,1767.1,1700,1579.3,11.9,1820.7,3.04,0.83,49.75,-28.31,-26.75,-1.56,1867.6,1764.59,1661.59,,,,,,,,,,
07-Oct-25,28-Oct-25,POLYCAB,Non-Hld,7600,7400,6940.35,9.51,7859.65,3.42,0.59,64.18,93.97,96.32,-2.35,7690.07,7397.1,7104.13,,,,,,,,,,
07-Oct-25,28-Oct-25,POWERGRID,Holding,289.65,300,286.65,1.05,313.35,8.19,0.6,54.59,0.1,-0.18,0.28,292.74,286.03,279.32,,,,,,,,,,
07-Oct-25,28-Oct-25,POWERINDIA,Non-Hld,17601,20000,17552.75,0.28,22447.25,27.54,0.31,31.81,-412.02,-261.41,-150.6,20505.05,19064.9,17624.75,,,,,,,,,,
07-Oct-25,28-Oct-25,PPLPHARMA,Non-Hld,195.38,210,192.25,1.63,227.75,16.57,0.42,48.06,-0.47,0,-0.48,208.73,198.79,188.84,,,,,,,,,,
07-Oct-25,28-Oct-25,PRESTIGE,Non-Hld,1530,1600,1493.65,2.44,1706.35,11.53,0.88,42.76,-19.21,-15.95,-3.26,1653.58,1567.32,1481.07,,,,,,,,,,
07-Oct-25,28-Oct-25,RBLBANK,Non-Hld,274.3,300,267.2,2.66,332.8,21.33,0.41,54.92,3.23,3.42,-0.19,278.9,272.29,265.69,,,,,,,,,,
07-Oct-25,28-Oct-25,RECLTD,Non-Hld,378,380,361.5,4.57,398.5,5.43,0.96,51.01,0.3,0.17,0.13,388.84,377.66,366.48,,,,,,,,,,
07-Oct-25,28-Oct-25,RELIANCE,Non-Hld,1384.5,1400,1350.8,2.5,1449.2,4.68,0.77,50.34,-5.3,-4.62,-0.68,1416.63,1385.72,1354.81,,,,,,,,,,
07-Oct-25,28-Oct-25,RVNL,Non-Hld,355.95,400,349.4,1.88,450.6,26.6,0.47,58.79,2.31,2.28,0.03,366.85,347.52,328.2,,,,,,,,,,
07-Oct-25,28-Oct-25,SAIL,Non-Hld,132.6,140,129.55,2.36,150.45,13.47,0.5,53.64,1.85,2.31,-0.46,137.83,133.47,129.11,,,,,,,,,,
07-Oct-25,28-Oct-25,SAMMAANCAP,Non-Hld,162.9,160,148.1,10,171.9,5.53,1.05,68.96,8.53,6.24,2.29,168.41,144.7,121,,,,,,,,,,
07-Oct-25,28-Oct-25,SBICARD,Non-Hld,906.7,900,855.15,6.03,944.85,4.21,0.66,66.14,15.43,13.51,1.92,917.81,876.88,835.95,,,,,,,,,,
07-Oct-25,28-Oct-25,SBILIFE,Non-Hld,1786.7,1800,1729.25,3.33,1870.75,4.71,0.45,43.03,-10.78,-6.91,-3.87,1852.42,1810.78,1769.14,,,,,,,,,,
07-Oct-25,28-Oct-25,SBIN,Non-Hld,864.15,880,849.05,1.78,910.95,5.42,0.57,60.36,13.44,13.09,0.35,892.32,851.4,810.47,,,,,,,,,,
07-Oct-25,28-Oct-25,SHREECEM,Non-Hld,29555,30000,28843.4,2.47,31156.6,5.42,0.73,47.55,-212.78,-218.23,5.45,30192.43,29586.75,28981.07,,,,,,,,,,
07-Oct-25,28-Oct-25,SHRIRAMFIN,Non-Hld,666.95,650,608.95,9.53,691.05,3.62,0.88,66.67,10.31,4.58,5.73,664.7,626.95,589.2,,,,,,,,,,
07-Oct-25,28-Oct-25,SIEMENS,Holding,3246,3300,3137.45,3.46,3462.55,6.68,0.52,56.97,6.44,7.92,-1.48,3360.88,3212.7,3064.52,,,,,,,,,,
07-Oct-25,28-Oct-25,SOLARINDS,Non-Hld,14166,14000,13157.5,7.67,14842.5,4.78,0.71,50.08,-161.16,-167.63,6.47,14952.67,14124.25,13295.83,,,,,,,,,,
07-Oct-25,28-Oct-25,SONACOMS,Non-Hld,414,420,393.5,5.21,446.5,7.86,0.65,40.08,-9.01,-9.05,0.04,451.22,424.8,398.39,,,,,,,,,,
07-Oct-25,28-Oct-25,SRF,Non-Hld,2967.1,3000,2866.4,3.52,3133.6,5.62,1.14,57.23,-7.49,-16.13,8.64,3023.04,2917.8,2812.56,,,,,,,,,,
07-Oct-25,28-Oct-25,SUNPHARMA,Non-Hld,1655.5,1680,1621.85,2.08,1738.15,5,0.96,58.62,4.91,0.29,4.62,1666.65,1621.2,1575.74,,,,,,,,,,
07-Oct-25,28-Oct-25,SUPREMEIND,Non-Hld,4235,4500,4151,2.03,4849,14.5,0.57,41.48,-66.4,-45.13,-21.27,4589.93,4341.05,4092.18,,,,,,,,,,
07-Oct-25,28-Oct-25,SUZLON,Non-Hld,54.12,56,52.3,3.48,59.7,10.32,0.52,30.15,-1.35,-1.05,-0.3,60.92,57.03,53.15,,,,,,,,,,
07-Oct-25,28-Oct-25,SYNGENE,Non-Hld,632.05,640,605.4,4.41,674.6,6.74,0.76,44.55,-7.48,-6.84,-0.64,677.37,644.14,610.91,,,,,,,,,,
07-Oct-25,28-Oct-25,TATACONSUM,Non-Hld,1123.9,1140,1090.65,3.05,1189.35,5.83,0.46,51.91,12.17,12.92,-0.75,1155.8,1121.47,1087.15,,,,,,,,,,
07-Oct-25,28-Oct-25,TATAELXSI,Non-Hld,5381,6000,5276.7,1.98,6723.3,24.95,0.58,42.02,-91.62,-80.82,-10.81,5913.22,5536.32,5159.43,,,,,,,,,,
07-Oct-25,28-Oct-25,TATAPOWER,Non-Hld,392.3,400,383.45,2.31,416.55,6.19,0.87,53.3,1.22,0.85,0.37,399,390.76,382.53,,,,,,,,,,
07-Oct-25,28-Oct-25,TATASTEEL,Non-Hld,171.5,175,167.35,2.48,182.65,6.51,0.64,56.62,1.79,2.2,-0.4,174.06,170.55,167.04,,,,,,,,,,
07-Oct-25,28-Oct-25,TATATECH,Non-Hld,712,700,661.95,7.57,738.05,3.66,0.74,58.92,2.76,1.17,1.59,731.1,698.3,665.5,,,,,,,,,,
07-Oct-25,28-Oct-25,TCS,Non-Hld,2975,3000,2854.55,4.22,3145.45,5.73,0.72,43.31,-45.82,-37.38,-8.44,3229.22,3027.91,2826.61,,,,,,,,,,
07-Oct-25,28-Oct-25,TECHM,Non-Hld,1441,1400,1314.65,9.62,1485.35,3.08,1.01,43,-24.11,-18.69,-5.42,1569.54,1462.75,1355.97,,,,,,,,,,
07-Oct-25,28-Oct-25,TIINDIA,Non-Hld,3223,3200,3016.85,6.84,3383.15,4.97,0.53,54.51,10.93,31.48,-20.55,3445.06,3237.49,3029.92,,,,,,,,,,
07-Oct-25,28-Oct-25,TITAGARH,Non-Hld,928.8,1000,907.6,2.34,1092.4,17.62,0.47,59.4,6.26,8.7,-2.43,963.46,911.94,860.43,,,,,,,,,,
07-Oct-25,28-Oct-25,TITAN,Non-Hld,3419,3400,3254.85,5.05,3545.15,3.69,0.62,42.63,-40.68,-37,-3.68,3644.42,3474.67,3304.92,,,,,,,,,,
07-Oct-25,28-Oct-25,TMPV,Non-Hld,698.1,800,699.4,-0.18,900.6,29.01,0.5,51.06,2.94,2.43,0.51,734.95,701.26,667.58,,,,,,,,,,
07-Oct-25,28-Oct-25,TORNTPHARM,Non-Hld,3538.9,3500,3374.75,4.87,3625.25,2.45,0.59,44.79,-12.03,-4.2,-7.83,3662.93,3577.29,3491.66,,,,,,,,,,
07-Oct-25,28-Oct-25,TORNTPOWER,Non-Hld,1240,1300,1211.3,2.37,1388.7,12,0.6,45.46,-19.25,-17.62,-1.63,1296.97,1250.34,1203.72,,,,,,,,,,
07-Oct-25,28-Oct-25,TRENT,Non-Hld,4685,5500,4699.65,-0.31,6300.35,34.48,0.46,31.55,-154.76,-140.53,-14.23,5352.61,4957.68,4562.74,,,,,,,,,,
07-Oct-25,28-Oct-25,TVSMOTOR,Non-Hld,3510,3500,3328.3,5.46,3671.7,4.61,0.74,63.93,48.68,63.55,-14.87,3571.42,3487.51,3403.6,,,,,,,,,,
07-Oct-25,28-Oct-25,ULTRACEMCO,Non-Hld,12175,13000,12172.3,0.03,13827.7,13.58,0.64,44.61,-116.64,-83.74,-32.91,12785.24,12338.6,11891.96,,,,,,,,,,
07-Oct-25,28-Oct-25,UNIONBANK,Non-Hld,138.6,140,132.05,4.97,147.95,6.75,0.67,56.56,1.33,1.26,0.07,142.54,136.34,130.14,,,,,,,,,,
07-Oct-25,28-Oct-25,UNITDSPR,Non-Hld,1352,1520,1342.9,0.68,1697.1,25.53,0.56,56.32,6.89,2.85,4.04,1367.01,1328.82,1290.64,,,,,,,,,,
07-Oct-25,28-Oct-25,UNOMINDA,Non-Hld,1365.7,1360,1284.35,6.34,1435.65,5.13,0.59,67.71,25.06,25.4,-0.34,1351.53,1305.76,1259.98,,,,,,,,,,
07-Oct-25,28-Oct-25,UPL,Non-Hld,679.2,700,665.25,2.1,734.75,8.18,0.67,48.11,-8.19,-8.47,0.28,716.95,682.33,647.71,,,,,,,,,,
07-Oct-25,28-Oct-25,VBL,Non-Hld,440.9,450,424.8,3.8,475.2,7.78,0.55,31.45,-12.65,-11.35,-1.3,485.59,459.04,432.49,,,,,,,,,,
07-Oct-25,28-Oct-25,VEDL,Non-Hld,472.25,500,463.95,1.79,536.05,13.51,0.75,64.26,8.83,7.7,1.14,477.62,455.42,433.22,,,,,,,,,,
07-Oct-25,28-Oct-25,VOLTAS,Non-Hld,1368,1400,1315.1,4.03,1484.9,8.55,0.64,49.05,-4.2,0.24,-4.44,1435.47,1385.46,1335.44,,,,,,,,,,
07-Oct-25,28-Oct-25,WIPRO,Non-Hld,243.75,250,235,3.73,265,8.72,0.83,45.67,-2.37,-1.75,-0.62,260.54,247.6,234.66,,,,,,,,,,
07-Oct-25,28-Oct-25,YESBANK,Non-Hld,22.25,23,21.6,3.01,24.4,9.67,0.43,74.19,0.5,0.45,0.05,22.08,21.23,20.38,,,,,,,,,,
07-Oct-25,28-Oct-25,ZYDUSLIFE,Non-Hld,986.95,1000,955.65,3.28,1044.35,5.82,0.6,43.37,-4.04,2.36,-6.39,1069.92,1020.04,970.15,,,,,,,,,,
08-Oct-25,28-Oct-25,360ONE,Non-Hld,1085.9,1100,1038.1,4.61,1161.9,7,0.68,58.11,-1.46,-6.52,5.06,1114.99,1056.79,998.59,,,,,,,,,,
08-Oct-25,28-Oct-25,ABB,Holding,5110.5,5300,5000.05,2.21,5599.95,9.58,0.62,40.28,-15.64,-3.98,-11.66,5441.7,5259.38,5077.06,,,,,,,,,,
08-Oct-25,28-Oct-25,ABCAPITAL,Non-Hld,295.25,300,282.6,4.48,317.4,7.51,0.56,54.89,4.93,4.25,0.68,304.76,291.98,279.19,,,,,,,,,,
08-Oct-25,28-Oct-25,ADANIENSOL,Non-Hld,913.3,1000,993,-8.02,1007,10.26,0.6,63.5,27.19,23.99,3.21,955.26,875.58,795.89,,,,,,,,,,
08-Oct-25,28-Oct-25,ADANIENT,Non-Hld,2525,2600,2442.8,3.37,2757.2,9.2,0.56,54.56,48.28,50.69,-2.41,2698.47,2506.27,2314.07,,,,,,,,,,
08-Oct-25,28-Oct-25,ADANIGREEN,Non-Hld,1045.5,1100,1009.35,3.59,1190.65,13.89,0.48,54.16,23.13,25.32,-2.19,1141.99,1037.66,933.33,,,,,,,,,,
08-Oct-25,28-Oct-25,ADANIPORTS,Non-Hld,1390.9,1400,1340.1,3.8,1459.9,4.97,0.59,49.82,8.57,11.86,-3.29,1442.67,1408.24,1373.81,,,,,,,,,,
08-Oct-25,28-Oct-25,ALKEM,Non-Hld,5499,5600,5529.4,-0.54,5670.6,3.13,0.6,58.32,45.79,57.47,-11.68,5584.97,5471.52,5358.08,,,,,,,,,,
08-Oct-25,28-Oct-25,AMBER,Non-Hld,8251,8500,7897.85,4.48,9102.15,10.32,0.52,55.98,153.76,179.2,-25.45,8524.14,8207.28,7890.41,,,,,,,,,,
08-Oct-25,28-Oct-25,AMBUJACEM,Non-Hld,565,600,559.7,0.95,640.3,13.33,0.74,43.32,-2.09,-1.61,-0.48,591.77,573.71,555.65,,,,,,,,,,
08-Oct-25,28-Oct-25,ANGELONE,Non-Hld,2213,2300,2096.45,5.56,2503.55,13.13,0.68,43.79,-48.31,-65.62,17.31,2321.42,2220.65,2119.88,,,,,,,,,,
08-Oct-25,28-Oct-25,APLAPOLLO,Non-Hld,1721.6,1700,1612.5,6.77,1787.5,3.83,0.59,59.26,19.21,16,3.21,1744.44,1699.88,1655.32,,,,,,,,,,
08-Oct-25,28-Oct-25,APOLLOHOSP,Non-Hld,7668.5,7800,7535.05,1.78,8064.95,5.17,0.59,50.95,-31.13,-23.5,-7.62,8024.96,7693.25,7361.54,,,,,,,,,,
08-Oct-25,28-Oct-25,ASHOKLEY,Non-Hld,139.05,140,132.5,4.95,147.5,6.08,0.44,55.61,2.43,3.05,-0.62,145.41,138.89,132.37,,,,,,,,,,
08-Oct-25,28-Oct-25,ASIANPAINT,Non-Hld,2323,2500,2322.65,0.02,2677.35,15.26,0.58,29.99,-44.48,-33.5,-10.98,2587.65,2431.94,2276.24,,,,,,,,,,
08-Oct-25,28-Oct-25,ASTRAL,Non-Hld,1398.8,1500,1387.15,0.84,1612.85,15.31,0.46,48.4,-8.54,-5.82,-2.72,1492.89,1422.15,1351.41,,,,,,,,,,
08-Oct-25,28-Oct-25,AUBANK,Non-Hld,766,770,724.9,5.67,815.1,6.41,0.69,65.34,8.24,2.49,5.74,767.88,729.63,691.39,,,,,,,,,,
08-Oct-25,28-Oct-25,AUROPHARMA,Non-Hld,1068,1100,1038.5,2.85,1161.5,8.76,0.83,44.13,2.77,5.27,-2.51,1128.67,1095.24,1061.8,,,,,,,,,,
08-Oct-25,28-Oct-25,AXISBANK,Non-Hld,1179.5,1200,1145.95,2.93,1254.05,6.33,0.41,62.63,25.64,21.5,4.14,1212.56,1143.12,1073.69,,,,,,,,,,
08-Oct-25,28-Oct-25,BAJAJ-AUTO,Non-Hld,8769,9000,8562.7,2.41,9437.3,7.63,0.56,48.21,-16.08,13.68,-29.76,9254.32,8909.88,8565.43,,,,,,,,,,
08-Oct-25,28-Oct-25,BAJAJFINSV,Non-Hld,2010.2,1800,1797.9,11.81,1802.1,-10.35,0.62,48.03,4.34,10.76,-6.42,2101.62,2044.58,1987.54,,,,,,,,,,
08-Oct-25,28-Oct-25,BAJFINANCE,Non-Hld,1023.1,1020,972.15,5.25,1067.85,4.38,0.73,65.05,20.05,21.88,-1.83,1033.92,1001.32,968.73,,,,,,,,,,
08-Oct-25,28-Oct-25,BANDHANBNK,Non-Hld,160.73,170,156.6,2.64,183.4,14.11,0.82,44.53,-0.87,-1.26,0.39,169.45,163.06,156.68,,,,,,,,,,
08-Oct-25,28-Oct-25,BANKBARODA,Non-Hld,261.25,270,255.95,2.08,284.05,8.73,0.76,66.33,6,4.78,1.23,269.27,251.34,233.41,,,,,,,,,,
08-Oct-25,28-Oct-25,BANKINDIA,Non-Hld,125,130,122.25,2.25,137.75,10.2,0.61,64.23,2.71,2.2,0.51,127.07,120.8,114.54,,,,,,,,,,
08-Oct-25,28-Oct-25,BDL,Non-Hld,1494,1600,1468.55,1.74,1731.45,15.9,0.58,42.39,-6.26,-2.58,-3.68,1656.07,1556.92,1457.78,,,,,,,,,,
08-Oct-25,28-Oct-25,BEL,Holding,403.6,410,391.3,3.15,428.7,6.22,0.61,54.3,5.87,5.73,0.14,418.12,403.02,387.93,,,,,,,,,,
08-Oct-25,28-Oct-25,BHARATFORG,Non-Hld,1186.2,1200,1133.9,4.62,1266.1,6.74,0.69,45.37,5.9,10.48,-4.58,1281.01,1227.9,1174.8,,,,,,,,,,
08-Oct-25,28-Oct-25,BHARTIARTL,Non-Hld,1939,1900,1830.95,5.91,1969.05,1.55,0.64,57.98,1.52,1.26,0.26,1970.28,1919.72,1869.17,,,,,,,,,,
08-Oct-25,28-Oct-25,BHEL,Non-Hld,239.79,240,227.05,5.62,252.95,5.49,0.71,56.84,4.46,3.63,0.83,247.83,235.62,223.42,,,,,,,,,,
08-Oct-25,28-Oct-25,BIOCON,Non-Hld,348.35,360,341.85,1.91,378.15,8.56,0.6,44.43,-4.16,-3.73,-0.43,373.48,355.18,336.89,,,,,,,,,,
08-Oct-25,28-Oct-25,BLUESTARCO,Non-Hld,1896,2000,1858.05,2.05,2141.95,12.98,0.74,48.03,3,10.68,-7.68,1983.64,1915.65,1847.66,,,,,,,,,,
08-Oct-25,28-Oct-25,BOSCHLTD,Non-Hld,38310,40000,39721.25,-3.55,40278.75,5.14,0.63,40.5,-318.84,-214.27,-104.58,40849.25,39205.75,37562.25,,,,,,,,,,
08-Oct-25,28-Oct-25,BPCL,Non-Hld,345.1,340,322,7.18,358,3.74,0.92,69.76,6.34,4.62,1.72,348.64,330.02,311.41,,,,,,,,,,
08-Oct-25,28-Oct-25,BRITANNIA,Non-Hld,5825.5,6000,5741.2,1.47,6258.8,7.44,0.53,41.66,8.71,42.97,-34.26,6299.12,6043.82,5788.53,,,,,,,,,,
08-Oct-25,28-Oct-25,BSE,Holding,2230.8,2200,2020.7,10.4,2379.3,6.66,0.83,54.97,-30.95,-54.28,23.33,2298.36,2154.74,2011.13,,,,,,,,,,
08-Oct-25,28-Oct-25,CAMS,Holding,3785,3800,3580.1,5.73,4019.9,6.21,0.61,42.52,-23.13,-9.15,-13.98,4080.34,3883.84,3687.33,,,,,,,,,,
08-Oct-25,28-Oct-25,CANBK,Non-Hld,126.1,130,121.95,3.41,138.05,9.48,0.73,67.76,4.27,3.61,0.67,130.24,119.34,108.43,,,,,,,,,,
08-Oct-25,28-Oct-25,CDSL,Holding,1537.8,1600,1500.95,2.46,1699.05,10.49,0.66,52.35,-7.57,-11.7,4.14,1605.62,1528.84,1452.07,,,,,,,,,,
08-Oct-25,28-Oct-25,CGPOWER,Holding,741.1,840,746.95,-0.78,933.05,25.91,0.6,49.48,5.02,10.86,-5.84,803.56,765.21,726.86,,,,,,,,,,
08-Oct-25,28-Oct-25,CHOLAFIN,Non-Hld,1610.3,1600,1522.9,5.74,1677.1,4.15,0.72,56.51,27.83,27.51,0.32,1666.64,1584.02,1501.41,,,,,,,,,,
08-Oct-25,28-Oct-25,CIPLA,Non-Hld,1492,1600,1492.35,-0.02,1707.65,14.46,0.59,38.47,-13.32,-9.66,-3.66,1591.49,1533.98,1476.46,,,,,,,,,,
08-Oct-25,28-Oct-25,COALINDIA,Holding,382.05,400,380.25,0.48,419.75,9.87,0.68,41.58,-0.26,1.53,-1.79,400.52,390.98,381.44,,,,,,,,,,
08-Oct-25,28-Oct-25,COFORGE,Non-Hld,1709.5,1700,1577.05,8.4,1822.95,6.64,0.53,54.38,-20.45,-25.41,4.96,1864.86,1690.33,1515.81,,,,,,,,,,
08-Oct-25,28-Oct-25,COLPAL,Non-Hld,2216.6,2340,2198.4,0.83,2481.6,11.96,0.78,36.03,-32.23,-21.62,-10.6,2429.56,2297.65,2165.74,,,,,,,,,,
08-Oct-25,28-Oct-25,CONCOR,Non-Hld,528,540,512.2,3.09,567.8,7.54,0.73,38.76,-6.5,-6.11,-0.39,568.25,541.17,514.1,,,,,,,,,,
08-Oct-25,28-Oct-25,CROMPTON,Non-Hld,285.6,300,280.4,1.86,319.6,11.91,0.57,24.16,-9.22,-7.93,-1.3,325.1,303.04,280.99,,,,,,,,,,
08-Oct-25,28-Oct-25,CUMMINSIND,Non-Hld,3906,4000,3813.95,2.42,4186.05,7.17,0.72,47.51,12.71,33.99,-21.28,4140.06,3999.7,3859.34,,,,,,,,,,
08-Oct-25,28-Oct-25,CYIENT,Non-Hld,1176,1200,1116.8,5.31,1283.2,9.12,0.63,45.04,-12.41,-11.15,-1.26,1278.48,1197.9,1117.32,,,,,,,,,,
08-Oct-25,28-Oct-25,DABUR,Non-Hld,479.6,500,475.1,0.95,524.9,9.45,0.41,26.13,-10.97,-6.97,-4,558.71,515.8,472.88,,,,,,,,,,
08-Oct-25,28-Oct-25,DALBHARAT,Non-Hld,2230,2400,2214.6,0.7,2585.4,15.94,0.53,34.05,-33.39,-19.34,-14.05,2506.25,2329.09,2151.93,,,,,,,,,,
08-Oct-25,28-Oct-25,DELHIVERY,Non-Hld,468.3,500,463.4,1.06,536.6,14.59,0.84,54.28,-1.81,-1.91,0.1,490.44,461.97,433.51,,,,,,,,,,
08-Oct-25,28-Oct-25,DIVISLAB,Non-Hld,6106,6000,5695.2,7.22,6304.8,3.26,0.84,56.42,-55.25,-82.8,27.56,6285.86,5966.1,5646.34,,,,,,,,,,
08-Oct-25,28-Oct-25,DIXON,Non-Hld,16848,17000,15987.85,5.39,18012.15,6.91,0.77,42.89,-131.37,15.32,-146.68,18945.15,17599.2,16253.25,,,,,,,,,,
08-Oct-25,28-Oct-25,DLF,Non-Hld,724.15,740,701.15,3.29,778.85,7.56,0.65,39.53,-11.26,-10.24,-1.02,798.42,748.33,698.24,,,,,,,,,,
08-Oct-25,28-Oct-25,DMART,Non-Hld,4285,4700,4677.85,-8.39,4722.15,10.21,0.56,30.12,-67.52,-18.79,-48.72,4851.86,4562.76,4273.66,,,,,,,,,,
08-Oct-25,28-Oct-25,DRREDDY,Non-Hld,1235.1,1320,1233.55,0.13,1406.45,13.88,0.58,39.38,-9.72,-3.22,-6.5,1347.2,1280.5,1213.79,,,,,,,,,,
08-Oct-25,28-Oct-25,EICHERMOT,Non-Hld,6890.5,7000,6734.1,2.33,7265.9,5.45,0.78,59.81,162.41,212.11,-49.71,7081.25,6933,6784.75,,,,,,,,,,
08-Oct-25,28-Oct-25,ETERNAL,Non-Hld,341.15,320,291.85,16.9,348.15,2.06,0.73,64.21,4.44,4.49,-0.05,344.01,330.94,317.87,,,,,,,,,,
08-Oct-25,28-Oct-25,EXIDEIND,Non-Hld,397.3,400,382.25,3.94,417.75,5.15,0.71,46.82,-1.92,-0.79,-1.13,429.92,405.9,381.88,,,,,,,,,,
08-Oct-25,28-Oct-25,FEDERALBNK,Non-Hld,202.38,200,190.5,6.24,209.5,3.52,0.78,65.22,0.26,-0.59,0.86,201.25,195.43,189.61,,,,,,,,,,
08-Oct-25,28-Oct-25,FORTIS,Non-Hld,1054,1050,996.35,5.79,1103.65,4.72,0.74,71.36,26.82,19.13,7.68,1043.33,978.29,913.24,,,,,,,,,,
08-Oct-25,28-Oct-25,GAIL,Non-Hld,177.21,180,171.9,3.09,188.1,6.15,0.67,50.73,0.05,-0.01,0.06,183.58,177.93,172.27,,,,,,,,,,
08-Oct-25,28-Oct-25,GLENMARK,Non-Hld,1925,2200,2196.9,-12.37,2203.1,14.45,0.65,37.86,-19.8,-8.8,-11,2155.9,2026.17,1896.44,,,,,,,,,,
08-Oct-25,28-Oct-25,GMRAIRPORT,Non-Hld,87.35,95,87.2,0.18,102.8,17.69,0.52,44.15,-0.2,-0.04,-0.17,92.99,89.26,85.54,,,,,,,,,,
08-Oct-25,28-Oct-25,GODREJCP,Non-Hld,1127,1200,1119.5,0.67,1280.5,13.63,0.6,29.49,-25.7,-18.43,-7.27,1288.5,1200.84,1113.18,,,,,,,,,,
08-Oct-25,28-Oct-25,GODREJPROP,Non-Hld,2027.2,2000,1874.6,8.15,2125.4,4.85,0.62,49.77,-1.17,-5.5,4.33,2137.73,2036.83,1935.94,,,,,,,,,,
08-Oct-25,28-Oct-25,GRASIM,Non-Hld,2781.4,2800,2693.85,3.25,2906.15,4.49,0.55,45.85,-3.16,0.09,-3.25,2883.64,2806.66,2729.68,,,,,,,,,,
08-Oct-25,28-Oct-25,HAL,Non-Hld,4782,5000,4694.6,1.87,5305.4,10.95,0.59,55.83,63.07,66.1,-3.03,4959.5,4782.93,4606.37,,,,,,,,,,
08-Oct-25,28-Oct-25,HAVELLS,Non-Hld,1504.7,1600,1489.1,1.05,1710.9,13.71,0.61,38.57,-16.9,-9.35,-7.55,1632.18,1547,1461.83,,,,,,,,,,
08-Oct-25,28-Oct-25,HCLTECH,Non-Hld,1452.5,1500,1417.2,2.5,1582.8,8.98,0.74,53.43,-14.48,-17.76,3.28,1495.81,1427.7,1359.59,,,,,,,,,,
08-Oct-25,28-Oct-25,HDFCAMC,Non-Hld,5458,5500,5225,4.46,5775,5.81,0.78,38.63,-31.03,2.72,-33.75,5959.83,5715.4,5470.97,,,,,,,,,,
08-Oct-25,28-Oct-25,HDFCBANK,Non-Hld,977.2,1000,964.25,1.35,1035.75,6,0.81,58.69,-0.14,-3.67,3.53,983.98,963.94,943.91,,,,,,,,,,
08-Oct-25,28-Oct-25,HDFCLIFE,Non-Hld,750.3,800,743.65,0.9,856.35,14.14,0.57,37.85,-4.8,-2.54,-2.26,790.47,769.13,747.8,,,,,,,,,,
08-Oct-25,28-Oct-25,HEROMOTOCO,Non-Hld,5520,5600,5336.7,3.44,5863.3,6.22,0.75,61.75,120.12,121.53,-1.41,5595.11,5395.55,5195.99,,,,,,,,,,
08-Oct-25,28-Oct-25,HFCL,Non-Hld,73.23,75,69.2,5.83,80.8,10.34,0.56,47.67,0.14,0.2,-0.05,78.08,74.31,70.54,,,,,,,,,,
08-Oct-25,28-Oct-25,HINDALCO,Non-Hld,768,800,758.7,1.23,841.3,9.55,0.68,63.97,13.07,12.7,0.37,777.87,754.7,731.52,,,,,,,,,,
08-Oct-25,28-Oct-25,HINDPETRO,Non-Hld,458,500,452.9,1.13,547.1,19.46,0.53,75.68,14.95,11.09,3.86,464.34,422.98,381.61,,,,,,,,,,
08-Oct-25,28-Oct-25,HINDUNILVR,Non-Hld,2496,2600,2478.4,0.72,2721.6,9.04,0.55,39.23,-18.48,-13.05,-5.44,2629.75,2553.52,2477.3,,,,,,,,,,
08-Oct-25,28-Oct-25,HINDZINC,Non-Hld,489.15,500,469.3,4.23,530.7,8.5,0.62,66.8,13.18,10.45,2.73,498.54,465.73,432.92,,,,,,,,,,
08-Oct-25,28-Oct-25,HUDCO,Non-Hld,225.69,230,216.4,4.3,243.6,7.94,0.58,51.48,3.32,3.53,-0.21,239.51,226.4,213.28,,,,,,,,,,
08-Oct-25,28-Oct-25,ICICIBANK,Non-Hld,1367.8,1400,1349,1.4,1451,6.09,0.74,40.94,-13.71,-13.24,-0.46,1437.16,1388.21,1339.25,,,,,,,,,,
08-Oct-25,28-Oct-25,ICICIGI,Non-Hld,1879,1900,1803.5,4.19,1996.5,6.26,0.64,46.79,3.92,1.67,2.26,1918.54,1884.36,1850.19,,,,,,,,,,
08-Oct-25,28-Oct-25,ICICIPRULI,Non-Hld,592.15,620,582.35,1.69,657.65,11.07,0.74,42.68,-3.7,-4.61,0.91,610.38,599.22,588.07,,,,,,,,,,
08-Oct-25,28-Oct-25,IDEA,Non-Hld,9.06,10,8.4,7.86,11.6,28.04,0.57,63.97,0.44,0.39,0.05,9.26,8.26,7.27,,,,,,,,,,
08-Oct-25,28-Oct-25,IDFCFIRSTB,Non-Hld,71.87,70,65.7,9.4,74.3,3.39,0.67,57.8,-0.02,-0.16,0.13,73.38,70.91,68.45,,,,,,,,,,
08-Oct-25,28-Oct-25,IEX,Holding,139.2,145,135.55,2.7,154.45,10.96,0.72,40.38,-1.5,-1.51,0.01,150.32,143.43,136.55,,,,,,,,,,
08-Oct-25,28-Oct-25,IGL,Non-Hld,217.7,220,206.65,5.35,233.35,7.19,0.53,59.99,0.94,0.22,0.71,220.19,211.31,202.43,,,,,,,,,,
08-Oct-25,28-Oct-25,IIFL,Non-Hld,489,500,467.95,4.5,532.05,8.81,0.64,66.72,5.55,-0.06,5.6,479.4,449.34,419.28,,,,,,,,,,
08-Oct-25,28-Oct-25,INDHOTEL,Non-Hld,729,800,728.25,0.11,871.75,19.59,0.55,39.88,-12.01,-9.72,-2.29,803.44,751.15,698.86,,,,,,,,,,
08-Oct-25,28-Oct-25,INDIANB,Non-Hld,761.6,760,721.8,5.52,798.2,4.81,0.86,71.24,23.02,18.83,4.19,769.38,718.16,666.94,,,,,,,,,,
08-Oct-25,28-Oct-25,INDIGO,Holding,5630.5,6000,5648.6,-0.32,6351.4,12.81,0.68,44.95,-36.04,-39.47,3.44,5782.8,5678.48,5574.15,,,,,,,,,,
08-Oct-25,28-Oct-25,INDUSINDBK,Non-Hld,742.4,750,709,4.72,791,6.55,0.99,47.16,-6.2,-9.1,2.89,758.62,740.2,721.77,,,,,,,,,,
08-Oct-25,28-Oct-25,INDUSTOWER,Non-Hld,355,360,339.75,4.49,380.25,7.12,0.69,52.47,0.71,0.21,0.49,363.54,354.21,344.88,,,,,,,,,,
08-Oct-25,28-Oct-25,INFY,Non-Hld,1492,1500,1422.3,4.91,1577.7,5.75,0.83,52.9,-8.69,-7.76,-0.92,1557.34,1491.08,1424.82,,,,,,,,,,
08-Oct-25,28-Oct-25,INOXWIND,Non-Hld,140.7,140,131.1,7.33,148.9,5.83,0.51,43.85,-2.1,-1.65,-0.44,155.5,145.36,135.23,,,,,,,,,,
08-Oct-25,28-Oct-25,IOC,Non-Hld,153.42,155,148.6,3.25,161.4,5.21,0.72,70,2.87,2.18,0.69,155.05,147.74,140.43,,,,,,,,,,
08-Oct-25,28-Oct-25,IRCTC,Holding,702.95,750,698.45,0.65,801.55,14.03,0.56,40.37,-4.4,-3.83,-0.58,739.42,717.16,694.89,,,,,,,,,,
08-Oct-25,28-Oct-25,IREDA,Non-Hld,148.5,160,144.5,2.77,175.5,18.19,0.42,46.51,0.49,0.81,-0.31,159.67,151.88,144.09,,,,,,,,,,
08-Oct-25,28-Oct-25,IRFC,Non-Hld,124.55,130,120.6,3.28,139.4,11.93,0.51,45.87,-0.29,-0.26,-0.03,130.57,126.33,122.09,,,,,,,,,,
08-Oct-25,28-Oct-25,ITC,Non-Hld,399.5,410,396.1,0.86,423.9,6.11,0.63,40.81,-2.43,-1.81,-0.62,417.1,406.72,396.35,,,,,,,,,,
08-Oct-25,28-Oct-25,JINDALSTEL,Non-Hld,1019.9,1100,1015.35,0.45,1184.65,16.16,0.57,45.45,9.08,13.54,-4.46,1073.93,1046.47,1019,,,,,,,,,,
08-Oct-25,28-Oct-25,JIOFIN,Non-Hld,304.7,320,300.1,1.54,339.9,11.56,0.67,45.51,-3.3,-3.72,0.42,322.74,307.68,292.61,,,,,,,,,,
08-Oct-25,28-Oct-25,JSWENERGY,Non-Hld,535.1,550,517.45,3.42,582.55,8.87,0.5,52.25,4.65,4.2,0.45,550.83,534.33,517.82,,,,,,,,,,
08-Oct-25,28-Oct-25,JSWSTEEL,Non-Hld,1146,1300,1299.35,-11.8,1300.65,13.5,0.64,61.18,20.69,20.67,0.02,1170.85,1129.43,1088.01,,,,,,,,,,
08-Oct-25,28-Oct-25,JUBLFOOD,Non-Hld,602.8,620,586.45,2.79,653.55,8.42,0.59,36.89,-7.54,-6.74,-0.8,651.22,625.01,598.8,,,,,,,,,,
08-Oct-25,28-Oct-25,KALYANKJIL,Non-Hld,483.25,500,464.45,4.05,535.55,10.83,0.54,44.81,-10.98,-13.1,2.12,532.99,489.54,446.09,,,,,,,,,,
08-Oct-25,28-Oct-25,KAYNES,Non-Hld,7170,7400,6839.8,4.83,7960.2,11.03,0.52,53.65,190,217.03,-27.03,7543.82,7237.18,6930.53,,,,,,,,,,
08-Oct-25,28-Oct-25,KEI,Non-Hld,4250,4200,3935.1,8.01,4464.9,5.06,0.71,63.33,43.61,40.88,2.73,4244.33,4122.15,3999.97,,,,,,,,,,
08-Oct-25,28-Oct-25,KFINTECH,Holding,1035,1100,1007.75,2.71,1192.25,15.2,0.51,37.44,-15.1,-11.35,-3.75,1147.48,1085.94,1024.4,,,,,,,,,,
08-Oct-25,28-Oct-25,KOTAKBANK,Non-Hld,2112.8,2100,2018.65,4.67,2181.35,3.25,1.02,64.9,29.13,15.39,13.74,2139.98,2034.71,1929.43,,,,,,,,,,
08-Oct-25,28-Oct-25,KPITTECH,Non-Hld,1155,1200,1119.3,3.19,1280.7,10.89,0.66,40.89,-21.64,-11.83,-9.81,1338.14,1225.69,1113.24,,,,,,,,,,
08-Oct-25,28-Oct-25,LAURUSLABS,Non-Hld,853,900,835.45,2.11,964.55,13.08,0.57,43.33,-4.42,0.96,-5.39,938.94,883.94,828.95,,,,,,,,,,
08-Oct-25,28-Oct-25,LICHSGFIN,Non-Hld,561.9,600,560.05,0.34,639.95,13.9,0.73,43.08,0.03,1.15,-1.12,592.72,573.54,554.36,,,,,,,,,,
08-Oct-25,28-Oct-25,LICI,Non-Hld,895.25,900,860.6,4.03,939.4,4.94,0.41,50.43,4.63,2.94,1.69,914.65,891.96,869.26,,,,,,,,,,
08-Oct-25,28-Oct-25,LODHA,Non-Hld,1128,1200,1108.35,1.78,1291.65,14.51,0.6,37.95,-25.31,-23.13,-2.17,1233.35,1168.18,1103.02,,,,,,,,,,
08-Oct-25,28-Oct-25,LT,Non-Hld,3728,3800,3663.3,1.77,3936.7,5.6,0.45,60.75,33.75,27.33,6.42,3779.37,3663.38,3547.38,,,,,,,,,,
08-Oct-25,28-Oct-25,LTF,Non-Hld,255.02,260,243.55,4.71,276.45,8.41,0.84,65.35,8.96,8.62,0.34,264.09,246.38,228.68,,,,,,,,,,
08-Oct-25,28-Oct-25,LTIM,Non-Hld,5340,5300,4985,7.13,5615,5.15,0.71,57.15,3.15,2.62,0.54,5517.53,5278.38,5039.22,,,,,,,,,,
08-Oct-25,28-Oct-25,LUPIN,Non-Hld,1902.8,1940,1852.65,2.71,2027.35,6.55,0.61,40.63,-9.85,0.68,-10.53,2083.35,1984.75,1886.15,,,,,,,,,,
08-Oct-25,28-Oct-25,M%26M,Non-Hld,3425,3500,3330.3,2.85,3669.7,7.15,0.49,45.83,7.34,28.77,-21.43,3690.46,3532.92,3375.38,,,,,,,,,,
08-Oct-25,28-Oct-25,MANAPPURAM,Non-Hld,292.2,300,282.85,3.31,317.15,8.54,0.55,59.52,3.08,3.37,-0.3,298.29,288.42,278.55,,,,,,,,,,
08-Oct-25,28-Oct-25,MANKIND,Non-Hld,2450,2600,2417.15,1.36,2782.85,13.59,0.56,39.92,-27.17,-16.14,-11.03,2674.04,2534.33,2394.62,,,,,,,,,,
08-Oct-25,28-Oct-25,MARICO,Non-Hld,710,740,704.85,0.74,775.15,9.18,0.77,47.08,-3.69,-4.04,0.35,737.89,714.44,690.99,,,,,,,,,,
08-Oct-25,28-Oct-25,MARUTI,Non-Hld,16014,17000,15954,0.38,18046,12.69,0.54,64.67,403.7,488.32,-84.63,16540.5,15823.35,15106.2,,,,,,,,,,
08-Oct-25,28-Oct-25,MAXHEALTH,Non-Hld,1143.8,1200,1127.4,1.46,1272.6,11.27,0.85,48.42,-18.56,-20.67,2.11,1203.39,1145.6,1087.81,,,,,,,,,,
08-Oct-25,28-Oct-25,MAZDOCK,Non-Hld,2819,3000,2765.8,1.93,3234.2,14.73,0.55,46.81,10.36,18.51,-8.15,3042.64,2885.87,2729.09,,,,,,,,,,
08-Oct-25,28-Oct-25,MCX,Holding,8175,8000,7469.6,9.45,8530.4,4.35,0.67,59.65,85.84,49.53,36.31,8309.54,7934.28,7559.01,,,,,,,,,,
08-Oct-25,28-Oct-25,MFSL,Non-Hld,1568.9,1600,1524.2,2.94,1675.8,6.82,0.63,46.85,0.92,-0.6,1.51,1622.83,1578.1,1533.38,,,,,,,,,,
08-Oct-25,28-Oct-25,MOTHERSON,Holding,101.55,110,100.35,1.2,119.65,17.83,0.47,44,1.22,2.11,-0.88,112.53,106.46,100.4,,,,,,,,,,
08-Oct-25,28-Oct-25,MPHASIS,Non-Hld,2798.8,2900,2726,2.68,3074,9.84,0.65,50.14,-22.18,-20.11,-2.07,3065.28,2827.54,2589.8,,,,,,,,,,
08-Oct-25,28-Oct-25,MUTHOOTFIN,Non-Hld,3265,3200,3031.95,7.69,3368.05,3.16,0.7,77.63,114.24,99.52,14.72,3273.09,3045.88,2818.67,,,,,,,,,,
08-Oct-25,28-Oct-25,NATIONALUM,Non-Hld,223.55,220,206.7,8.16,233.3,4.37,0.79,67.89,5.3,4.65,0.65,223.09,211.98,200.87,,,,,,,,,,
08-Oct-25,28-Oct-25,NAUKRI,Non-Hld,1369.2,1400,1328.55,3.06,1471.45,7.47,0.78,51.03,-3.62,-5.91,2.29,1419.06,1363.48,1307.91,,,,,,,,,,
08-Oct-25,28-Oct-25,NBCC,Non-Hld,110.8,110,102.9,7.68,117.1,5.69,0.51,54.85,1.3,1.04,0.25,114.74,109.6,104.46,,,,,,,,,,
08-Oct-25,28-Oct-25,NCC,Non-Hld,206.65,210,198.75,3.98,221.25,7.07,0.62,42.22,-1.3,-1.41,0.11,218,210.28,202.57,,,,,,,,,,
08-Oct-25,28-Oct-25,NESTLEIND,Non-Hld,1177.1,1200,1154.05,2,1245.95,5.85,0.72,51.03,-2.06,-0.64,-1.41,1229.61,1186.63,1143.65,,,,,,,,,,
08-Oct-25,28-Oct-25,NHPC,Non-Hld,85.31,90,84.15,1.38,95.85,12.36,0.48,52.39,0.99,1.1,-0.11,90.01,85.87,81.73,,,,,,,,,,
08-Oct-25,28-Oct-25,NMDC,Non-Hld,76.3,80,74.9,1.87,85.1,11.54,0.76,56.16,0.89,1.12,-0.23,77.72,76.2,74.69,,,,,,,,,,
08-Oct-25,28-Oct-25,NTPC,Non-Hld,334,345,330.9,0.94,359.1,7.52,0.51,45.52,1.57,2.1,-0.54,347.21,337.46,327.72,,,,,,,,,,
08-Oct-25,28-Oct-25,NUVAMA,Non-Hld,7007,7000,6601,6.16,7399,5.6,0.78,67.21,54.4,-59.04,113.44,6968.81,6425.65,5882.49,,,,,,,,,,
08-Oct-25,28-Oct-25,NYKAA,Non-Hld,257,260,245.85,4.54,274.15,6.68,0.63,66.77,5.62,4.01,1.6,257.99,241.84,225.69,,,,,,,,,,
08-Oct-25,28-Oct-25,OBEROIRLTY,Non-Hld,1568,1700,1551.5,1.07,1848.5,17.89,0.75,40.14,-12.75,-11.83,-0.92,1681.4,1620.26,1559.12,,,,,,,,,,
08-Oct-25,28-Oct-25,OFSS,Non-Hld,9181,9500,8919.95,2.93,10080.05,9.8,0.69,58.55,90.57,59.78,30.79,9490.48,8980.8,8471.12,,,,,,,,,,
08-Oct-25,28-Oct-25,OIL,Non-Hld,415.9,420,395.7,5.11,444.3,6.83,0.52,55.98,3.27,1.23,2.04,425.04,407.26,389.49,,,,,,,,,,
08-Oct-25,28-Oct-25,ONGC,Non-Hld,241.99,250,239.85,0.9,260.15,7.51,0.32,57.08,2.17,1.41,0.75,246.33,238.24,230.15,,,,,,,,,,
08-Oct-25,28-Oct-25,PAGEIND,Non-Hld,41625,45000,44882.1,-7.25,45117.9,8.4,0.4,39.31,-849.31,-819.45,-29.86,45755.36,43024.25,40293.14,,,,,,,,,,
08-Oct-25,28-Oct-25,PATANJALI,Non-Hld,596,600,568.45,4.85,631.55,5.97,0.45,51.33,-1.85,-2,0.15,611.88,596.55,581.23,,,,,,,,,,
08-Oct-25,28-Oct-25,PAYTM,Non-Hld,1224,1240,1157.55,5.75,1322.45,8.05,0.83,57.67,2.57,-1.53,4.1,1273.28,1190.95,1108.62,,,,,,,,,,
08-Oct-25,28-Oct-25,PERSISTENT,Non-Hld,5272,5200,4821.55,9.35,5578.45,5.82,0.67,52.24,-52.9,-63.14,10.24,5683.82,5244.92,4806.01,,,,,,,,,,
08-Oct-25,28-Oct-25,PETRONET,Non-Hld,283.8,310,284,-0.07,336,18.4,1.05,56.68,0.86,-0.56,1.42,286.5,277.54,268.58,,,,,,,,,,
08-Oct-25,28-Oct-25,PFC,Holding,399.5,410,389.45,2.59,430.55,7.78,0.74,45.7,1.44,1.67,-0.23,415.78,405.5,395.22,,,,,,,,,,
08-Oct-25,28-Oct-25,PGEL,Non-Hld,513.85,540,497.4,3.31,582.6,13.38,0.45,34.51,-20.88,-21.43,0.56,596.54,543.21,489.88,,,,,,,,,,
08-Oct-25,28-Oct-25,PHOENIXLTD,Non-Hld,1591.4,1600,1508.55,5.5,1691.45,6.29,0.66,55.27,12.15,13.75,-1.6,1647.8,1585.69,1523.58,,,,,,,,,,
08-Oct-25,28-Oct-25,PIDILITIND,Non-Hld,1495,1500,1448.2,3.24,1551.8,3.8,0.66,46.07,-13.49,-11.3,-2.18,1559.08,1506.13,1453.18,,,,,,,,,,
08-Oct-25,28-Oct-25,PIIND,Non-Hld,3500,3600,3423.9,2.23,3776.1,7.89,0.68,35.17,-64.82,-66.79,1.98,3806.51,3633.82,3461.12,,,,,,,,,,
08-Oct-25,28-Oct-25,PNB,Non-Hld,113.15,115,109.65,3.2,120.35,6.37,0.66,59.12,1.87,1.67,0.2,116.31,111.16,106.01,,,,,,,,,,
08-Oct-25,28-Oct-25,PNBHOUSING,Non-Hld,879.1,900,836.35,5.12,963.65,9.62,0.61,54.76,14.18,11.61,2.57,918.96,863.34,807.71,,,,,,,,,,
08-Oct-25,28-Oct-25,POLICYBZR,Non-Hld,1765.8,1700,1586.5,11.31,1813.5,2.71,0.84,49.63,-24.04,-26.21,2.17,1863.55,1762.44,1661.32,,,,,,,,,,
08-Oct-25,28-Oct-25,POLYCAB,Non-Hld,7581,7400,6919.95,9.56,7880.05,3.95,0.6,63.65,98.83,96.82,2.01,7705.34,7416.85,7128.36,,,,,,,,,,
08-Oct-25,28-Oct-25,POWERGRID,Holding,285,300,282.85,0.77,317.15,11.29,0.55,49.46,0.05,-0.13,0.18,292.75,286.1,279.46,,,,,,,,,,
08-Oct-25,28-Oct-25,POWERINDIA,Non-Hld,17819,20000,17745.35,0.42,22254.65,24.9,0.29,35.84,-441.5,-297.43,-144.07,20553.87,19012.3,17470.73,,,,,,,,,,
08-Oct-25,28-Oct-25,PPLPHARMA,Non-Hld,193.92,210,192.1,0.95,227.9,17.53,0.42,45.85,-0.65,-0.13,-0.52,208.75,198.57,188.39,,,,,,,,,,
08-Oct-25,28-Oct-25,PRESTIGE,Non-Hld,1507.1,1600,1482.6,1.66,1717.4,13.96,0.82,40.11,-20.45,-16.85,-3.6,1654.67,1565.88,1477.09,,,,,,,,,,
08-Oct-25,28-Oct-25,RBLBANK,Non-Hld,287.05,300,269.55,6.5,330.45,15.12,0.43,67.32,4.01,3.54,0.47,281.98,272.94,263.9,,,,,,,,,,
08-Oct-25,28-Oct-25,RECLTD,Non-Hld,372.8,380,360.65,3.37,399.35,7.13,0.93,45.33,-0.09,0.12,-0.21,388.46,377.88,367.3,,,,,,,,,,
08-Oct-25,28-Oct-25,RELIANCE,Non-Hld,1367.3,1400,1343.2,1.8,1456.8,6.55,0.7,43.31,-5.78,-4.85,-0.93,1416.96,1385.28,1353.6,,,,,,,,,,
08-Oct-25,28-Oct-25,RVNL,Non-Hld,347.05,350,322.95,7.47,377.05,8.65,0.36,51.35,2.09,2.24,-0.15,366.29,348.23,330.18,,,,,,,,,,
08-Oct-25,28-Oct-25,SAIL,Non-Hld,132,140,129.45,1.97,150.55,14.06,0.48,50.56,1.57,2.17,-0.59,137.62,133.58,129.54,,,,,,,,,,
08-Oct-25,28-Oct-25,SAMMAANCAP,Non-Hld,159.2,160,149.25,6.67,170.75,7.26,1.02,63.84,8.38,6.67,1.71,170.01,145.84,121.67,,,,,,,,,,
08-Oct-25,28-Oct-25,SBICARD,Non-Hld,921.3,900,851.05,8.26,948.95,3.01,0.65,69.94,17.27,14.26,3.01,917.79,881.92,846.05,,,,,,,,,,
08-Oct-25,28-Oct-25,SBILIFE,Non-Hld,1772,1800,1726.45,2.64,1873.55,5.74,0.43,40.46,-11.94,-7.92,-4.02,1853.91,1809.14,1764.37,,,,,,,,,,
08-Oct-25,28-Oct-25,SBIN,Non-Hld,857.3,900,855.5,0.22,944.5,10.18,0.55,56.01,12.17,12.9,-0.74,889.89,853.86,817.84,,,,,,,,,,
08-Oct-25,28-Oct-25,SHREECEM,Non-Hld,29350,30000,28760,2.06,31240,6.44,0.76,44.24,-211.27,-216.84,5.57,30092.94,29541.5,28990.06,,,,,,,,,,
08-Oct-25,28-Oct-25,SHRIRAMFIN,Non-Hld,666.25,650,609.95,9.24,690.05,3.58,0.91,66.69,11.87,6.04,5.83,669.13,630.54,591.96,,,,,,,,,,
08-Oct-25,28-Oct-25,SIEMENS,Holding,3205.1,3300,3129.75,2.41,3470.25,8.28,0.51,53.06,7.81,7.9,-0.09,3361.85,3214.04,3066.22,,,,,,,,,,
08-Oct-25,28-Oct-25,SOLARINDS,Non-Hld,13995,14000,13155.45,6.39,14844.55,6.08,0.74,47.58,-145.94,-163.29,17.35,14953.38,14130.5,13307.62,,,,,,,,,,
08-Oct-25,28-Oct-25,SONACOMS,Non-Hld,404.8,420,391.45,3.42,448.55,10.81,0.65,35.47,-9.35,-9.11,-0.24,448.72,422.79,396.86,,,,,,,,,,
08-Oct-25,28-Oct-25,SRF,Non-Hld,2968.3,3000,2863.65,3.66,3136.35,5.67,1.01,58.17,-1.59,-13.22,11.63,3027.49,2919.73,2811.98,,,,,,,,,,
08-Oct-25,28-Oct-25,SUNPHARMA,Non-Hld,1631.1,1680,1614.7,1.02,1745.3,7.01,0.88,52.2,4.84,1.2,3.64,1666.76,1623.19,1579.62,,,,,,,,,,
08-Oct-25,28-Oct-25,SUPREMEIND,Non-Hld,4158,4500,4147.3,0.26,4852.7,16.71,0.55,37.3,-70.58,-50.22,-20.36,4590.86,4329.85,4068.84,,,,,,,,,,
08-Oct-25,28-Oct-25,SUZLON,Non-Hld,52.9,56,51.6,2.52,60.4,14.18,0.5,26.1,-1.48,-1.14,-0.35,61.12,56.82,52.52,,,,,,,,,,
08-Oct-25,28-Oct-25,SYNGENE,Non-Hld,627.8,640,606.4,3.53,673.6,7.3,0.75,43.62,-7.3,-6.93,-0.37,677.19,643.44,609.7,,,,,,,,,,
08-Oct-25,28-Oct-25,TATACONSUM,Non-Hld,1120,1240,1238.8,-9.58,1241.2,10.83,0.42,51.99,10.66,12.47,-1.81,1152.92,1123.31,1093.7,,,,,,,,,,
08-Oct-25,28-Oct-25,TATAELXSI,Non-Hld,5450,5500,5096.6,6.94,5903.4,8.32,0.54,47.02,-80.92,-80.84,-0.09,5909.89,5531.65,5153.41,,,,,,,,,,
08-Oct-25,28-Oct-25,TATAPOWER,Non-Hld,384.7,400,379.6,1.35,420.4,9.28,0.8,44.63,0.65,0.81,-0.15,398.93,390.8,382.68,,,,,,,,,,
08-Oct-25,28-Oct-25,TATASTEEL,Non-Hld,172.2,175,167.35,2.9,182.65,6.07,0.71,57.54,1.8,2.12,-0.32,174.19,170.69,167.19,,,,,,,,,,
08-Oct-25,28-Oct-25,TATATECH,Non-Hld,708,720,683.3,3.62,756.7,6.88,0.7,56.62,3.51,1.64,1.88,731.66,699.75,667.84,,,,,,,,,,
08-Oct-25,28-Oct-25,TCS,Non-Hld,3031.5,3000,2865.35,5.8,3134.65,3.41,0.71,50,-38.57,-37.62,-0.96,3228.12,3026.81,2825.5,,,,,,,,,,
08-Oct-25,28-Oct-25,TECHM,Non-Hld,1456.1,1500,1412.5,3.09,1587.5,9.03,0.96,47.64,-21.19,-19.19,-2,1567.47,1460.78,1354.08,,,,,,,,,,
08-Oct-25,28-Oct-25,TIINDIA,Non-Hld,3130.6,3200,3017.3,3.76,3382.7,8.06,0.53,47.96,7.02,26.59,-19.56,3445.4,3237.02,3028.65,,,,,,,,,,
08-Oct-25,28-Oct-25,TITAGARH,Non-Hld,898,920,854.3,5.12,985.7,9.77,0.42,51.19,5.65,8.09,-2.44,962.98,912.7,862.41,,,,,,,,,,
08-Oct-25,28-Oct-25,TITAN,Non-Hld,3565,3500,3361.75,6.05,3638.25,2.06,0.69,58.27,-27.15,-35.03,7.88,3631.43,3471.44,3311.46,,,,,,,,,,
08-Oct-25,28-Oct-25,TMPV,Non-Hld,680.3,720,676.05,0.63,763.95,12.3,0.39,45.14,1.37,2.21,-0.85,733.62,699.56,665.51,,,,,,,,,,
08-Oct-25,28-Oct-25,TORNTPHARM,Non-Hld,3558,3500,3363.25,5.8,3636.75,2.22,0.54,49.22,-10.68,-5.5,-5.18,3653.71,3573.58,3493.45,,,,,,,,,,
08-Oct-25,28-Oct-25,TORNTPOWER,Non-Hld,1224.7,1300,1206.35,1.53,1393.65,13.8,0.55,42.03,-18.71,-17.83,-0.87,1297.26,1249.4,1201.54,,,,,,,,,,
08-Oct-25,28-Oct-25,TRENT,Non-Hld,4624,5000,4580.05,0.96,5419.95,17.22,0.43,29.18,-160.96,-144.62,-16.34,5330.08,4927.58,4525.08,,,,,,,,,,
08-Oct-25,28-Oct-25,TVSMOTOR,Non-Hld,3484.4,3500,3334.9,4.49,3665.1,5.19,0.76,58.64,45.88,60.02,-14.13,3559.07,3483.34,3407.62,,,,,,,,,,
08-Oct-25,28-Oct-25,ULTRACEMCO,Non-Hld,11980,13000,12002.05,-0.18,13997.95,16.85,0.61,39.01,-125.34,-92.06,-33.28,12767.13,12309.55,11851.97,,,,,,,,,,
08-Oct-25,28-Oct-25,UNIONBANK,Non-Hld,136.05,140,131.8,3.23,148.2,8.94,0.62,50.46,1.14,1.23,-0.1,141.37,136.78,132.19,,,,,,,,,,
08-Oct-25,28-Oct-25,UNITDSPR,Non-Hld,1329.9,1400,1316.9,0.99,1483.1,11.52,0.63,50.46,5.95,3.47,2.48,1366.78,1330.26,1293.74,,,,,,,,,,
08-Oct-25,28-Oct-25,UNOMINDA,Non-Hld,1308.9,1400,1282.9,2.03,1517.1,15.91,0.53,53.95,22.75,24.87,-2.12,1351.84,1307.13,1262.42,,,,,,,,,,
08-Oct-25,28-Oct-25,UPL,Non-Hld,671.55,700,663.25,1.26,736.75,9.71,0.64,45.64,-7.58,-8.29,0.71,714.15,680.87,647.59,,,,,,,,,,
08-Oct-25,28-Oct-25,VBL,Non-Hld,433.5,450,422.25,2.67,477.75,10.21,0.55,29.07,-12.93,-11.67,-1.26,484.59,457.06,429.52,,,,,,,,,,
08-Oct-25,28-Oct-25,VEDL,Non-Hld,471,480,450.9,4.46,509.1,8.09,0.77,64.7,9.06,7.97,1.09,478.25,457.42,436.58,,,,,,,,,,
08-Oct-25,28-Oct-25,VOLTAS,Non-Hld,1373.3,1400,1322.7,3.83,1477.3,7.58,0.75,47.67,-4.21,-0.65,-3.56,1432.23,1383.2,1334.18,,,,,,,,,,
08-Oct-25,28-Oct-25,WIPRO,Non-Hld,244,250,235.5,3.61,264.5,8.41,0.86,46.98,-2.14,-1.83,-0.31,260.35,247.36,234.36,,,,,,,,,,
08-Oct-25,28-Oct-25,YESBANK,Non-Hld,22.05,23,21.45,2.8,24.55,11.34,0.44,69.39,0.51,0.46,0.05,22.13,21.31,20.49,,,,,,,,,,
08-Oct-25,28-Oct-25,ZYDUSLIFE,Non-Hld,981.9,1000,956.4,2.67,1043.6,6.29,0.6,42.74,-5,0.89,-5.88,1069.01,1017.55,966.09,,,,,,,,,,
09-Oct-25,28-Oct-25,360ONE,Non-Hld,1081.7,1100,1040.75,3.94,1159.25,7.17,0.69,57.83,1.11,-4.99,6.1,1115.84,1057.11,998.38,,,,,,,,,,
09-Oct-25,28-Oct-25,ABB,Holding,5151,5300,5035.3,2.3,5564.7,8.04,0.63,42.31,-19.6,-7.11,-12.5,5442.69,5258.61,5074.53,,,,,,,,,,
09-Oct-25,28-Oct-25,ABCAPITAL,Non-Hld,298.1,300,284.25,4.88,315.75,5.93,0.57,57.09,4.77,4.36,0.41,305.37,292.49,279.62,,,,,,,,,,
09-Oct-25,28-Oct-25,ADANIENSOL,Non-Hld,931.8,1000,914.25,1.92,1085.75,16.53,0.62,66.89,28.12,24.81,3.31,959.22,881.58,803.95,,,,,,,,,,
09-Oct-25,28-Oct-25,ADANIENT,Non-Hld,2547,2600,2458.95,3.59,2741.05,7.62,0.57,56.45,45.19,49.59,-4.4,2693.23,2516.38,2339.53,,,,,,,,,,
09-Oct-25,28-Oct-25,ADANIGREEN,Non-Hld,1052,1100,1014.75,3.68,1185.25,12.67,0.49,55.37,21.54,24.56,-3.03,1140.77,1042.07,943.37,,,,,,,,,,
09-Oct-25,28-Oct-25,ADANIPORTS,Non-Hld,1395.4,1400,1342.05,3.98,1457.95,4.49,0.59,50.26,7.27,10.94,-3.67,1442.38,1408.56,1374.75,,,,,,,,,,
09-Oct-25,28-Oct-25,ALKEM,Non-Hld,5472,5600,5365,2,5835,6.64,0.58,56.64,43.19,54.61,-11.42,5569.34,5479.52,5389.71,,,,,,,,,,
09-Oct-25,28-Oct-25,AMBER,Non-Hld,8250,8500,7881.7,4.68,9118.3,10.53,0.5,56.19,143.97,172.16,-28.18,8502.53,8226.12,7949.72,,,,,,,,,,
09-Oct-25,28-Oct-25,AMBUJACEM,Non-Hld,565.8,600,561.7,0.73,638.3,12.82,0.71,43.04,-2.45,-1.78,-0.67,591.8,573.66,555.53,,,,,,,,,,
09-Oct-25,28-Oct-25,ANGELONE,Non-Hld,2265,2300,2116.3,7.03,2483.7,9.66,0.7,49.62,-40.79,-60.65,19.86,2305.37,2217.05,2128.73,,,,,,,,,,
09-Oct-25,28-Oct-25,APLAPOLLO,Non-Hld,1742.1,1700,1609.3,8.26,1790.7,2.79,0.57,61.43,19.64,16.73,2.91,1748.89,1701.84,1654.8,,,,,,,,,,
09-Oct-25,28-Oct-25,APOLLOHOSP,Non-Hld,7700,7700,7471.85,3.06,7928.15,2.97,0.63,52.91,-22.53,-23.31,0.78,7995.18,7681.55,7367.92,,,,,,,,,,
09-Oct-25,28-Oct-25,ASHOKLEY,Non-Hld,138.84,140,133.3,4.16,146.7,5.67,0.43,53.71,2.17,2.88,-0.71,145.24,139.12,132.99,,,,,,,,,,
09-Oct-25,28-Oct-25,ASIANPAINT,Non-Hld,2340,2500,2338.05,0.09,2661.95,13.76,0.58,32.19,-44.66,-35.73,-8.93,2573.79,2421.6,2269.41,,,,,,,,,,
09-Oct-25,28-Oct-25,ASTRAL,Non-Hld,1399.7,1500,1393.4,0.46,1606.6,14.79,0.47,48.43,-7.66,-6.19,-1.47,1491.19,1420.54,1349.88,,,,,,,,,,
09-Oct-25,28-Oct-25,AUBANK,Non-Hld,760.3,770,728.1,4.43,811.9,6.79,0.73,60.89,8.93,3.78,5.15,771.64,731.94,692.25,,,,,,,,,,
09-Oct-25,28-Oct-25,AUROPHARMA,Non-Hld,1118.9,1100,1037.4,7.86,1162.6,3.91,0.83,59.66,5.06,5.23,-0.17,1126.78,1098.72,1070.65,,,,,,,,,,
09-Oct-25,28-Oct-25,AXISBANK,Non-Hld,1168.1,1200,1144.9,2.03,1255.1,7.45,0.41,58.25,24.09,22.02,2.07,1209.45,1147.99,1086.53,,,,,,,,,,
09-Oct-25,28-Oct-25,BAJAJ-AUTO,Non-Hld,8812,9000,8594.4,2.54,9405.6,6.74,0.56,49.07,-15.42,7.86,-23.28,9198.7,8888.17,8577.65,,,,,,,,,,
09-Oct-25,28-Oct-25,BAJAJFINSV,Non-Hld,2012,1800,1598.1,25.9,2001.9,-0.5,0.64,48.29,3.07,9.22,-6.15,2101.88,2043.4,1984.92,,,,,,,,,,
09-Oct-25,28-Oct-25,BAJFINANCE,Non-Hld,1022.5,1020,973.2,5.07,1066.8,4.34,0.75,65.28,20.29,21.56,-1.28,1034.33,1004.13,973.94,,,,,,,,,,
09-Oct-25,28-Oct-25,BANDHANBNK,Non-Hld,163.28,170,158.45,3.05,181.55,11.19,0.81,49.3,-0.76,-1.16,0.4,169.04,162.89,156.73,,,,,,,,,,
09-Oct-25,28-Oct-25,BANKBARODA,Non-Hld,264.5,260,247.1,7.05,272.9,3.18,0.75,68.46,6.1,5.04,1.06,270.31,252.64,234.98,,,,,,,,,,
09-Oct-25,28-Oct-25,BANKINDIA,Non-Hld,125.85,130,122.9,2.41,137.1,8.94,0.63,66.12,2.75,2.31,0.44,127.65,121.22,114.79,,,,,,,,,,
09-Oct-25,28-Oct-25,BDL,Non-Hld,1524.1,1600,1482.3,2.82,1717.7,12.71,0.56,46.6,-7.08,-3.48,-3.6,1654.84,1558.13,1461.43,,,,,,,,,,
09-Oct-25,28-Oct-25,BEL,Holding,409.9,410,393.15,4.27,426.85,4.14,0.63,58.37,5.8,5.75,0.05,417.74,404.09,390.43,,,,,,,,,,
09-Oct-25,28-Oct-25,BHARATFORG,Non-Hld,1212,1220,1156.6,4.79,1283.4,5.9,0.68,49.97,4.94,9.37,-4.43,1280.64,1228.38,1176.11,,,,,,,,,,
09-Oct-25,28-Oct-25,BHARTIARTL,Non-Hld,1941,1960,1908.55,1.71,2011.45,3.63,0.52,57.51,3.53,1.71,1.82,1971.94,1922.26,1872.57,,,,,,,,,,
09-Oct-25,28-Oct-25,BHEL,Non-Hld,239.45,240,227.75,5.14,252.25,5.35,0.69,56.84,4.16,3.73,0.42,246.52,236.57,226.62,,,,,,,,,,
09-Oct-25,28-Oct-25,BIOCON,Non-Hld,352,360,342.9,2.66,377.1,7.14,0.63,47.95,-3.68,-3.72,0.04,372.45,354.6,336.75,,,,,,,,,,
09-Oct-25,28-Oct-25,BLUESTARCO,Non-Hld,1896,2000,1868.5,1.48,2131.5,12.43,0.72,48.01,1.71,8.88,-7.17,1983.58,1915.78,1847.98,,,,,,,,,,
09-Oct-25,28-Oct-25,BOSCHLTD,Non-Hld,38495,40000,38141.75,0.93,41858.25,8.74,0.62,42.2,-319.77,-235.37,-84.4,40527.49,39078.75,37630.01,,,,,,,,,,
09-Oct-25,28-Oct-25,BPCL,Non-Hld,344.5,350,333.8,3.21,366.2,6.3,0.89,67.8,6.45,4.99,1.47,350.02,331.33,312.63,,,,,,,,,,
09-Oct-25,28-Oct-25,BRITANNIA,Non-Hld,5877,6000,5766.8,1.92,6233.2,6.07,0.51,44.98,1.5,34.68,-33.17,6282.52,6027.68,5772.83,,,,,,,,,,
09-Oct-25,28-Oct-25,BSE,Holding,2332,2200,1991.05,17.13,2408.95,3.3,1.02,61.45,-15.01,-46.42,31.42,2313.64,2157.93,2002.22,,,,,,,,,,
09-Oct-25,28-Oct-25,CAMS,Holding,3834,3800,3582.95,7.01,4017.05,4.78,0.61,47.67,-21.6,-11.64,-9.96,4078.64,3880.84,3683.03,,,,,,,,,,
09-Oct-25,28-Oct-25,CANBK,Non-Hld,126.24,130,122.3,3.23,137.7,9.08,0.77,67.96,4.22,3.73,0.49,130.64,120.11,109.59,,,,,,,,,,
09-Oct-25,28-Oct-25,CDSL,Holding,1558,1600,1511.5,3.08,1688.5,8.38,0.64,55.49,-3.83,-10.13,6.3,1606.74,1529.34,1451.93,,,,,,,,,,
09-Oct-25,28-Oct-25,CGPOWER,Holding,761.8,840,757,0.64,923,21.17,0.59,57.62,5.49,9.79,-4.3,803.16,764.82,726.47,,,,,,,,,,
09-Oct-25,28-Oct-25,CHOLAFIN,Non-Hld,1620.2,1600,1527.3,6.09,1672.7,3.25,0.72,58.55,27.53,27.52,0.02,1668.02,1588.98,1509.93,,,,,,,,,,
09-Oct-25,28-Oct-25,CIPLA,Non-Hld,1513.4,1600,1511.5,0.13,1688.5,11.57,0.57,44.98,-12.64,-10.26,-2.38,1587.94,1531.44,1474.94,,,,,,,,,,
09-Oct-25,28-Oct-25,COALINDIA,Holding,383.3,390,377.3,1.6,402.7,5.07,0.67,43.89,-0.54,1.12,-1.66,400.64,390.55,380.47,,,,,,,,,,
09-Oct-25,28-Oct-25,COFORGE,Non-Hld,1723.1,1700,1581.45,8.96,1818.55,5.54,0.62,55.13,-13.99,-23.12,9.13,1859.34,1687.91,1516.48,,,,,,,,,,
09-Oct-25,28-Oct-25,COLPAL,Non-Hld,2208.7,2300,2184.8,1.1,2415.2,9.35,0.76,34.76,-33.36,-23.97,-9.39,2414.92,2287.71,2160.5,,,,,,,,,,
09-Oct-25,28-Oct-25,CONCOR,Non-Hld,537.75,540,517.5,3.92,562.5,4.61,0.72,47.9,-5.68,-6.03,0.35,567.87,540.81,513.76,,,,,,,,,,
09-Oct-25,28-Oct-25,CROMPTON,Non-Hld,284.75,300,280.75,1.43,319.25,12.12,0.54,23.29,-9.41,-8.22,-1.19,323.75,301.38,279.01,,,,,,,,,,
09-Oct-25,28-Oct-25,CUMMINSIND,Non-Hld,3950,4000,3831.1,3.11,4168.9,5.55,0.74,51.82,12.1,29.62,-17.51,4137.66,3996.5,3855.33,,,,,,,,,,
09-Oct-25,28-Oct-25,CYIENT,Non-Hld,1182.4,1200,1116.6,5.9,1283.4,8.55,0.63,46.52,-11.46,-11.22,-0.24,1275.06,1195.29,1115.52,,,,,,,,,,
09-Oct-25,28-Oct-25,DABUR,Non-Hld,486,500,479.25,1.41,520.75,7.16,0.42,31.57,-11.35,-7.85,-3.5,554.96,512.69,470.42,,,,,,,,,,
09-Oct-25,28-Oct-25,DALBHARAT,Non-Hld,2236.8,2300,2183.8,2.43,2416.2,8.03,0.63,34.92,-33.89,-22.25,-11.64,2499.19,2320.75,2142.31,,,,,,,,,,
09-Oct-25,28-Oct-25,DELHIVERY,Non-Hld,468.9,500,464.35,0.98,535.65,14.24,0.83,54.63,-0.86,-1.7,0.84,490.72,462.15,433.59,,,,,,,,,,
09-Oct-25,28-Oct-25,DIVISLAB,Non-Hld,6123.5,6000,5695.05,7.53,6304.95,2.97,0.84,56.93,-35.56,-73.36,37.79,6297.92,5971.12,5644.33,,,,,,,,,,
09-Oct-25,28-Oct-25,DIXON,Non-Hld,17083,17000,16058.35,6.39,17941.65,5.03,0.8,47.01,-127.31,-13.21,-114.1,18915.66,17559.65,16203.64,,,,,,,,,,
09-Oct-25,28-Oct-25,DLF,Non-Hld,729,780,722.3,0.93,837.7,14.92,0.64,41.8,-10.91,-10.37,-0.54,797.76,747.06,696.37,,,,,,,,,,
09-Oct-25,28-Oct-25,DMART,Non-Hld,4311,4300,4044,6.61,4556,5.69,0.56,31.4,-74.38,-29.91,-44.47,4854.43,4546.45,4238.47,,,,,,,,,,
09-Oct-25,28-Oct-25,DRREDDY,Non-Hld,1246,1320,1244.35,0.14,1395.65,12.02,0.54,43.7,-9.84,-4.55,-5.29,1344.97,1277.59,1210.21,,,,,,,,,,
09-Oct-25,28-Oct-25,EICHERMOT,Non-Hld,6880,7000,6740.45,2.08,7259.55,5.52,0.75,59.34,147.66,199.22,-51.56,7078.64,6936,6793.36,,,,,,,,,,
09-Oct-25,28-Oct-25,ETERNAL,Non-Hld,345.5,335,313.15,10.34,356.85,3.29,0.7,66.85,5.13,4.62,0.52,346.15,332,317.84,,,,,,,,,,
09-Oct-25,28-Oct-25,EXIDEIND,Non-Hld,399,400,382.85,4.22,417.15,4.55,0.77,46.18,-1.96,-1.02,-0.94,427.71,404.67,381.62,,,,,,,,,,
09-Oct-25,28-Oct-25,FEDERALBNK,Non-Hld,207.2,210,200.25,3.48,219.75,6.06,0.83,71.05,1.17,-0.24,1.41,203.79,195.99,188.19,,,,,,,,,,
09-Oct-25,28-Oct-25,FORTIS,Non-Hld,1067.5,1000,918.15,16.27,1081.85,1.35,0.85,73.19,30.38,21.38,9,1059.15,983.37,907.59,,,,,,,,,,
09-Oct-25,28-Oct-25,GAIL,Non-Hld,178.49,180,172.6,3.42,187.4,5,0.65,52.5,0.15,0.02,0.13,183.5,178.15,172.81,,,,,,,,,,
09-Oct-25,28-Oct-25,GLENMARK,Non-Hld,1935.2,2200,1984.15,-2.46,2415.85,24.84,0.63,39.17,-21.89,-11.42,-10.47,2143.66,2016.66,1889.67,,,,,,,,,,
09-Oct-25,28-Oct-25,GMRAIRPORT,Non-Hld,90.64,95,89.5,1.28,100.5,10.88,0.53,56.8,-0.02,-0.03,0.01,93.08,89.44,85.8,,,,,,,,,,
09-Oct-25,28-Oct-25,GODREJCP,Non-Hld,1128.9,1200,1122.15,0.61,1277.85,13.2,0.55,29.14,-27.01,-20.14,-6.87,1283.61,1194.47,1105.33,,,,,,,,,,
09-Oct-25,28-Oct-25,GODREJPROP,Non-Hld,2034,2000,1878.2,8.3,2121.8,4.32,0.61,49.53,-1.22,-4.65,3.42,2137.51,2038.96,1940.4,,,,,,,,,,
09-Oct-25,28-Oct-25,GRASIM,Non-Hld,2805.1,2900,2789.45,0.57,3010.55,7.33,0.59,52.65,-1.59,-0.25,-1.35,2884.3,2807.9,2731.5,,,,,,,,,,
09-Oct-25,28-Oct-25,HAL,Non-Hld,4857,5000,4746.95,2.32,5253.05,8.16,0.65,59.93,62.87,65.46,-2.59,4942.22,4797.38,4652.53,,,,,,,,,,
09-Oct-25,28-Oct-25,HAVELLS,Non-Hld,1486,1600,1476.4,0.66,1723.6,15.99,0.57,34.19,-18.19,-11.12,-7.07,1630.63,1542.52,1454.42,,,,,,,,,,
09-Oct-25,28-Oct-25,HCLTECH,Non-Hld,1484.5,1500,1426.3,4.09,1573.7,6.01,0.82,60.49,-8.51,-15.91,7.4,1499.22,1428.82,1358.43,,,,,,,,,,
09-Oct-25,28-Oct-25,HDFCAMC,Non-Hld,5473,5500,5227.9,4.69,5772.1,5.47,0.74,38.9,-40.29,-5.88,-34.41,5960.42,5699.12,5437.83,,,,,,,,,,
09-Oct-25,28-Oct-25,HDFCBANK,Non-Hld,975,1000,963.5,1.2,1036.5,6.31,0.77,57.32,0.7,-2.79,3.49,985.34,964.5,943.67,,,,,,,,,,
09-Oct-25,28-Oct-25,HDFCLIFE,Non-Hld,753.7,800,749.4,0.58,850.6,12.86,0.6,42.93,-5.02,-3.03,-1.99,789.86,767.97,746.08,,,,,,,,,,
09-Oct-25,28-Oct-25,HEROMOTOCO,Non-Hld,5509,5600,5345.1,3.07,5854.9,6.28,0.69,61.71,115.32,120.29,-4.97,5608.25,5403.62,5199,,,,,,,,,,
09-Oct-25,28-Oct-25,HFCL,Non-Hld,74.14,75,69.6,6.53,80.4,8.45,0.55,49.85,0.12,0.18,-0.06,77.87,74.48,71.08,,,,,,,,,,
09-Oct-25,28-Oct-25,HINDALCO,Non-Hld,774.5,800,762.5,1.58,837.5,8.14,0.71,66.6,13.13,12.78,0.34,780.24,756.24,732.24,,,,,,,,,,
09-Oct-25,28-Oct-25,HINDPETRO,Non-Hld,457.1,500,454.5,0.58,545.5,19.34,0.48,75.93,15.41,11.96,3.46,467.81,426.26,384.7,,,,,,,,,,
09-Oct-25,28-Oct-25,HINDUNILVR,Non-Hld,2522.4,2600,2494,1.14,2706,7.28,0.57,43.28,-18.43,-14.12,-4.3,2612.73,2547.23,2481.73,,,,,,,,,,
09-Oct-25,28-Oct-25,HINDZINC,Non-Hld,512.9,500,467.75,9.66,532.25,3.78,0.73,73.73,15.04,11.37,3.67,504.77,469.7,434.63,,,,,,,,,,
09-Oct-25,28-Oct-25,HUDCO,Non-Hld,230,230,217.55,5.73,242.45,5.42,0.6,55.29,3.2,3.46,-0.27,239.39,227.05,214.71,,,,,,,,,,
09-Oct-25,28-Oct-25,ICICIBANK,Non-Hld,1374,1400,1352.65,1.58,1447.35,5.34,0.73,44.14,-12.55,-13.11,0.55,1435.49,1386.82,1338.15,,,,,,,,,,
09-Oct-25,28-Oct-25,ICICIGI,Non-Hld,1890,1900,1807.95,4.54,1992.05,5.4,0.68,47.92,2.61,1.85,0.75,1916.15,1885.73,1855.32,,,,,,,,,,
09-Oct-25,28-Oct-25,ICICIPRULI,Non-Hld,593.95,600,570.4,4.13,629.6,6.01,0.67,43.14,-3.8,-4.44,0.65,610.12,598.78,587.44,,,,,,,,,,
09-Oct-25,28-Oct-25,IDEA,Non-Hld,9.05,10,8.45,7.11,11.55,27.63,0.57,63.79,0.45,0.4,0.04,9.3,8.35,7.4,,,,,,,,,,
09-Oct-25,28-Oct-25,IDFCFIRSTB,Non-Hld,73.28,70,65.25,12.31,74.75,2.01,0.77,64.13,0.2,-0.09,0.29,73.54,70.95,68.36,,,,,,,,,,
09-Oct-25,28-Oct-25,IEX,Holding,140.49,145,136.45,2.97,153.55,9.3,0.72,43.53,-1.49,-1.51,0.02,150.2,143.22,136.24,,,,,,,,,,
09-Oct-25,28-Oct-25,IGL,Non-Hld,217.55,220,208.15,4.52,231.85,6.58,0.59,61.36,1.42,0.46,0.96,221.12,211.74,202.36,,,,,,,,,,
09-Oct-25,28-Oct-25,IIFL,Non-Hld,494.65,500,470.15,5.22,529.85,7.12,0.67,68.39,8.02,1.56,6.47,487.78,451.72,415.66,,,,,,,,,,
09-Oct-25,28-Oct-25,INDHOTEL,Non-Hld,734.9,800,730.35,0.63,869.65,18.34,0.53,41.31,-11.38,-10.05,-1.33,800.64,748.98,697.32,,,,,,,,,,
09-Oct-25,28-Oct-25,INDIANB,Non-Hld,765.25,760,722.85,5.87,797.15,4.17,0.92,72.6,23.66,19.79,3.87,775.68,721.85,668.02,,,,,,,,,,
09-Oct-25,28-Oct-25,INDIGO,Holding,5720.5,6000,5695.25,0.45,6304.75,10.22,0.72,51.54,-28.48,-37.28,8.8,5786.16,5683.75,5581.34,,,,,,,,,,
09-Oct-25,28-Oct-25,INDUSINDBK,Non-Hld,749.55,750,709.6,5.63,790.4,5.45,1.04,50.59,-5.08,-8.29,3.21,758.29,740.09,721.9,,,,,,,,,,
09-Oct-25,28-Oct-25,INDUSTOWER,Non-Hld,356.2,360,340.25,4.69,379.75,6.62,0.68,52.56,0.81,0.33,0.47,363.54,354.49,345.44,,,,,,,,,,
09-Oct-25,28-Oct-25,INFY,Non-Hld,1509.7,1500,1419.4,6.37,1580.6,4.7,0.88,55.81,-5.16,-7.24,2.08,1553.99,1489.92,1425.84,,,,,,,,,,
09-Oct-25,28-Oct-25,INOXWIND,Non-Hld,147.26,150,140.65,4.7,159.35,8.21,0.59,54.44,-1.55,-1.63,0.08,155.27,145.25,135.24,,,,,,,,,,
09-Oct-25,28-Oct-25,IOC,Non-Hld,155.1,150,141.9,9.31,158.1,1.94,0.75,72.87,3.06,2.35,0.7,155.79,148.44,141.09,,,,,,,,,,
09-Oct-25,28-Oct-25,IRCTC,Holding,710.5,750,708.35,0.31,791.65,11.43,0.57,45.89,-4.17,-3.9,-0.28,739.19,716.72,694.24,,,,,,,,,,
09-Oct-25,28-Oct-25,IREDA,Non-Hld,149.6,160,145.65,2.72,174.35,16.55,0.43,46.89,0.27,0.7,-0.43,159.61,151.95,144.28,,,,,,,,,,
09-Oct-25,28-Oct-25,IRFC,Non-Hld,125.1,130,121.65,2.84,138.35,10.6,0.51,48.11,-0.3,-0.27,-0.03,130.55,126.27,122,,,,,,,,,,
09-Oct-25,28-Oct-25,ITC,Non-Hld,399.3,410,397.25,0.52,422.75,5.88,0.65,41.07,-2.53,-1.96,-0.57,416.42,406.06,395.71,,,,,,,,,,
09-Oct-25,28-Oct-25,JINDALSTEL,Non-Hld,1036,1100,1030.4,0.55,1169.6,12.9,0.59,51.31,8.03,12.44,-4.41,1073.93,1046.5,1019.07,,,,,,,,,,
09-Oct-25,28-Oct-25,JIOFIN,Non-Hld,307.15,320,302.2,1.64,337.8,9.98,0.71,48.87,-2.86,-3.55,0.69,322.56,307.54,292.52,,,,,,,,,,
09-Oct-25,28-Oct-25,JSWENERGY,Non-Hld,541.7,550,521.25,3.93,578.75,6.84,0.51,56.8,4.87,4.34,0.53,550.82,535.52,520.22,,,,,,,,,,
09-Oct-25,28-Oct-25,JSWSTEEL,Non-Hld,1172,1300,1148.75,2.03,1451.25,23.83,0.73,69.15,21.87,20.91,0.96,1176.96,1133.13,1089.3,,,,,,,,,,
09-Oct-25,28-Oct-25,JUBLFOOD,Non-Hld,599.55,620,587.2,2.11,652.8,8.89,0.55,35.39,-8.55,-7.1,-1.44,646.24,622.12,597.99,,,,,,,,,,
09-Oct-25,28-Oct-25,KALYANKJIL,Non-Hld,484,500,466.95,3.66,533.05,10.14,0.54,45.3,-10.06,-12.49,2.43,531.1,488.34,445.57,,,,,,,,,,
09-Oct-25,28-Oct-25,KAYNES,Non-Hld,7100,7000,6469.25,9.75,7530.75,6.07,0.48,51.08,162.71,206.17,-43.45,7543.63,7237.42,6931.22,,,,,,,,,,
09-Oct-25,28-Oct-25,KEI,Non-Hld,4240,4300,4028.65,5.25,4571.35,7.82,0.75,62.94,50.22,42.75,7.48,4263.37,4130.59,3997.82,,,,,,,,,,
09-Oct-25,28-Oct-25,KFINTECH,Holding,1052.8,1100,1017.4,3.48,1182.6,12.33,0.53,42.59,-15.19,-12.12,-3.07,1144.43,1082.68,1020.94,,,,,,,,,,
09-Oct-25,28-Oct-25,KOTAKBANK,Non-Hld,2140.9,2100,2012.85,6.37,2187.15,2.17,1.05,68.09,33.1,18.93,14.17,2154.86,2043.27,1931.68,,,,,,,,,,
09-Oct-25,28-Oct-25,KPITTECH,Non-Hld,1161.9,1200,1127,3.1,1273,9.57,0.64,41.24,-22.01,-13.87,-8.14,1331.18,1219.38,1107.59,,,,,,,,,,
09-Oct-25,28-Oct-25,LAURUSLABS,Non-Hld,864.45,900,837.45,3.23,962.55,11.35,0.56,47.49,-4.37,-0.1,-4.27,937.64,882.38,827.11,,,,,,,,,,
09-Oct-25,28-Oct-25,LICHSGFIN,Non-Hld,560,600,559.85,0.03,640.15,14.32,0.72,42.1,-0.83,0.75,-1.59,592.75,573.52,554.3,,,,,,,,,,
09-Oct-25,28-Oct-25,LICI,Non-Hld,896.7,900,863.9,3.8,936.1,4.4,0.42,51.17,4.09,3.17,0.91,914.58,892.84,871.09,,,,,,,,,,
09-Oct-25,28-Oct-25,LODHA,Non-Hld,1128.8,1200,1108.45,1.84,1291.55,14.42,0.63,37.95,-24.94,-23.49,-1.45,1232.58,1165.54,1098.5,,,,,,,,,,
09-Oct-25,28-Oct-25,LT,Non-Hld,3764.1,3800,3680.75,2.27,3919.25,4.13,0.5,64.98,37.16,29.3,7.86,3786.78,3674.34,3561.89,,,,,,,,,,
09-Oct-25,28-Oct-25,LTF,Non-Hld,260.19,260,244.75,6.31,275.25,5.79,0.91,68.73,8.97,8.69,0.28,265.28,247.76,230.24,,,,,,,,,,
09-Oct-25,28-Oct-25,LTIM,Non-Hld,5445.5,5300,4959.1,9.81,5640.9,3.59,0.73,61.81,18.47,5.79,12.68,5533.15,5284.72,5036.3,,,,,,,,,,
09-Oct-25,28-Oct-25,LUPIN,Non-Hld,1955,2000,1910.95,2.31,2089.05,6.86,0.67,49.47,-8.62,-1.18,-7.44,2082.94,1983.64,1884.35,,,,,,,,,,
09-Oct-25,28-Oct-25,M%26M,Non-Hld,3436,3500,3342.1,2.81,3657.9,6.46,0.48,47.43,3.75,23.76,-20.01,3683.46,3524.84,3366.23,,,,,,,,,,
09-Oct-25,28-Oct-25,MANAPPURAM,Non-Hld,293.65,280,260.05,12.93,299.95,2.15,0.63,60.62,3.36,3.37,-0.01,298.92,288.73,278.54,,,,,,,,,,
09-Oct-25,28-Oct-25,MANKIND,Non-Hld,2476.8,2600,2431.95,1.85,2768.05,11.76,0.54,44.43,-25.81,-18.07,-7.74,2665.19,2527.88,2390.56,,,,,,,,,,
09-Oct-25,28-Oct-25,MARICO,Non-Hld,717,740,703.85,1.87,776.15,8.25,0.68,51.11,-2.99,-3.83,0.84,735.09,713.51,691.92,,,,,,,,,,
09-Oct-25,28-Oct-25,MARUTI,Non-Hld,15948,17000,15927.3,0.13,18072.7,13.33,0.49,63.68,377.22,466.1,-88.88,16507.12,15867.2,15227.28,,,,,,,,,,
09-Oct-25,28-Oct-25,MAXHEALTH,Non-Hld,1155.8,1200,1137.5,1.61,1262.5,9.24,0.89,50.93,-15.25,-19.58,4.33,1200.11,1144.36,1088.6,,,,,,,,,,
09-Oct-25,28-Oct-25,MAZDOCK,Non-Hld,2897.3,3000,2803.4,3.35,3196.6,10.34,0.59,53.75,12.14,17.24,-5.1,3037.07,2892.66,2748.25,,,,,,,,,,
09-Oct-25,28-Oct-25,MCX,Holding,8710,8000,7138.5,22.02,8861.5,1.74,0.95,71.74,132.26,66.07,66.18,8466.37,7988.62,7510.88,,,,,,,,,,
09-Oct-25,28-Oct-25,MFSL,Non-Hld,1590.2,1600,1529.95,3.94,1670.05,5.03,0.65,52.94,1.89,-0.1,1.99,1620.67,1577.45,1534.22,,,,,,,,,,
09-Oct-25,28-Oct-25,MOTHERSON,Holding,103.31,110,102.05,1.24,117.95,14.18,0.52,48.76,0.99,1.88,-0.9,112.23,106.61,100.98,,,,,,,,,,
09-Oct-25,28-Oct-25,MPHASIS,Non-Hld,2810,2900,2734.7,2.76,3065.3,9.09,0.59,50.82,-18.01,-19.69,1.68,3048.33,2819.48,2590.63,,,,,,,,,,
09-Oct-25,28-Oct-25,MUTHOOTFIN,Non-Hld,3245,3200,3044.5,6.59,3355.5,3.41,0.71,75.42,115.44,102.7,12.74,3296.5,3063.45,2830.4,,,,,,,,,,
09-Oct-25,28-Oct-25,NATIONALUM,Non-Hld,229.49,230,217.2,5.66,242.8,5.8,0.88,71.84,6.13,4.94,1.19,226.32,213.12,199.92,,,,,,,,,,
09-Oct-25,28-Oct-25,NAUKRI,Non-Hld,1344.8,1400,1320.25,1.86,1479.75,10.04,0.57,46.85,-4.33,-5.59,1.27,1416.57,1361.52,1306.47,,,,,,,,,,
09-Oct-25,28-Oct-25,NBCC,Non-Hld,114,115,107.4,6.15,122.6,7.55,0.45,59.39,1.48,1.13,0.35,115.08,110,104.93,,,,,,,,,,
09-Oct-25,28-Oct-25,NCC,Non-Hld,210.31,210,199.85,5.24,220.15,4.68,0.64,48.36,-1.18,-1.36,0.19,218,210.4,202.8,,,,,,,,,,
09-Oct-25,28-Oct-25,NESTLEIND,Non-Hld,1187,1200,1156.35,2.66,1243.65,4.78,0.77,53.9,-0.97,-0.71,-0.26,1225.74,1185.14,1144.55,,,,,,,,,,
09-Oct-25,28-Oct-25,NHPC,Non-Hld,86.85,90,85.1,2.06,94.9,9.27,0.5,56.93,0.98,1.08,-0.1,89.19,86.23,83.26,,,,,,,,,,
09-Oct-25,28-Oct-25,NMDC,Non-Hld,78.82,80,76.1,3.58,83.9,6.45,0.73,66.11,1.04,1.1,-0.06,78.21,76.38,74.55,,,,,,,,,,
09-Oct-25,28-Oct-25,NTPC,Non-Hld,335.8,340,329.8,1.82,350.2,4.29,0.47,48.82,1.25,1.93,-0.68,346.13,337.98,329.82,,,,,,,,,,
09-Oct-25,28-Oct-25,NUVAMA,Non-Hld,7130,7000,6586.45,8.26,7413.55,3.98,0.96,69.92,91.52,-28.93,120.45,7085.47,6463.1,5840.73,,,,,,,,,,
09-Oct-25,28-Oct-25,NYKAA,Non-Hld,263.98,250,232.65,13.47,267.35,1.28,0.71,70.52,6.67,4.55,2.12,261.87,243.11,224.36,,,,,,,,,,
09-Oct-25,28-Oct-25,OBEROIRLTY,Non-Hld,1587,1700,1570.5,1.06,1829.5,15.29,0.77,43.37,-13.43,-12.15,-1.28,1681.71,1619.25,1556.79,,,,,,,,,,
09-Oct-25,28-Oct-25,OFSS,Non-Hld,9299.5,9500,8912.9,4.34,10087.1,8.47,0.67,61.02,112.29,70.28,42.01,9498.45,8983.15,8467.85,,,,,,,,,,
09-Oct-25,28-Oct-25,OIL,Non-Hld,419.25,420,397.3,5.53,442.7,5.6,0.59,56.82,3.4,1.66,1.73,425.25,408.62,392,,,,,,,,,,
09-Oct-25,28-Oct-25,ONGC,Non-Hld,243.36,250,241.65,0.71,258.35,6.16,0.33,60.16,2.18,1.57,0.62,246.63,238.82,231.01,,,,,,,,,,
09-Oct-25,28-Oct-25,PAGEIND,Non-Hld,41700,45000,41514.95,0.45,48485.05,16.28,0.42,39.65,-829.89,-821.54,-8.35,45596.35,42890,40183.65,,,,,,,,,,
09-Oct-25,28-Oct-25,PATANJALI,Non-Hld,593.2,600,567.85,4.47,632.15,6.57,0.46,48.79,-1.7,-1.94,0.24,611.48,596.25,581.02,,,,,,,,,,
09-Oct-25,28-Oct-25,PAYTM,Non-Hld,1249.1,1200,1104.5,13.1,1295.5,3.72,0.88,60.99,6.9,0.15,6.75,1274.78,1191.38,1107.99,,,,,,,,,,
09-Oct-25,28-Oct-25,PERSISTENT,Non-Hld,5333,5200,4800.75,11.09,5599.25,5,0.7,55.59,-34.1,-57.33,23.23,5675.44,5241.23,4807.02,,,,,,,,,,
09-Oct-25,28-Oct-25,PETRONET,Non-Hld,282.95,310,284,-0.36,336,18.75,1.03,55.41,1.1,-0.22,1.32,287.1,277.9,268.69,,,,,,,,,,
09-Oct-25,28-Oct-25,PFC,Holding,403,410,391.75,2.88,428.25,6.27,0.74,47.98,1.03,1.55,-0.51,415.53,405.72,395.9,,,,,,,,,,
09-Oct-25,28-Oct-25,PGEL,Non-Hld,556.55,550,507.95,9.57,592.05,6.38,0.67,51.72,-17.13,-20.57,3.44,594.17,542.27,490.37,,,,,,,,,,
09-Oct-25,28-Oct-25,PHOENIXLTD,Non-Hld,1586.1,1600,1508.8,5.13,1691.2,6.63,0.65,55.56,12.21,13.44,-1.24,1648.38,1587.45,1526.51,,,,,,,,,,
09-Oct-25,28-Oct-25,PIDILITIND,Non-Hld,1506.5,1500,1446.6,4.15,1553.4,3.12,0.65,51.49,-10.98,-11.24,0.26,1556.18,1504.89,1453.59,,,,,,,,,,
09-Oct-25,28-Oct-25,PIIND,Non-Hld,3529.2,3600,3447.35,2.38,3752.65,6.34,0.74,39.03,-64.52,-66.34,1.81,3799.75,3625.04,3450.33,,,,,,,,,,
09-Oct-25,28-Oct-25,PNB,Non-Hld,114.23,115,109.95,3.9,120.05,5.1,0.68,61.96,1.89,1.71,0.18,116.37,111.56,106.76,,,,,,,,,,
09-Oct-25,28-Oct-25,PNBHOUSING,Non-Hld,876.25,900,840.15,4.3,959.85,9.55,0.66,54.71,13.19,11.93,1.26,916.57,866.7,816.83,,,,,,,,,,
09-Oct-25,28-Oct-25,POLICYBZR,Non-Hld,1734,1800,1695.85,2.25,1904.15,9.82,0.75,45.45,-22.69,-25.51,2.81,1854.62,1757.75,1660.88,,,,,,,,,,
09-Oct-25,28-Oct-25,POLYCAB,Non-Hld,7629,7400,6917.7,10.29,7882.3,3.33,0.58,65.4,104.95,98.45,6.5,7724.27,7437.95,7151.63,,,,,,,,,,
09-Oct-25,28-Oct-25,POWERGRID,Holding,285.75,300,284.55,0.43,315.45,10.4,0.49,50.61,0.08,-0.09,0.17,292.75,286.26,279.77,,,,,,,,,,
09-Oct-25,28-Oct-25,POWERINDIA,Non-Hld,17776,20000,17557,1.25,22443,26.26,0.28,35.27,-464.59,-330.86,-133.73,20521.07,18915.1,17309.13,,,,,,,,,,
09-Oct-25,28-Oct-25,PPLPHARMA,Non-Hld,197.35,210,194.4,1.52,225.6,14.32,0.47,51.16,-0.48,-0.2,-0.28,208.67,198.49,188.31,,,,,,,,,,
09-Oct-25,28-Oct-25,PRESTIGE,Non-Hld,1584.4,1600,1512.15,4.78,1687.85,6.53,0.68,53,-15.67,-16.61,0.94,1656,1566.93,1477.86,,,,,,,,,,
09-Oct-25,28-Oct-25,RBLBANK,Non-Hld,286.25,300,269.05,6.4,330.95,15.62,0.42,67.5,4.6,3.75,0.84,284.5,273.66,262.82,,,,,,,,,,
09-Oct-25,28-Oct-25,RECLTD,Non-Hld,372.95,380,362.35,2.93,397.65,6.63,0.91,44.42,-0.47,0,-0.48,388.41,377.91,367.41,,,,,,,,,,
09-Oct-25,28-Oct-25,RELIANCE,Non-Hld,1376.5,1400,1350.65,1.92,1449.35,5.3,0.73,47.99,-5.26,-4.93,-0.33,1416.96,1385.32,1353.68,,,,,,,,,,
09-Oct-25,28-Oct-25,RVNL,Non-Hld,344.5,350,326.1,5.65,373.9,8.54,0.39,49.6,1.73,2.14,-0.41,365.63,348.78,331.93,,,,,,,,,,
09-Oct-25,28-Oct-25,SAIL,Non-Hld,136.5,140,131.6,3.73,148.4,8.72,0.57,60.55,1.72,2.08,-0.36,137.73,133.92,130.1,,,,,,,,,,
09-Oct-25,28-Oct-25,SAMMAANCAP,Non-Hld,161.25,160,149.45,7.9,170.55,5.77,0.99,65.22,8.32,7,1.32,171.71,147.06,122.4,,,,,,,,,,
09-Oct-25,28-Oct-25,SBICARD,Non-Hld,925,900,856.45,8.01,943.55,2.01,0.62,70.63,18.74,15.16,3.58,923.13,885.36,847.58,,,,,,,,,,
09-Oct-25,28-Oct-25,SBILIFE,Non-Hld,1813,1800,1729.5,4.83,1870.5,3.18,0.56,50.87,-9.77,-8.29,-1.48,1851.29,1807.95,1764.6,,,,,,,,,,
09-Oct-25,28-Oct-25,SBIN,Non-Hld,861.4,870,843.1,2.18,896.9,4.13,0.56,57.96,11.34,12.59,-1.25,888.27,856.06,823.85,,,,,,,,,,
09-Oct-25,28-Oct-25,SHREECEM,Non-Hld,29480,30000,28915.95,1.96,31084.05,5.45,0.78,47.46,-191.72,-211.81,20.1,30049.25,29521.25,28993.25,,,,,,,,,,
09-Oct-25,28-Oct-25,SHRIRAMFIN,Non-Hld,668.5,650,609.65,9.66,690.35,3.27,0.93,67.33,13.14,7.46,5.68,673.9,633.76,593.61,,,,,,,,,,
09-Oct-25,28-Oct-25,SIEMENS,Holding,3183,3300,3124.5,1.88,3475.5,9.19,0.45,48.97,5.74,7.46,-1.73,3360.99,3215.82,3070.65,,,,,,,,,,
09-Oct-25,28-Oct-25,SOLARINDS,Non-Hld,14260,14000,13172.2,8.26,14827.8,3.99,0.75,51.98,-113.85,-153.4,39.55,14964.05,14141.6,13319.15,,,,,,,,,,
09-Oct-25,28-Oct-25,SONACOMS,Non-Hld,429.9,420,392.55,9.52,447.45,4.09,0.73,51.88,-7.58,-8.8,1.23,444.75,421.76,398.78,,,,,,,,,,
09-Oct-25,28-Oct-25,SRF,Non-Hld,2999.8,3000,2875.5,4.33,3124.5,4.16,0.97,61.02,4.98,-9.58,14.56,3030.74,2920.67,2810.6,,,,,,,,,,
09-Oct-25,28-Oct-25,SUNPHARMA,Non-Hld,1654.6,1680,1624.8,1.84,1735.2,4.88,0.89,58.35,6.89,2.34,4.55,1670.35,1626.45,1582.54,,,,,,,,,,
09-Oct-25,28-Oct-25,SUPREMEIND,Non-Hld,4173,4500,4143.7,0.71,4856.3,16.38,0.56,39.51,-71.1,-54.4,-16.7,4593.24,4324.66,4056.09,,,,,,,,,,
09-Oct-25,28-Oct-25,SUZLON,Non-Hld,53.25,56,51.95,2.51,60.05,12.77,0.51,29.4,-1.54,-1.22,-0.33,61.17,56.6,52.03,,,,,,,,,,
09-Oct-25,28-Oct-25,SYNGENE,Non-Hld,636.8,640,603.7,5.49,676.3,6.21,0.77,48.13,-6.44,-6.83,0.39,676.29,642.75,609.21,,,,,,,,,,
09-Oct-25,28-Oct-25,TATACONSUM,Non-Hld,1115,1140,1090.5,2.25,1189.5,6.69,0.4,51.06,9.17,11.81,-2.64,1152.09,1124.16,1096.23,,,,,,,,,,
09-Oct-25,28-Oct-25,TATAELXSI,Non-Hld,5580,5500,5116.75,9.06,5883.25,5.44,0.66,53.9,-62.61,-77.19,14.59,5869.16,5518.12,5167.09,,,,,,,,,,
09-Oct-25,28-Oct-25,TATAPOWER,Non-Hld,388,400,383.05,1.3,416.95,7.47,0.8,48.17,0.43,0.73,-0.3,398.87,390.89,382.91,,,,,,,,,,
09-Oct-25,28-Oct-25,TATASTEEL,Non-Hld,176.21,180,172.3,2.27,187.7,6.53,0.76,64.65,2.13,2.12,0.01,175.28,171.04,166.79,,,,,,,,,,
09-Oct-25,28-Oct-25,TATATECH,Non-Hld,717.8,700,659.6,8.83,740.4,3.15,0.76,60.08,4.79,2.27,2.52,733.18,700.39,667.6,,,,,,,,,,
09-Oct-25,28-Oct-25,TCS,Non-Hld,3060.2,3100,2968.2,3.1,3231.8,5.61,0.74,53.79,-29.71,-36.04,6.33,3223.37,3024.4,2825.43,,,,,,,,,,
09-Oct-25,28-Oct-25,TECHM,Non-Hld,1463.1,1400,1305.75,12.06,1494.25,2.13,0.94,49.56,-17.99,-18.95,0.96,1562.14,1457.84,1353.53,,,,,,,,,,
09-Oct-25,28-Oct-25,TIINDIA,Non-Hld,3176.1,3200,3035.8,4.63,3364.2,5.93,0.55,51.99,7.82,22.83,-15.01,3444.17,3234.85,3025.53,,,,,,,,,,
09-Oct-25,28-Oct-25,TITAGARH,Non-Hld,907,900,838,8.24,962,6.07,0.47,52.69,5.59,7.59,-2,962.87,912.5,862.13,,,,,,,,,,
09-Oct-25,28-Oct-25,TITAN,Non-Hld,3544,3500,3376.7,4.96,3623.3,2.24,0.64,56.58,-17.44,-31.51,14.07,3617.45,3467.95,3318.44,,,,,,,,,,
09-Oct-25,28-Oct-25,TMPV,Non-Hld,684.4,720,680.95,0.51,759.05,10.91,0.34,44.99,0.08,1.79,-1.71,732.84,698.16,663.49,,,,,,,,,,
09-Oct-25,28-Oct-25,TORNTPHARM,Non-Hld,3542.6,3600,3471.05,2.07,3728.95,5.27,0.52,46.88,-10.97,-6.59,-4.38,3651.8,3571.52,3491.24,,,,,,,,,,
09-Oct-25,28-Oct-25,TORNTPOWER,Non-Hld,1240.5,1300,1217.9,1.86,1382.1,11.42,0.56,46.53,-16.83,-17.63,0.8,1295.87,1248.28,1200.69,,,,,,,,,,
09-Oct-25,28-Oct-25,TRENT,Non-Hld,4663.1,5000,4621.95,0.9,5378.05,15.34,0.44,32.66,-160.44,-147.78,-12.66,5300.11,4900.98,4501.84,,,,,,,,,,
09-Oct-25,28-Oct-25,TVSMOTOR,Non-Hld,3481,3500,3341.4,4.18,3658.6,5.11,0.76,59.07,43.45,56.7,-13.25,3558.46,3482.91,3407.36,,,,,,,,,,
09-Oct-25,28-Oct-25,ULTRACEMCO,Non-Hld,12163,13000,12138,0.21,13862,13.97,0.63,46.54,-114.69,-96.58,-18.11,12748.74,12295.25,11841.76,,,,,,,,,,
09-Oct-25,28-Oct-25,UNIONBANK,Non-Hld,137.86,140,132.25,4.25,147.75,7.18,0.64,54.27,1.12,1.21,-0.09,141.21,137.05,132.88,,,,,,,,,,
09-Oct-25,28-Oct-25,UNITDSPR,Non-Hld,1337.5,1400,1325.05,0.94,1474.95,10.28,0.61,51.76,5.51,3.88,1.63,1366.46,1331.96,1297.47,,,,,,,,,,
09-Oct-25,28-Oct-25,UNOMINDA,Non-Hld,1263.9,1300,1212.45,4.25,1387.55,9.79,0.54,44.78,16.58,23.21,-6.63,1353.15,1306.64,1260.13,,,,,,,,,,
09-Oct-25,28-Oct-25,UPL,Non-Hld,676.5,700,666,1.58,734,8.5,0.62,45.79,-7,-8.03,1.03,712.29,679.78,647.26,,,,,,,,,,
09-Oct-25,28-Oct-25,VBL,Non-Hld,446,450,427,4.45,473,6.06,0.59,39.61,-12.12,-11.76,-0.36,482.09,455.56,429.03,,,,,,,,,,
09-Oct-25,28-Oct-25,VEDL,Non-Hld,484.8,480,453.5,6.91,506.5,4.48,0.87,70.05,10.05,8.39,1.66,480.91,459.94,438.97,,,,,,,,,,
09-Oct-25,28-Oct-25,VOLTAS,Non-Hld,1378,1400,1328.2,3.75,1471.8,6.81,0.86,52.03,-3,-1.12,-1.88,1431.29,1382.56,1333.83,,,,,,,,,,
09-Oct-25,28-Oct-25,WIPRO,Non-Hld,246.4,250,236.25,4.3,263.75,7.05,0.88,50.66,-1.77,-1.82,0.05,259.3,246.89,234.47,,,,,,,,,,
09-Oct-25,28-Oct-25,YESBANK,Non-Hld,22.43,23,21.7,3.37,24.3,8.34,0.49,73.32,0.54,0.48,0.06,22.3,21.39,20.48,,,,,,,,,,
09-Oct-25,28-Oct-25,ZYDUSLIFE,Non-Hld,991.9,1100,1000.2,-0.82,1199.8,20.96,0.59,46.37,-5.01,-0.29,-4.72,1066.65,1015.3,963.94,,,,,,,,,,
10-Oct-25,28-Oct-25,360ONE,Non-Hld,1093.2,1100,1042.15,4.9,1157.85,5.92,0.69,60.3,3.97,-3.2,7.17,1120.03,1059.01,997.99,,,,,,,,,,
10-Oct-25,28-Oct-25,ABB,Holding,5188,5300,5062.75,2.48,5537.25,6.74,0.65,46.6,-19.33,-9.55,-9.78,5443.02,5257,5070.99,,,,,,,,,,
10-Oct-25,28-Oct-25,ABCAPITAL,Non-Hld,293.7,300,283.8,3.49,316.2,7.67,0.53,52.39,4.23,4.33,-0.1,305.49,292.66,279.83,,,,,,,,,,
10-Oct-25,28-Oct-25,ADANIENSOL,Non-Hld,928.25,1000,915.4,1.41,1084.6,16.85,0.6,64.69,28.04,25.46,2.58,960.48,887.19,813.9,,,,,,,,,,
10-Oct-25,28-Oct-25,ADANIENT,Non-Hld,2542.1,2600,2465,3.13,2735,7.59,0.57,57.34,42.92,48.26,-5.33,2692.86,2523.98,2355.11,,,,,,,,,,
10-Oct-25,28-Oct-25,ADANIGREEN,Non-Hld,1064.2,1100,1022.5,4.08,1177.5,10.65,0.51,57.78,21.06,23.86,-2.8,1140.8,1046.47,952.13,,,,,,,,,,
10-Oct-25,28-Oct-25,ADANIPORTS,Non-Hld,1411.3,1400,1344.3,4.99,1455.7,3.15,0.6,54.77,7.27,10.21,-2.94,1442.44,1409.38,1376.32,,,,,,,,,,
10-Oct-25,28-Oct-25,ALKEM,Non-Hld,5460,5600,5371.6,1.65,5828.4,6.75,0.58,53.33,38.59,51.41,-12.82,5564.28,5482.58,5400.87,,,,,,,,,,
10-Oct-25,28-Oct-25,AMBER,Non-Hld,8278.5,8500,7957.25,4.04,9042.75,9.24,0.58,57.37,137.74,165.27,-27.53,8477.82,8245.48,8013.13,,,,,,,,,,
10-Oct-25,28-Oct-25,AMBUJACEM,Non-Hld,568.1,600,566.05,0.37,633.95,11.6,0.68,46.17,-2.43,-1.91,-0.52,591.34,574.11,556.88,,,,,,,,,,
10-Oct-25,28-Oct-25,ANGELONE,Non-Hld,2303.8,2300,2132.45,8.04,2467.55,7.11,0.76,53.86,-31.35,-54.79,23.44,2317.39,2221.42,2125.44,,,,,,,,,,
10-Oct-25,28-Oct-25,APLAPOLLO,Non-Hld,1735,1700,1616.7,7.32,1783.3,2.79,0.57,62.2,20.04,17.39,2.65,1753.37,1704.69,1656.01,,,,,,,,,,
10-Oct-25,28-Oct-25,APOLLOHOSP,Non-Hld,7690,7700,7474.65,2.89,7925.35,3.07,0.59,51.96,-16.65,-21.98,5.32,7971.85,7671.62,7371.4,,,,,,,,,,
10-Oct-25,28-Oct-25,ASHOKLEY,Non-Hld,137.65,140,133.2,3.35,146.8,6.65,0.43,50.91,1.85,2.67,-0.82,144.95,139.32,133.69,,,,,,,,,,
10-Oct-25,28-Oct-25,ASIANPAINT,Non-Hld,2338.6,2500,2342.2,-0.15,2657.8,13.65,0.57,33.27,-43.99,-37.38,-6.6,2553.69,2410.82,2267.94,,,,,,,,,,
10-Oct-25,28-Oct-25,ASTRAL,Non-Hld,1424.6,1500,1415.75,0.63,1584.25,11.21,0.46,54.07,-5.21,-5.99,0.79,1490.01,1419.87,1349.73,,,,,,,,,,
10-Oct-25,28-Oct-25,AUBANK,Non-Hld,762.5,800,746.45,2.16,853.55,11.95,0.56,62.07,9.62,4.95,4.68,775.25,734.56,693.86,,,,,,,,,,
10-Oct-25,28-Oct-25,AUROPHARMA,Non-Hld,1130.1,1100,1037.6,8.92,1162.4,2.86,0.77,62.07,7.62,5.71,1.91,1130.76,1099.77,1068.78,,,,,,,,,,
10-Oct-25,28-Oct-25,AXISBANK,Non-Hld,1182.5,1160,1108.55,6.68,1211.45,2.45,0.45,61.13,23.64,22.34,1.3,1208.91,1152.64,1096.37,,,,,,,,,,
10-Oct-25,28-Oct-25,BAJAJ-AUTO,Non-Hld,8943,9000,8617.45,3.78,9382.55,4.92,0.65,55.14,-3.83,5.52,-9.36,9174.23,8879.83,8585.42,,,,,,,,,,
10-Oct-25,28-Oct-25,BAJAJFINSV,Non-Hld,2008.5,1800,1598.05,25.69,2001.95,-0.32,0.61,45.77,1.23,7.63,-6.4,2102.62,2041.72,1980.83,,,,,,,,,,
10-Oct-25,28-Oct-25,BAJFINANCE,Non-Hld,1025,1020,972.55,5.4,1067.45,4.15,0.72,65.16,20.22,21.3,-1.07,1033.85,1006.81,979.77,,,,,,,,,,
10-Oct-25,28-Oct-25,BANDHANBNK,Non-Hld,168.5,170,159.7,5.52,180.3,7.01,0.86,58.38,-0.19,-0.97,0.78,169.61,163.02,156.44,,,,,,,,,,
10-Oct-25,28-Oct-25,BANKBARODA,Non-Hld,266.7,270,257.7,3.5,282.3,5.85,0.75,70.93,6.33,5.3,1.03,271.5,254.08,236.66,,,,,,,,,,
10-Oct-25,28-Oct-25,BANKINDIA,Non-Hld,126.71,130,123.7,2.44,136.3,7.57,0.65,67.99,2.83,2.42,0.41,128.35,121.65,114.96,,,,,,,,,,
10-Oct-25,28-Oct-25,BDL,Non-Hld,1528.3,1600,1490.7,2.53,1709.3,11.85,0.59,49.29,-6.31,-4.05,-2.26,1651.6,1560.94,1470.28,,,,,,,,,,
10-Oct-25,28-Oct-25,BEL,Holding,412.15,410,393.7,4.69,426.3,3.44,0.62,61.08,6.01,5.8,0.21,416.66,405.5,394.35,,,,,,,,,,
10-Oct-25,28-Oct-25,BHARATFORG,Non-Hld,1222.7,1220,1161.25,5.3,1278.75,4.59,0.64,52.49,5,8.5,-3.5,1280.66,1228.78,1176.9,,,,,,,,,,
10-Oct-25,28-Oct-25,BHARTIARTL,Non-Hld,1940,1960,1912.75,1.43,2007.25,3.47,0.48,56.83,4.89,2.35,2.54,1973.67,1923.6,1873.53,,,,,,,,,,
10-Oct-25,28-Oct-25,BHEL,Non-Hld,240,250,235.7,1.83,264.3,10.13,0.7,57.59,3.92,3.77,0.15,246.51,237.1,227.69,,,,,,,,,,
10-Oct-25,28-Oct-25,BIOCON,Non-Hld,353.1,360,343.85,2.7,376.15,6.53,0.63,48.89,-3.19,-3.62,0.42,371.39,354.07,336.75,,,,,,,,,,
10-Oct-25,28-Oct-25,BLUESTARCO,Non-Hld,1948,2000,1895,2.8,2105,8.06,0.62,58.64,5.21,8.15,-2.94,1986.81,1918.89,1850.98,,,,,,,,,,
10-Oct-25,28-Oct-25,BOSCHLTD,Non-Hld,38435,40000,38299.35,0.36,41700.65,8.5,0.6,44.57,-304.08,-249.11,-54.97,40242.92,38977.25,37711.58,,,,,,,,,,
10-Oct-25,28-Oct-25,BPCL,Non-Hld,338.4,350,332.25,1.86,367.75,8.68,0.77,59.17,6.05,5.2,0.85,350.46,332.26,314.06,,,,,,,,,,
10-Oct-25,28-Oct-25,BRITANNIA,Non-Hld,5870,6000,5776.2,1.63,6223.8,6.03,0.5,44.67,-4.52,26.84,-31.35,6236.66,6006.22,5775.79,,,,,,,,,,
10-Oct-25,28-Oct-25,BSE,Holding,2379.9,2200,1968.5,20.9,2431.5,2.17,1,64.91,2.02,-36.73,38.76,2353.59,2169.04,1984.49,,,,,,,,,,
10-Oct-25,28-Oct-25,CAMS,Holding,3865,3800,3594.05,7.54,4005.95,3.65,0.62,50.45,-17.79,-12.87,-4.91,4078.89,3881.35,3683.81,,,,,,,,,,
10-Oct-25,28-Oct-25,CANBK,Non-Hld,127.36,130,123.2,3.38,136.8,7.42,0.85,69.81,4.22,3.83,0.39,131.18,120.88,110.58,,,,,,,,,,
10-Oct-25,28-Oct-25,CDSL,Holding,1607.1,1600,1517.5,5.91,1682.5,4.7,0.66,62.13,2.86,-7.53,10.39,1617.21,1533,1448.8,,,,,,,,,,
10-Oct-25,28-Oct-25,CGPOWER,Holding,753.9,840,753.8,0.02,926.2,22.86,0.62,53.44,5.17,8.86,-3.69,800.69,763.23,725.77,,,,,,,,,,
10-Oct-25,28-Oct-25,CHOLAFIN,Non-Hld,1615.6,1600,1533.55,5.36,1666.45,3.15,0.71,57.08,26.41,27.29,-0.89,1661.94,1594.9,1527.86,,,,,,,,,,
10-Oct-25,28-Oct-25,CIPLA,Non-Hld,1568,1600,1540.4,1.8,1659.6,5.85,0.8,57.67,-8.07,-9.82,1.75,1588.09,1531.49,1474.89,,,,,,,,,,
10-Oct-25,28-Oct-25,COALINDIA,Holding,384.1,400,382.65,0.38,417.35,8.66,0.66,46.01,-0.65,0.77,-1.42,400.44,390.11,379.78,,,,,,,,,,
10-Oct-25,28-Oct-25,COFORGE,Non-Hld,1719.3,1700,1587.8,8.29,1812.2,5.41,0.68,55.4,-8.6,-20.22,11.62,1853.47,1685.48,1517.48,,,,,,,,,,
10-Oct-25,28-Oct-25,COLPAL,Non-Hld,2231.8,2340,2212.5,0.88,2467.5,10.57,0.79,39.65,-32.34,-25.65,-6.7,2403.55,2280.37,2157.19,,,,,,,,,,
10-Oct-25,28-Oct-25,CONCOR,Non-Hld,540,540,518.15,4.22,561.85,4.05,0.74,50.94,-4.68,-5.76,1.08,567.11,540.38,513.66,,,,,,,,,,
10-Oct-25,28-Oct-25,CROMPTON,Non-Hld,287.9,300,282.6,1.88,317.4,10.25,0.56,29.56,-9.2,-8.42,-0.78,322.18,300.01,277.83,,,,,,,,,,
10-Oct-25,28-Oct-25,CUMMINSIND,Non-Hld,3957.9,4000,3841.5,3.04,4158.5,5.07,0.69,52.64,12.19,26.13,-13.94,4133.12,3992.81,3852.5,,,,,,,,,,
10-Oct-25,28-Oct-25,CYIENT,Non-Hld,1176,1300,1163.3,1.1,1436.7,22.17,0.54,46.58,-10.57,-11.09,0.52,1270.59,1192.46,1114.32,,,,,,,,,,
10-Oct-25,28-Oct-25,DABUR,Non-Hld,489.9,500,481.75,1.7,518.25,5.79,0.43,35.74,-11.17,-8.51,-2.66,550.79,509.97,469.16,,,,,,,,,,
10-Oct-25,28-Oct-25,DALBHARAT,Non-Hld,2228,2300,2187.2,1.87,2412.8,8.3,0.63,33.84,-34.46,-24.69,-9.77,2489.56,2311.64,2133.73,,,,,,,,,,
10-Oct-25,28-Oct-25,DELHIVERY,Non-Hld,464.95,470,446.65,4.1,493.35,6.11,0.78,52.68,-0.36,-1.43,1.07,490.24,461.88,433.53,,,,,,,,,,
10-Oct-25,28-Oct-25,DIVISLAB,Non-Hld,6489,6000,5444.9,19.18,6555.1,1.02,0.91,68.75,7.58,-57.17,64.75,6387.74,5994.08,5600.41,,,,,,,,,,
10-Oct-25,28-Oct-25,DIXON,Non-Hld,17456,18000,17007.05,2.64,18992.95,8.81,0.94,52.37,-95,-29.57,-65.43,18869.32,17530.25,16191.17,,,,,,,,,,
10-Oct-25,28-Oct-25,DLF,Non-Hld,740.25,740,706.85,4.73,773.15,4.45,0.66,47.57,-9.61,-10.22,0.61,796.85,746.26,695.67,,,,,,,,,,
10-Oct-25,28-Oct-25,DMART,Non-Hld,4328,4300,4068,6.4,4532,4.72,0.57,33.29,-77.69,-39.47,-38.23,4855.43,4532.99,4210.54,,,,,,,,,,
10-Oct-25,28-Oct-25,DRREDDY,Non-Hld,1264,1320,1242.75,1.71,1397.25,10.55,0.55,49.79,-8.36,-5.31,-3.05,1342.21,1275.66,1209.1,,,,,,,,,,
10-Oct-25,28-Oct-25,EICHERMOT,Non-Hld,6974,7000,6765.5,3.09,7234.5,3.74,0.78,62.93,139.9,187.36,-47.46,7063.6,6946.35,6829.1,,,,,,,,,,
10-Oct-25,28-Oct-25,ETERNAL,Non-Hld,348.4,335,312.55,11.48,357.45,2.6,0.74,68.66,5.84,4.86,0.98,348.7,333,317.31,,,,,,,,,,
10-Oct-25,28-Oct-25,EXIDEIND,Non-Hld,400.2,400,383.4,4.39,416.6,4.1,0.84,49.22,-1.73,-1.16,-0.56,425.12,403.56,382.01,,,,,,,,,,
10-Oct-25,28-Oct-25,FEDERALBNK,Non-Hld,209,210,201.05,3.96,218.95,4.77,0.84,72.07,1.95,0.2,1.75,206.05,196.57,187.1,,,,,,,,,,
10-Oct-25,28-Oct-25,FORTIS,Non-Hld,1065,1000,921.7,15.55,1078.3,1.25,0.85,70.13,32.14,23.53,8.61,1070.41,988.09,905.76,,,,,,,,,,
10-Oct-25,28-Oct-25,GAIL,Non-Hld,178.77,180,173.15,3.25,186.85,4.52,0.67,53.96,0.28,0.07,0.21,183.52,178.16,172.81,,,,,,,,,,
10-Oct-25,28-Oct-25,GLENMARK,Non-Hld,1938.4,2200,1984.3,-2.31,2415.7,24.63,0.62,39.97,-22.98,-13.73,-9.25,2128.95,2007.5,1886.06,,,,,,,,,,
10-Oct-25,28-Oct-25,GMRAIRPORT,Non-Hld,90.13,95,89.5,0.71,100.5,11.51,0.53,55.25,0.09,-0.01,0.1,93.12,89.6,86.08,,,,,,,,,,
10-Oct-25,28-Oct-25,GODREJCP,Non-Hld,1129,1200,1122.05,0.62,1277.95,13.2,0.51,29.61,-27.65,-21.64,-6,1274.58,1187.64,1100.69,,,,,,,,,,
10-Oct-25,28-Oct-25,GODREJPROP,Non-Hld,2089,2100,1985.55,5.22,2214.45,6.01,0.66,56.8,3.57,-3,6.57,2142.66,2043.9,1945.14,,,,,,,,,,
10-Oct-25,28-Oct-25,GRASIM,Non-Hld,2812,2900,2793.35,0.67,3006.65,6.93,0.59,52.73,-0.32,-0.26,-0.06,2884.8,2808.5,2732.2,,,,,,,,,,
10-Oct-25,28-Oct-25,HAL,Non-Hld,4832,5000,4749,1.75,5251,8.68,0.6,58.56,60.93,64.55,-3.62,4916.04,4809.96,4703.88,,,,,,,,,,
10-Oct-25,28-Oct-25,HAVELLS,Non-Hld,1499.9,1600,1487.95,0.81,1712.05,14.15,0.61,38.48,-18.19,-12.53,-5.66,1627.67,1538.6,1449.53,,,,,,,,,,
10-Oct-25,28-Oct-25,HCLTECH,Non-Hld,1492.8,1500,1431.85,4.26,1568.15,5.05,0.8,62.16,-3.02,-13.33,10.31,1503.69,1430.2,1356.71,,,,,,,,,,
10-Oct-25,28-Oct-25,HDFCAMC,Non-Hld,5521,5500,5242.1,5.33,5757.9,4.3,0.76,42.13,-43.82,-13.47,-30.35,5953.35,5685.18,5417,,,,,,,,,,
10-Oct-25,28-Oct-25,HDFCBANK,Non-Hld,981.45,1000,968.05,1.39,1031.95,5.15,0.76,59.72,1.65,-1.9,3.56,987.16,965.16,943.16,,,,,,,,,,
10-Oct-25,28-Oct-25,HDFCLIFE,Non-Hld,748.8,800,744.9,0.53,855.1,14.2,0.55,39.46,-5.7,-3.57,-2.13,790.06,766.62,743.18,,,,,,,,,,
10-Oct-25,28-Oct-25,HEROMOTOCO,Non-Hld,5502,5600,5352.4,2.8,5847.6,6.29,0.62,60.69,109.28,118.09,-8.81,5616.68,5413.52,5210.37,,,,,,,,,,
10-Oct-25,28-Oct-25,HFCL,Non-Hld,76.01,80,73.55,3.35,86.45,13.74,0.59,55.29,0.26,0.2,0.06,77.62,74.76,71.91,,,,,,,,,,
10-Oct-25,28-Oct-25,HINDALCO,Non-Hld,772.8,780,749.8,3.07,810.2,4.84,0.71,66.47,13.01,12.83,0.18,782.14,757.81,733.48,,,,,,,,,,
10-Oct-25,28-Oct-25,HINDPETRO,Non-Hld,452.9,450,425.5,6.44,474.5,4.77,0.45,69.86,15.17,12.6,2.57,469.89,428.99,388.09,,,,,,,,,,
10-Oct-25,28-Oct-25,HINDUNILVR,Non-Hld,2526,2600,2500.5,1.02,2699.5,6.87,0.54,45.79,-17.27,-14.75,-2.52,2598.73,2542.57,2486.42,,,,,,,,,,
10-Oct-25,28-Oct-25,HINDZINC,Non-Hld,496.85,500,469.9,5.74,530.1,6.7,0.6,64.44,15.22,12.14,3.08,507.75,472.3,436.86,,,,,,,,,,
10-Oct-25,28-Oct-25,HUDCO,Non-Hld,232.31,240,226.8,2.43,253.2,9,0.59,58.49,3.35,3.44,-0.1,239.45,227.87,216.3,,,,,,,,,,
10-Oct-25,28-Oct-25,ICICIBANK,Non-Hld,1380.4,1400,1355.65,1.83,1444.35,4.64,0.74,46.31,-11.18,-12.72,1.54,1434.01,1385.76,1337.5,,,,,,,,,,
10-Oct-25,28-Oct-25,ICICIGI,Non-Hld,1859,1900,1810.95,2.66,1989.05,7,0.64,43.6,-0.04,1.48,-1.51,1917.03,1885.33,1853.63,,,,,,,,,,
10-Oct-25,28-Oct-25,ICICIPRULI,Non-Hld,600,620,588.15,2.02,651.85,8.65,0.6,47.03,-3.48,-4.25,0.77,610.09,598.74,587.39,,,,,,,,,,
10-Oct-25,28-Oct-25,IDEA,Non-Hld,9.03,10,8.5,6.24,11.5,27.36,0.57,63.9,0.45,0.41,0.03,9.33,8.43,7.54,,,,,,,,,,
10-Oct-25,28-Oct-25,IDFCFIRSTB,Non-Hld,74.5,75,71.35,4.42,78.65,5.58,0.69,67.64,0.45,0.02,0.43,73.99,71.05,68.11,,,,,,,,,,
10-Oct-25,28-Oct-25,IEX,Holding,139.8,145,136.15,2.69,153.85,10.06,0.71,42.43,-1.51,-1.51,0,150.17,143.04,135.91,,,,,,,,,,
10-Oct-25,28-Oct-25,IGL,Non-Hld,216,220,208.6,3.55,231.4,7.13,0.6,57.22,1.6,0.69,0.91,221.48,211.91,202.34,,,,,,,,,,
10-Oct-25,28-Oct-25,IIFL,Non-Hld,491.1,500,472.15,4.02,527.85,7.49,0.68,65.21,9.47,3.14,6.33,493.44,454.29,415.14,,,,,,,,,,
10-Oct-25,28-Oct-25,INDHOTEL,Non-Hld,736,800,735.7,0.05,864.3,17.44,0.51,43.59,-10.48,-10.14,-0.35,797.71,747.06,696.41,,,,,,,,,,
10-Oct-25,28-Oct-25,INDIANB,Non-Hld,775,760,721.95,7.35,798.05,2.98,0.94,74.88,24.7,20.78,3.92,783.23,725.87,668.51,,,,,,,,,,
10-Oct-25,28-Oct-25,INDIGO,Holding,5736,5800,5609.85,2.25,5990.15,4.44,0.72,52.26,-21.39,-34.1,12.71,5791.6,5687.15,5582.7,,,,,,,,,,
10-Oct-25,28-Oct-25,INDUSINDBK,Non-Hld,763.5,750,707.45,7.93,792.55,3.81,1.03,55.92,-3.01,-7.23,4.23,761.39,740.83,720.27,,,,,,,,,,
10-Oct-25,28-Oct-25,INDUSTOWER,Non-Hld,354.3,360,339.35,4.41,380.65,7.44,0.57,51.27,0.78,0.42,0.36,363.56,354.51,345.47,,,,,,,,,,
10-Oct-25,28-Oct-25,INFY,Non-Hld,1511.9,1500,1427.8,5.9,1572.2,3.99,0.85,56.93,-1.9,-6.17,4.27,1554.61,1490.18,1425.74,,,,,,,,,,
10-Oct-25,28-Oct-25,INOXWIND,Non-Hld,150,150,141.65,5.9,158.35,5.57,0.59,59.05,-0.86,-1.48,0.62,155.47,145.33,135.19,,,,,,,,,,
10-Oct-25,28-Oct-25,IOC,Non-Hld,153.8,150,143,7.56,157,2.09,0.71,68.1,3.08,2.5,0.58,156.39,148.95,141.51,,,,,,,,,,
10-Oct-25,28-Oct-25,IRCTC,Holding,715,750,712,0.43,788,10.21,0.56,50.28,-3.48,-3.81,0.34,738.96,716.52,694.08,,,,,,,,,,
10-Oct-25,28-Oct-25,IREDA,Non-Hld,151.09,150,139.65,8.2,160.35,6.13,0.44,50.71,0.26,0.61,-0.35,159.45,152.16,144.87,,,,,,,,,,
10-Oct-25,28-Oct-25,IRFC,Non-Hld,126.48,130,122.45,3.3,137.55,8.76,0.58,52.08,-0.19,-0.25,0.07,130.59,126.32,122.06,,,,,,,,,,
10-Oct-25,28-Oct-25,ITC,Non-Hld,402.5,410,399.5,0.76,420.5,4.48,0.67,46.04,-2.35,-2.03,-0.31,415.03,405.45,395.88,,,,,,,,,,
10-Oct-25,28-Oct-25,JINDALSTEL,Non-Hld,1014,1100,1012.9,0.11,1187.1,17.08,0.52,45.1,5.11,10.97,-5.86,1075.81,1045.24,1014.67,,,,,,,,,,
10-Oct-25,28-Oct-25,JIOFIN,Non-Hld,308.2,320,303.45,1.57,336.55,9.2,0.72,49.86,-2.41,-3.32,0.91,322.37,307.41,292.45,,,,,,,,,,
10-Oct-25,28-Oct-25,JSWENERGY,Non-Hld,546,550,523.2,4.36,576.8,5.65,0.51,58.44,5.23,4.52,0.72,551.27,536.74,522.21,,,,,,,,,,
10-Oct-25,28-Oct-25,JSWSTEEL,Non-Hld,1167.8,1300,1149.25,1.62,1450.75,24.23,0.69,65.57,21.95,21.12,0.83,1179.94,1136.57,1093.2,,,,,,,,,,
10-Oct-25,28-Oct-25,JUBLFOOD,Non-Hld,602.45,650,601.5,0.16,698.5,15.95,0.54,37.63,-8.99,-7.48,-1.51,641.14,619.65,598.16,,,,,,,,,,
10-Oct-25,28-Oct-25,KALYANKJIL,Non-Hld,484.75,500,468.9,3.39,531.1,9.57,0.54,46.29,-9.08,-11.81,2.73,529.31,487.29,445.26,,,,,,,,,,
10-Oct-25,28-Oct-25,KAYNES,Non-Hld,7098,7000,6496.2,9.27,7503.8,5.72,0.49,51.06,139.44,192.82,-53.38,7544.22,7236.5,6928.78,,,,,,,,,,
10-Oct-25,28-Oct-25,KEI,Non-Hld,4275,4300,4046.15,5.66,4553.85,6.53,0.81,64.53,57.02,45.6,11.42,4285.82,4140.3,3994.79,,,,,,,,,,
10-Oct-25,28-Oct-25,KFINTECH,Holding,1075,1100,1031.95,4.18,1168.05,8.66,0.76,48.33,-13.35,-12.36,-0.98,1141.82,1080.96,1020.11,,,,,,,,,,
10-Oct-25,28-Oct-25,KOTAKBANK,Non-Hld,2146.1,2100,2009.9,6.78,2190.1,2.06,1.06,68.72,36.27,22.4,13.88,2167.96,2052.16,1936.36,,,,,,,,,,
10-Oct-25,28-Oct-25,KPITTECH,Non-Hld,1152.1,1200,1125.3,2.39,1274.7,10.65,0.66,39.91,-22.7,-15.63,-7.07,1327.54,1214.03,1100.51,,,,,,,,,,
10-Oct-25,28-Oct-25,LAURUSLABS,Non-Hld,877.2,900,842.1,4.17,957.9,9.2,0.58,51.46,-3.36,-0.75,-2.6,936.41,881.44,826.46,,,,,,,,,,
10-Oct-25,28-Oct-25,LICHSGFIN,Non-Hld,567.5,600,566.9,0.11,633.1,11.56,0.72,48.54,-0.87,0.43,-1.3,592.54,573.81,555.08,,,,,,,,,,
10-Oct-25,28-Oct-25,LICI,Non-Hld,899,900,866.3,3.78,933.7,3.86,0.42,52.58,3.82,3.3,0.52,914.47,893.87,873.27,,,,,,,,,,
10-Oct-25,28-Oct-25,LODHA,Non-Hld,1153.6,1160,1094,5.45,1226,6.28,0.64,46.22,-22.2,-23.24,1.04,1231.19,1164.36,1097.52,,,,,,,,,,
10-Oct-25,28-Oct-25,LT,Non-Hld,3779,3800,3693.05,2.33,3906.95,3.39,0.49,66.44,40.58,31.56,9.03,3790.6,3686.55,3582.5,,,,,,,,,,
10-Oct-25,28-Oct-25,LTF,Non-Hld,255.76,260,244.3,4.7,275.7,7.8,0.88,62.82,8.54,8.66,-0.12,265.47,248.89,232.3,,,,,,,,,,
10-Oct-25,28-Oct-25,LTIM,Non-Hld,5465,5500,5208.85,4.92,5791.15,5.97,0.74,63.56,33.24,11.28,21.96,5555.18,5293.72,5032.27,,,,,,,,,,
10-Oct-25,28-Oct-25,LUPIN,Non-Hld,1958.2,2000,1917.25,2.14,2082.75,6.37,0.67,49.74,-7.43,-2.43,-5,2082.04,1982.21,1882.38,,,,,,,,,,
10-Oct-25,28-Oct-25,M%26M,Non-Hld,3454,3500,3353.4,3,3646.6,5.58,0.49,48.62,1.86,19.38,-17.53,3675.71,3517.8,3359.9,,,,,,,,,,
10-Oct-25,28-Oct-25,MANAPPURAM,Non-Hld,285.15,280,264.85,7.67,295.15,3.51,0.62,49.59,2.79,3.25,-0.46,298.93,288.61,278.29,,,,,,,,,,
10-Oct-25,28-Oct-25,MANKIND,Non-Hld,2464,2600,2436.8,1.12,2763.2,12.15,0.48,41.74,-26.01,-19.66,-6.35,2657.21,2520.92,2384.63,,,,,,,,,,
10-Oct-25,28-Oct-25,MARICO,Non-Hld,712.6,740,704.95,1.09,775.05,8.77,0.66,49.85,-2.54,-3.57,1.04,731.94,712.52,693.09,,,,,,,,,,
10-Oct-25,28-Oct-25,MARUTI,Non-Hld,16285,16000,15441,5.47,16559,1.69,0.62,69.01,374.51,447.78,-73.27,16480.86,15925.7,15370.54,,,,,,,,,,
10-Oct-25,28-Oct-25,MAXHEALTH,Non-Hld,1155.5,1200,1137.6,1.58,1262.4,9.26,0.88,51.06,-12.44,-18.16,5.71,1196.95,1143.21,1089.47,,,,,,,,,,
10-Oct-25,28-Oct-25,MAZDOCK,Non-Hld,2874.1,3000,2792.05,2.94,3207.95,11.62,0.56,51.92,11.9,16.17,-4.27,3033.93,2896.57,2759.21,,,,,,,,,,
10-Oct-25,28-Oct-25,MCX,Holding,8680,8000,7190.25,20.72,8809.75,1.5,0.81,70.96,165.72,86,79.72,8572.49,8044.52,7516.56,,,,,,,,,,
10-Oct-25,28-Oct-25,MFSL,Non-Hld,1584,1600,1533.3,3.31,1666.7,5.23,0.61,49.7,1.48,0.22,1.26,1617.61,1576.26,1534.91,,,,,,,,,,
10-Oct-25,28-Oct-25,MOTHERSON,Holding,104.15,110,102.65,1.47,117.35,12.68,0.52,50.43,0.84,1.67,-0.83,111.85,106.78,101.71,,,,,,,,,,
10-Oct-25,28-Oct-25,MPHASIS,Non-Hld,2777,2900,2731.45,1.67,3068.55,10.5,0.57,48.51,-16.46,-19.05,2.59,3036.39,2812.36,2588.34,,,,,,,,,,
10-Oct-25,28-Oct-25,MUTHOOTFIN,Non-Hld,3165,3200,3055,3.61,3345,5.69,0.61,62.36,107.68,103.7,3.98,3297.32,3077.42,2857.53,,,,,,,,,,
10-Oct-25,28-Oct-25,NATIONALUM,Non-Hld,224.69,230,216.9,3.6,243.1,8.2,0.78,64.3,6.3,5.21,1.09,227.79,213.74,199.69,,,,,,,,,,
10-Oct-25,28-Oct-25,NAUKRI,Non-Hld,1334,1400,1317.15,1.28,1482.85,11.16,0.54,44.36,-5.9,-5.65,-0.24,1415.76,1359.58,1303.4,,,,,,,,,,
10-Oct-25,28-Oct-25,NBCC,Non-Hld,113,115,107.8,4.83,122.2,8.15,0.5,57.04,1.53,1.21,0.32,115.34,110.25,105.15,,,,,,,,,,
10-Oct-25,28-Oct-25,NCC,Non-Hld,211.2,210,200.45,5.37,219.55,3.96,0.59,50.34,-0.97,-1.28,0.31,218.06,210.53,202.99,,,,,,,,,,
10-Oct-25,28-Oct-25,NESTLEIND,Non-Hld,1199,1200,1157.5,3.59,1242.5,3.63,0.83,58.13,0.83,-0.4,1.23,1221.9,1184.08,1146.26,,,,,,,,,,
10-Oct-25,28-Oct-25,NHPC,Non-Hld,86.92,90,85.25,1.96,94.75,9.01,0.55,57.87,0.98,1.06,-0.08,88.82,86.46,84.1,,,,,,,,,,
10-Oct-25,28-Oct-25,NMDC,Non-Hld,77.15,80,75.35,2.39,84.65,9.73,0.59,57.05,1.01,1.08,-0.07,78.29,76.44,74.6,,,,,,,,,,
10-Oct-25,28-Oct-25,NTPC,Non-Hld,338.8,345,335.4,1.02,354.6,4.67,0.44,54.41,1.3,1.81,-0.51,345.94,338.41,330.87,,,,,,,,,,
10-Oct-25,28-Oct-25,NUVAMA,Non-Hld,7243,7000,6572.45,10.21,7427.55,2.55,1.05,72.2,128.22,2.5,125.71,7207.82,6516.4,5824.98,,,,,,,,,,
10-Oct-25,28-Oct-25,NYKAA,Non-Hld,265.51,250,232.55,14.18,267.45,0.74,0.76,71.09,7.5,5.14,2.36,265.36,244.48,223.59,,,,,,,,,,
10-Oct-25,28-Oct-25,OBEROIRLTY,Non-Hld,1595.5,1700,1580.2,0.97,1819.8,14.06,0.81,45.25,-13.16,-12.35,-0.8,1681.76,1619.04,1556.32,,,,,,,,,,
10-Oct-25,28-Oct-25,OFSS,Non-Hld,9201,9500,8920.3,3.15,10079.7,9.56,0.58,58.01,120.17,80.26,39.91,9507.76,8986.92,8466.09,,,,,,,,,,
10-Oct-25,28-Oct-25,OIL,Non-Hld,418.05,420,398.5,4.91,441.5,5.61,0.6,57.06,3.48,2.03,1.45,425.61,409.8,393.99,,,,,,,,,,
10-Oct-25,28-Oct-25,ONGC,Non-Hld,245.9,250,242.6,1.37,257.4,4.68,0.34,65.18,2.41,1.74,0.67,247.55,239.45,231.35,,,,,,,,,,
10-Oct-25,28-Oct-25,PAGEIND,Non-Hld,41550,45000,41544.8,0.02,48455.2,16.62,0.4,39.05,-813.2,-819.87,6.67,45440.13,42758.75,40077.37,,,,,,,,,,
10-Oct-25,28-Oct-25,PATANJALI,Non-Hld,590.55,600,569.9,3.63,630.1,6.7,0.42,48.48,-1.6,-1.87,0.27,611.21,596.01,580.8,,,,,,,,,,
10-Oct-25,28-Oct-25,PAYTM,Non-Hld,1237,1200,1115.95,10.85,1284.05,3.81,0.87,58.81,9.46,2.02,7.45,1276.62,1192.03,1107.44,,,,,,,,,,
10-Oct-25,28-Oct-25,PERSISTENT,Non-Hld,5359,5200,4827.85,11.01,5572.15,3.98,0.69,56.1,-18,-49.47,31.47,5669.66,5238.74,4807.82,,,,,,,,,,
10-Oct-25,28-Oct-25,PETRONET,Non-Hld,280.65,310,282.55,-0.67,337.45,20.24,1.01,53.52,1.16,0.05,1.11,287.36,278.03,268.7,,,,,,,,,,
10-Oct-25,28-Oct-25,PFC,Holding,404.3,410,393.25,2.81,426.75,5.56,0.75,49.44,0.82,1.4,-0.58,415.37,405.93,396.49,,,,,,,,,,
10-Oct-25,28-Oct-25,PGEL,Non-Hld,585.5,560,512.55,14.24,607.45,3.75,0.92,61.1,-11.38,-18.74,7.35,597.12,543.08,489.03,,,,,,,,,,
10-Oct-25,28-Oct-25,PHOENIXLTD,Non-Hld,1592.2,1600,1518.25,4.88,1681.75,5.63,0.69,56.4,12.43,13.24,-0.81,1648.37,1589.86,1531.35,,,,,,,,,,
10-Oct-25,28-Oct-25,PIDILITIND,Non-Hld,1507,1500,1451.6,3.82,1548.4,2.75,0.66,51.55,-8.87,-10.76,1.9,1552.25,1503.42,1454.6,,,,,,,,,,
10-Oct-25,28-Oct-25,PIIND,Non-Hld,3563.9,3600,3456.45,3.11,3743.55,5.05,0.78,42.57,-60.94,-65.26,4.32,3784.29,3616.21,3448.14,,,,,,,,,,
10-Oct-25,28-Oct-25,PNB,Non-Hld,116.92,120,114.55,2.07,125.45,7.3,0.83,68.03,2.12,1.79,0.33,117.11,112.04,106.96,,,,,,,,,,
10-Oct-25,28-Oct-25,PNBHOUSING,Non-Hld,855,900,832.2,2.74,967.8,13.2,0.71,47.53,10.46,11.63,-1.17,912.51,868.76,825.02,,,,,,,,,,
10-Oct-25,28-Oct-25,POLICYBZR,Non-Hld,1745,1800,1698.9,2.72,1901.1,8.95,0.76,47.09,-20.6,-24.53,3.92,1848.25,1754.46,1660.66,,,,,,,,,,
10-Oct-25,28-Oct-25,POLYCAB,Non-Hld,7730,8000,7535.9,2.58,8464.1,9.5,0.48,69.1,116.44,102.05,14.39,7759.78,7462.78,7165.77,,,,,,,,,,
10-Oct-25,28-Oct-25,POWERGRID,Holding,288.65,300,287,0.58,313,8.44,0.49,54.53,0.34,0,0.35,292.99,286.38,279.77,,,,,,,,,,
10-Oct-25,28-Oct-25,POWERINDIA,Non-Hld,17635,20000,17567.85,0.39,22432.15,27.21,0.26,34.46,-484.25,-361.54,-122.71,20501.74,18824.85,17147.96,,,,,,,,,,
10-Oct-25,28-Oct-25,PPLPHARMA,Non-Hld,201.67,210,196.15,2.82,223.85,11,0.66,55.99,-0.02,-0.16,0.15,208.82,198.57,188.32,,,,,,,,,,
10-Oct-25,28-Oct-25,PRESTIGE,Non-Hld,1619,1600,1514.55,6.9,1685.45,4.11,0.67,58.39,-8.67,-15.02,6.36,1662.15,1570.06,1477.98,,,,,,,,,,
10-Oct-25,28-Oct-25,RBLBANK,Non-Hld,292.55,300,268.95,8.78,331.05,13.17,0.43,71,5.39,4.08,1.31,287.95,274.74,261.52,,,,,,,,,,
10-Oct-25,28-Oct-25,RECLTD,Non-Hld,372.6,380,362.65,2.75,397.35,6.65,0.89,46.17,-0.66,-0.13,-0.53,388.45,377.82,367.2,,,,,,,,,,
10-Oct-25,28-Oct-25,RELIANCE,Non-Hld,1380.9,1400,1353.7,2.01,1446.3,4.74,0.73,49.66,-4.49,-4.84,0.36,1416.9,1385.24,1353.58,,,,,,,,,,
10-Oct-25,28-Oct-25,RVNL,Non-Hld,341.75,400,338.2,1.05,461.8,35.13,0.4,47.65,1.23,1.96,-0.73,365.11,349.12,333.13,,,,,,,,,,
10-Oct-25,28-Oct-25,SAIL,Non-Hld,131.74,140,129.35,1.85,150.65,14.36,0.51,50.59,1.47,1.96,-0.49,137.72,133.94,130.16,,,,,,,,,,
10-Oct-25,28-Oct-25,SAMMAANCAP,Non-Hld,162.9,160,149.7,8.82,170.3,4.55,0.97,66.03,8.28,7.26,1.02,173.36,148.32,123.28,,,,,,,,,,
10-Oct-25,28-Oct-25,SBICARD,Non-Hld,916.75,900,856.55,7.03,943.45,2.92,0.6,69.83,19.57,16.04,3.53,926.78,888.76,850.73,,,,,,,,,,
10-Oct-25,28-Oct-25,SBILIFE,Non-Hld,1808.1,1800,1739.3,3.96,1860.7,2.91,0.48,51.02,-7.91,-8.21,0.3,1851.02,1807.76,1764.49,,,,,,,,,,
10-Oct-25,28-Oct-25,SBIN,Non-Hld,881.25,880,854.1,3.18,905.9,2.8,0.68,65.81,12.04,12.48,-0.44,889.18,858.91,828.64,,,,,,,,,,
10-Oct-25,28-Oct-25,SHREECEM,Non-Hld,29445,30000,28913,1.85,31087,5.58,0.76,46.87,-177.4,-204.93,27.53,30011.32,29502,28992.68,,,,,,,,,,
10-Oct-25,28-Oct-25,SHRIRAMFIN,Non-Hld,665,660,624.3,6.52,695.7,4.62,0.92,64.85,13.66,8.7,4.96,677.83,636.01,594.18,,,,,,,,,,
10-Oct-25,28-Oct-25,SIEMENS,Holding,3150,3300,3110.25,1.28,3489.75,10.79,0.4,45.89,1.57,6.29,-4.71,3361.61,3213.92,3066.24,,,,,,,,,,
10-Oct-25,28-Oct-25,SOLARINDS,Non-Hld,14120,14000,13238.65,6.66,14761.35,4.55,0.71,49.49,-97.71,-142.26,44.56,14967.34,14147.85,13328.36,,,,,,,,,,
10-Oct-25,28-Oct-25,SONACOMS,Non-Hld,433.15,450,421.8,2.7,478.2,10.41,0.61,53.63,-5.84,-8.21,2.37,443.45,421.4,399.36,,,,,,,,,,
10-Oct-25,28-Oct-25,SRF,Non-Hld,3005.1,3000,2876.55,4.47,3123.45,3.94,0.89,64.02,12.27,-5.21,17.48,3038.44,2922.62,2806.8,,,,,,,,,,
10-Oct-25,28-Oct-25,SUNPHARMA,Non-Hld,1670,1680,1631.75,2.35,1728.25,3.49,0.91,60.85,9.4,3.75,5.65,1676.72,1629.5,1582.29,,,,,,,,,,
10-Oct-25,28-Oct-25,SUPREMEIND,Non-Hld,4237,4500,4195.65,0.99,4804.35,13.4,0.63,44.57,-66.02,-56.72,-9.3,4589.71,4318.87,4048.03,,,,,,,,,,
10-Oct-25,28-Oct-25,SUZLON,Non-Hld,54.42,56,52.5,3.66,59.5,9.34,0.5,37.9,-1.48,-1.27,-0.21,61.14,56.47,51.8,,,,,,,,,,
10-Oct-25,28-Oct-25,SYNGENE,Non-Hld,651,640,605,7.61,675,3.69,0.71,54.4,-4.68,-6.4,1.72,675,642.26,609.52,,,,,,,,,,
10-Oct-25,28-Oct-25,TATACONSUM,Non-Hld,1125.1,1240,1144.45,-1.69,1335.55,18.71,0.41,54.44,8.58,11.16,-2.59,1151.78,1125.22,1098.66,,,,,,,,,,
10-Oct-25,28-Oct-25,TATAELXSI,Non-Hld,5401,5500,5208,3.71,5792,7.24,0.44,44.74,-60.74,-73.9,13.16,5837.77,5500.88,5163.98,,,,,,,,,,
10-Oct-25,28-Oct-25,TATAPOWER,Non-Hld,390.5,400,384.35,1.61,415.65,6.45,0.81,50.53,0.4,0.66,-0.27,398.87,390.99,383.11,,,,,,,,,,
10-Oct-25,28-Oct-25,TATASTEEL,Non-Hld,173.85,180,171.7,1.26,188.3,8.32,0.66,58.61,2.17,2.13,0.04,175.6,171.26,166.92,,,,,,,,,,
10-Oct-25,28-Oct-25,TATATECH,Non-Hld,714.4,700,662.35,7.86,737.65,3.26,0.76,58.28,5.48,2.91,2.56,734.35,701,667.66,,,,,,,,,,
10-Oct-25,28-Oct-25,TCS,Non-Hld,3028,3200,3009.95,0.6,3390.05,11.96,0.57,49.85,-25.08,-33.84,8.76,3214.43,3019.62,2824.81,,,,,,,,,,
10-Oct-25,28-Oct-25,TECHM,Non-Hld,1458,1500,1416.2,2.96,1583.8,8.63,0.85,47.46,-16.03,-18.37,2.34,1556.82,1454.67,1352.51,,,,,,,,,,
10-Oct-25,28-Oct-25,TIINDIA,Non-Hld,3169.4,3200,3047.95,3.99,3352.05,5.77,0.6,49.28,5.76,19.42,-13.66,3443.96,3232.23,3020.51,,,,,,,,,,
10-Oct-25,28-Oct-25,TITAGARH,Non-Hld,901,920,861.3,4.61,978.7,8.63,0.48,51.32,5.09,7.09,-2,962.87,912.46,862.06,,,,,,,,,,
10-Oct-25,28-Oct-25,TITAN,Non-Hld,3529,3400,3236.55,9.04,3563.45,0.98,0.62,54.46,-11.12,-27.43,16.31,3608.29,3465.33,3322.37,,,,,,,,,,
10-Oct-25,28-Oct-25,TMPV,Non-Hld,679.15,700,674.15,0.75,725.85,6.88,0.32,44.22,-1.1,1.21,-2.31,732.27,696.82,661.37,,,,,,,,,,
10-Oct-25,28-Oct-25,TORNTPHARM,Non-Hld,3545.7,3600,3469.65,2.2,3730.35,5.21,0.5,44.7,-12.49,-7.77,-4.72,3650.77,3568.98,3487.19,,,,,,,,,,
10-Oct-25,28-Oct-25,TORNTPOWER,Non-Hld,1235,1300,1219.3,1.29,1380.7,11.8,0.56,46.23,-15.27,-17.16,1.89,1293.65,1246.83,1200.01,,,,,,,,,,
10-Oct-25,28-Oct-25,TRENT,Non-Hld,4680,5000,4632,1.04,5368,14.71,0.43,35,-155.8,-149.39,-6.42,5265.87,4876.98,4488.09,,,,,,,,,,
10-Oct-25,28-Oct-25,TVSMOTOR,Non-Hld,3490.7,3600,3423.95,1.95,3776.05,8.18,0.66,59.54,41.35,53.63,-12.29,3556.27,3481.82,3407.37,,,,,,,,,,
10-Oct-25,28-Oct-25,ULTRACEMCO,Non-Hld,12275,13000,12240.5,0.29,13759.5,12.1,0.65,49.51,-97.94,-96.86,-1.09,12741.03,12289.7,11838.37,,,,,,,,,,
10-Oct-25,28-Oct-25,UNIONBANK,Non-Hld,139.34,140,132.4,5.25,147.6,5.93,0.57,57.1,1.21,1.21,0,141.3,137.32,133.34,,,,,,,,,,
10-Oct-25,28-Oct-25,UNITDSPR,Non-Hld,1336.3,1400,1329.7,0.5,1470.3,10.03,0.66,51.57,5.06,4.11,0.94,1366.9,1332.86,1298.83,,,,,,,,,,
10-Oct-25,28-Oct-25,UNOMINDA,Non-Hld,1222,1300,1202,1.67,1398,14.41,0.43,39.17,8.34,20.24,-11.89,1362.79,1303.52,1244.25,,,,,,,,,,
10-Oct-25,28-Oct-25,UPL,Non-Hld,681.1,700,669.15,1.79,730.85,7.31,0.6,49.5,-5.97,-7.62,1.65,709.71,678.76,647.8,,,,,,,,,,
10-Oct-25,28-Oct-25,VBL,Non-Hld,443.85,500,444.3,-0.1,555.7,25.2,0.56,38.36,-11.52,-11.71,0.19,479.5,454.01,428.52,,,,,,,,,,
10-Oct-25,28-Oct-25,VEDL,Non-Hld,480.8,480,456.5,5.33,503.5,4.73,0.86,68.12,10.55,8.82,1.73,482.66,462.17,441.67,,,,,,,,,,
10-Oct-25,28-Oct-25,VOLTAS,Non-Hld,1417,1400,1329.2,6.61,1470.8,3.8,0.98,60.53,0.79,-0.74,1.53,1434.44,1383.66,1332.88,,,,,,,,,,
10-Oct-25,28-Oct-25,WIPRO,Non-Hld,248.98,250,237.9,4.66,262.1,5.27,0.96,54.35,-1.28,-1.71,0.43,258.66,246.63,234.6,,,,,,,,,,
10-Oct-25,28-Oct-25,YESBANK,Non-Hld,24.02,24,22.55,6.52,25.45,5.96,0.75,83.06,0.68,0.52,0.16,22.98,21.54,20.11,,,,,,,,,,
10-Oct-25,28-Oct-25,ZYDUSLIFE,Non-Hld,993,1000,959.9,3.45,1040.1,4.75,0.61,46,-5.05,-1.25,-3.8,1063.26,1012.79,962.32,,,,,,,,,,
13-Oct-25,28-Oct-25,360ONE,Non-Hld,1100,1100,1042.6,5.51,1157.4,5.22,0.55,61.72,6.66,-1.23,7.89,1124.3,1060.64,996.98,,,,,,,,,,
13-Oct-25,28-Oct-25,ABB,Holding,5130,5300,5053.1,1.53,5546.9,8.13,0.63,43.23,-21.97,-12.04,-9.94,5444,5251.95,5059.9,,,,,,,,,,
13-Oct-25,28-Oct-25,ABCAPITAL,Non-Hld,300,300,285.05,5.25,314.95,4.99,0.56,57.11,4.21,4.31,-0.1,306.15,293.04,279.93,,,,,,,,,,
13-Oct-25,28-Oct-25,ADANIENSOL,Non-Hld,936.3,1000,924.95,1.23,1075.05,14.82,0.6,66.95,28.59,26.08,2.51,964.05,892.58,821.11,,,,,,,,,,
13-Oct-25,28-Oct-25,ADANIENT,Non-Hld,2523.5,2600,2457.5,2.69,2742.5,8.68,0.55,54.05,38.78,46.36,-7.58,2688.41,2530.76,2373.1,,,,,,,,,,
13-Oct-25,28-Oct-25,ADANIGREEN,Non-Hld,1050.7,1100,1019.6,3.06,1180.4,12.35,0.5,54.56,19.42,22.97,-3.56,1139.48,1049.95,960.41,,,,,,,,,,
13-Oct-25,28-Oct-25,ADANIPORTS,Non-Hld,1439,1400,1334.85,7.81,1465.15,1.82,0.65,62.35,9.45,10.05,-0.61,1445.99,1411.62,1377.24,,,,,,,,,,
13-Oct-25,28-Oct-25,ALKEM,Non-Hld,5510,5500,5305.5,3.86,5694.5,3.35,0.57,57.26,37.58,48.64,-11.06,5565.03,5484.8,5404.57,,,,,,,,,,
13-Oct-25,28-Oct-25,AMBER,Non-Hld,8346,8500,7971.5,4.7,9028.5,8.18,0.55,58.69,134.68,159.15,-24.48,8451.11,8265.02,8078.94,,,,,,,,,,
13-Oct-25,28-Oct-25,AMBUJACEM,Non-Hld,567.3,600,564.05,0.58,635.95,12.11,0.66,44.21,-2.59,-2.04,-0.55,590.87,574.42,557.97,,,,,,,,,,
13-Oct-25,28-Oct-25,ANGELONE,Non-Hld,2356,2300,2129.8,10.63,2470.2,4.85,0.71,57.57,-20.62,-47.96,27.34,2336.5,2227.34,2118.17,,,,,,,,,,
13-Oct-25,28-Oct-25,APLAPOLLO,Non-Hld,1745.1,1700,1617.35,7.9,1782.65,2.16,0.55,63,20.42,18,2.42,1757.97,1706.63,1655.3,,,,,,,,,,
13-Oct-25,28-Oct-25,APOLLOHOSP,Non-Hld,7679,7700,7476.9,2.71,7923.1,3.18,0.56,51.25,-12.66,-20.11,7.46,7946.92,7661.45,7375.98,,,,,,,,,,
13-Oct-25,28-Oct-25,ASHOKLEY,Non-Hld,137.7,140,133.6,3.07,146.4,6.32,0.41,50.57,1.57,2.45,-0.88,144.66,139.48,134.31,,,,,,,,,,
13-Oct-25,28-Oct-25,ASIANPAINT,Non-Hld,2343,2400,2315.95,1.17,2484.05,6.03,0.59,33.96,-42.78,-38.46,-4.32,2532,2400.62,2269.25,,,,,,,,,,
13-Oct-25,28-Oct-25,ASTRAL,Non-Hld,1420.6,1500,1410,0.76,1590,11.93,0.47,52.34,-3.7,-5.53,1.84,1485.44,1417.88,1350.31,,,,,,,,,,
13-Oct-25,28-Oct-25,AUBANK,Non-Hld,766.5,770,729.45,5.08,810.55,5.75,0.77,63.47,10.37,6.03,4.34,778.51,737.58,696.65,,,,,,,,,,
13-Oct-25,28-Oct-25,AUROPHARMA,Non-Hld,1134.1,1100,1038.8,9.18,1161.2,2.39,0.75,63.53,10.06,6.58,3.48,1136.69,1101.89,1067.09,,,,,,,,,,
13-Oct-25,28-Oct-25,AXISBANK,Non-Hld,1189.9,1160,1104.35,7.75,1215.65,2.17,0.5,63.07,23.75,22.62,1.13,1210.9,1156.86,1102.81,,,,,,,,,,
13-Oct-25,28-Oct-25,BAJAJ-AUTO,Non-Hld,9081,9000,8635.55,5.16,9364.45,3.13,0.66,59.67,14.82,7.38,7.44,9184.31,8883.15,8581.99,,,,,,,,,,
13-Oct-25,28-Oct-25,BAJAJFINSV,Non-Hld,2023.9,2100,2003.35,1.03,2196.65,8.54,0.68,50.15,1.05,6.31,-5.26,2097.37,2038.67,1979.97,,,,,,,,,,
13-Oct-25,28-Oct-25,BAJFINANCE,Non-Hld,1039,1020,972.5,6.84,1067.5,2.75,0.76,68.5,20.97,21.23,-0.26,1038.43,1008.49,978.54,,,,,,,,,,
13-Oct-25,28-Oct-25,BANDHANBNK,Non-Hld,168,170,160.05,4.97,179.95,7.12,0.84,56.85,0.2,-0.73,0.93,170.17,163.21,156.24,,,,,,,,,,
13-Oct-25,28-Oct-25,BANKBARODA,Non-Hld,267.9,270,258.65,3.58,281.35,5.03,0.76,71.91,6.54,5.55,0.99,272.29,255.61,238.93,,,,,,,,,,
13-Oct-25,28-Oct-25,BANKINDIA,Non-Hld,126.82,130,123.65,2.57,136.35,7.52,0.61,68.16,2.86,2.5,0.36,128.88,122.13,115.37,,,,,,,,,,
13-Oct-25,28-Oct-25,BDL,Non-Hld,1509,1600,1484.3,1.67,1715.7,13.7,0.58,45.25,-7.84,-4.81,-3.03,1651.46,1558.11,1464.77,,,,,,,,,,
13-Oct-25,28-Oct-25,BEL,Holding,409.65,410,394.3,3.9,425.7,3.92,0.58,57.12,5.78,5.79,-0.02,416.91,406.01,395.11,,,,,,,,,,
13-Oct-25,28-Oct-25,BHARATFORG,Non-Hld,1226.5,1220,1164.3,5.35,1275.7,4.02,0.59,53.94,5.47,7.89,-2.42,1280.76,1228.94,1177.12,,,,,,,,,,
13-Oct-25,28-Oct-25,BHARTIARTL,Non-Hld,1955,1960,1914.7,2.11,2005.3,2.58,0.49,60.45,7.1,3.3,3.8,1977.08,1926.21,1875.35,,,,,,,,,,
13-Oct-25,28-Oct-25,BHEL,Non-Hld,234.3,250,232.8,0.65,267.2,14.05,0.63,50.14,3.32,3.68,-0.36,246.08,237.41,228.74,,,,,,,,,,
13-Oct-25,28-Oct-25,BIOCON,Non-Hld,348.45,360,342.95,1.61,377.05,8.21,0.59,45.13,-3.09,-3.51,0.42,369.92,353.28,336.64,,,,,,,,,,
13-Oct-25,28-Oct-25,BLUESTARCO,Non-Hld,1905,2000,1892.75,0.65,2107.25,10.62,0.72,51.21,4.91,7.5,-2.59,1986.45,1920.24,1854.02,,,,,,,,,,
13-Oct-25,28-Oct-25,BOSCHLTD,Non-Hld,38450,40000,38282.85,0.44,41717.15,8.5,0.57,43.49,-295.51,-258.39,-37.12,40117.23,38909.75,37702.27,,,,,,,,,,
13-Oct-25,28-Oct-25,BPCL,Non-Hld,338.15,350,332.9,1.58,367.1,8.57,0.72,58.05,5.6,5.28,0.32,350.38,333.26,316.14,,,,,,,,,,
13-Oct-25,28-Oct-25,BRITANNIA,Non-Hld,5869,6000,5781.25,1.52,6218.75,5.96,0.48,43.99,-9.94,19.48,-29.42,6197.17,5986.98,5776.78,,,,,,,,,,
13-Oct-25,28-Oct-25,BSE,Holding,2486.5,2200,1885.25,31.9,2514.75,1.14,1.03,69.76,22.6,-24.87,47.47,2410.69,2182.78,1954.87,,,,,,,,,,
13-Oct-25,28-Oct-25,CAMS,Holding,3879.5,3900,3715.7,4.41,4084.3,5.28,0.63,51.16,-14,-13.1,-0.9,4079.19,3881.82,3684.46,,,,,,,,,,
13-Oct-25,28-Oct-25,CANBK,Non-Hld,127.36,130,123.65,3.01,136.35,7.06,0.85,70.18,4.19,3.9,0.29,131.34,121.71,112.08,,,,,,,,,,
13-Oct-25,28-Oct-25,CDSL,Holding,1626.9,1600,1513.7,7.48,1686.3,3.66,0.62,63.88,9.2,-4.19,13.38,1628.86,1536.68,1444.51,,,,,,,,,,
13-Oct-25,28-Oct-25,CGPOWER,Holding,747.9,750,711.35,5.14,788.65,5.45,0.59,50.23,4.36,7.96,-3.6,797.95,761.31,724.67,,,,,,,,,,
13-Oct-25,28-Oct-25,CHOLAFIN,Non-Hld,1643.7,1640,1573.75,4.45,1706.25,3.81,0.71,61.82,27.86,27.41,0.45,1660.76,1601.64,1542.53,,,,,,,,,,
13-Oct-25,28-Oct-25,CIPLA,Non-Hld,1562.9,1600,1535,1.82,1665,6.54,0.53,58.05,-4.26,-8.71,4.45,1586.05,1530.94,1475.83,,,,,,,,,,
13-Oct-25,28-Oct-25,COALINDIA,Holding,381.95,390,376.95,1.33,403.05,5.53,0.66,41.67,-0.97,0.42,-1.39,400.25,389.47,378.69,,,,,,,,,,
13-Oct-25,28-Oct-25,COFORGE,Non-Hld,1716,1700,1592.7,7.75,1807.3,5.33,0.69,54.39,-4.79,-17.13,12.35,1847.85,1683.08,1518.3,,,,,,,,,,
13-Oct-25,28-Oct-25,COLPAL,Non-Hld,2220.6,2340,2203,0.8,2477,11.55,0.77,38.58,-31.7,-26.86,-4.84,2394.67,2273.74,2152.82,,,,,,,,,,
13-Oct-25,28-Oct-25,CONCOR,Non-Hld,531.5,540,518.2,2.57,561.8,5.71,0.66,43.19,-4.67,-5.54,0.87,566.07,539.43,512.79,,,,,,,,,,
13-Oct-25,28-Oct-25,CROMPTON,Non-Hld,285.2,300,281.6,1.28,318.4,11.65,0.52,27.14,-9.18,-8.57,-0.61,320.63,298.51,276.39,,,,,,,,,,
13-Oct-25,28-Oct-25,CUMMINSIND,Non-Hld,3950,4000,3845.75,2.72,4154.25,5.18,0.66,51.67,11.4,23.18,-11.78,4129.16,3989.14,3849.12,,,,,,,,,,
13-Oct-25,28-Oct-25,CYIENT,Non-Hld,1159.2,1200,1116.25,3.85,1283.75,10.75,0.51,42.78,-10.87,-11.04,0.18,1266.71,1189.25,1111.79,,,,,,,,,,
13-Oct-25,28-Oct-25,DABUR,Non-Hld,488.4,500,481.65,1.41,518.35,6.14,0.44,34.71,-11.06,-9.02,-2.04,547.06,507.42,467.77,,,,,,,,,,
13-Oct-25,28-Oct-25,DALBHARAT,Non-Hld,2235,2300,2193,1.92,2407,7.7,0.63,36,-33.94,-26.54,-7.4,2477.55,2302.81,2128.08,,,,,,,,,,
13-Oct-25,28-Oct-25,DELHIVERY,Non-Hld,475,470,446.8,6.32,493.2,3.84,0.75,57.35,0.75,-0.99,1.74,490.91,462.19,433.46,,,,,,,,,,
13-Oct-25,28-Oct-25,DIVISLAB,Non-Hld,6565,6000,5395.75,21.67,6604.25,0.6,1.03,70.8,47.8,-36.17,83.98,6484.35,6020.55,5556.75,,,,,,,,,,
13-Oct-25,28-Oct-25,DIXON,Non-Hld,17233,18000,16865.9,2.18,19134.1,11.04,0.85,48.56,-88.54,-41.36,-47.18,18805.75,17485.25,16164.75,,,,,,,,,,
13-Oct-25,28-Oct-25,DLF,Non-Hld,742.3,740,707.6,4.91,772.4,4.06,0.64,48.07,-8.41,-9.86,1.45,795.72,745.4,695.08,,,,,,,,,,
13-Oct-25,28-Oct-25,DMART,Non-Hld,4199,4300,4105.65,2.28,4494.35,7.04,0.37,27.11,-88.8,-49.33,-39.47,4862.56,4512.28,4162.01,,,,,,,,,,
13-Oct-25,28-Oct-25,DRREDDY,Non-Hld,1262.2,1320,1253.35,0.71,1386.65,9.86,0.52,49.16,-7.27,-5.7,-1.57,1336.96,1272.94,1208.92,,,,,,,,,,
13-Oct-25,28-Oct-25,EICHERMOT,Non-Hld,6918,7000,6757.55,2.38,7242.45,4.69,0.7,58.62,127.99,175.48,-47.5,7062.01,6948.2,6834.39,,,,,,,,,,
13-Oct-25,28-Oct-25,ETERNAL,Non-Hld,348.3,335,312.9,11.32,357.1,2.53,0.76,68.69,6.33,5.15,1.17,350.45,334.35,318.25,,,,,,,,,,
13-Oct-25,28-Oct-25,EXIDEIND,Non-Hld,398,400,385.1,3.35,414.9,4.25,0.73,47.19,-1.7,-1.27,-0.43,423.07,402.56,382.05,,,,,,,,,,
13-Oct-25,28-Oct-25,FEDERALBNK,Non-Hld,212.5,210,200.25,6.12,219.75,3.42,0.77,76.47,2.91,0.74,2.17,209.31,197.5,185.7,,,,,,,,,,
13-Oct-25,28-Oct-25,FORTIS,Non-Hld,1095.15,1100,1054.65,3.85,1145.35,4.59,0.92,74.76,35.93,26.01,9.92,1088.41,994.34,900.28,,,,,,,,,,
13-Oct-25,28-Oct-25,GAIL,Non-Hld,180.3,180,173.05,4.19,186.95,3.69,0.67,56.1,0.47,0.15,0.32,183.69,178.25,172.82,,,,,,,,,,
13-Oct-25,28-Oct-25,GLENMARK,Non-Hld,1913.2,2000,1885.65,1.47,2114.35,10.52,0.54,35.89,-25.95,-16.18,-9.77,2112.04,1996.62,1881.19,,,,,,,,,,
13-Oct-25,28-Oct-25,GMRAIRPORT,Non-Hld,89.77,95,89.25,0.59,100.75,12.24,0.52,53.07,0.14,0.02,0.12,93.14,89.68,86.23,,,,,,,,,,
13-Oct-25,28-Oct-25,GODREJCP,Non-Hld,1111.8,1140,1090.8,1.93,1189.2,6.97,0.51,26.06,-29.35,-23.18,-6.16,1268.87,1180.69,1092.51,,,,,,,,,,
13-Oct-25,28-Oct-25,GODREJPROP,Non-Hld,2092.9,2100,1990.4,5.15,2209.6,5.58,0.61,57.35,7.68,-0.87,8.55,2147.86,2048.8,1949.74,,,,,,,,,,
13-Oct-25,28-Oct-25,GRASIM,Non-Hld,2796,2900,2778.95,0.62,3021.05,8.05,0.59,49.82,-0.35,-0.28,-0.07,2884.68,2808.3,2731.92,,,,,,,,,,
13-Oct-25,28-Oct-25,HAL,Non-Hld,4742,5000,4699.65,0.91,5300.35,11.78,0.52,50.45,51.73,61.99,-10.25,4916.05,4809.95,4703.85,,,,,,,,,,
13-Oct-25,28-Oct-25,HAVELLS,Non-Hld,1472,1600,1466.75,0.36,1733.25,17.75,0.54,33.21,-19.8,-13.98,-5.81,1625.61,1533.62,1441.64,,,,,,,,,,
13-Oct-25,28-Oct-25,HCLTECH,Non-Hld,1494.1,1500,1437.15,3.97,1562.85,4.61,0.76,61.91,1.24,-10.42,11.66,1507.85,1431.56,1355.28,,,,,,,,,,
13-Oct-25,28-Oct-25,HDFCAMC,Non-Hld,5660.5,5500,5203,8.8,5797,2.42,0.71,52.07,-34.19,-17.61,-16.58,5941.82,5678.7,5415.58,,,,,,,,,,
13-Oct-25,28-Oct-25,HDFCBANK,Non-Hld,977.1,1000,966.35,1.12,1033.65,5.79,0.75,56.23,2.07,-1.11,3.18,988.23,965.65,943.06,,,,,,,,,,
13-Oct-25,28-Oct-25,HDFCLIFE,Non-Hld,746.95,800,742.35,0.62,857.65,14.83,0.53,39.1,-6.22,-4.1,-2.13,789.16,764.97,740.78,,,,,,,,,,
13-Oct-25,28-Oct-25,HEROMOTOCO,Non-Hld,5553.5,5600,5368.1,3.46,5831.9,5.02,0.66,63.84,108.01,116.07,-8.06,5632.14,5426.4,5220.66,,,,,,,,,,
13-Oct-25,28-Oct-25,HFCL,Non-Hld,76.75,80,74.2,3.44,85.8,11.8,0.57,56.21,0.4,0.24,0.16,77.75,74.93,72.11,,,,,,,,,,
13-Oct-25,28-Oct-25,HINDALCO,Non-Hld,772.35,780,750.7,2.89,809.3,4.79,0.7,63.08,12.47,12.76,-0.29,783.34,758.42,733.49,,,,,,,,,,
13-Oct-25,28-Oct-25,HINDPETRO,Non-Hld,452.1,450,427.5,5.76,472.5,4.52,0.45,68.63,14.71,13.02,1.69,471.14,431.62,392.1,,,,,,,,,,
13-Oct-25,28-Oct-25,HINDUNILVR,Non-Hld,2496.6,2600,2478.8,0.72,2721.2,9,0.5,39.74,-19.05,-15.61,-3.44,2595.5,2538.19,2480.88,,,,,,,,,,
13-Oct-25,28-Oct-25,HINDZINC,Non-Hld,506.5,500,470,7.77,530,4.64,0.54,66.78,15.76,12.86,2.89,512.4,474.44,436.47,,,,,,,,,,
13-Oct-25,28-Oct-25,HUDCO,Non-Hld,230.21,240,226.5,1.64,253.5,10.12,0.56,55.38,3.22,3.4,-0.18,238.93,228.57,218.21,,,,,,,,,,
13-Oct-25,28-Oct-25,ICICIBANK,Non-Hld,1381,1400,1354,2,1446,4.71,0.7,45.89,-10.05,-12.19,2.14,1429.86,1383.84,1337.82,,,,,,,,,,
13-Oct-25,28-Oct-25,ICICIGI,Non-Hld,1835,1900,1801.05,1.89,1998.95,8.94,0.56,38.14,-4.44,0.29,-4.74,1922.8,1882.33,1841.86,,,,,,,,,,
13-Oct-25,28-Oct-25,ICICIPRULI,Non-Hld,596,620,585.5,1.8,654.5,9.82,0.57,43.94,-3.53,-4.11,0.58,609.9,598.38,586.86,,,,,,,,,,
13-Oct-25,28-Oct-25,IDEA,Non-Hld,8.69,10,8.45,2.85,11.55,32.92,0.58,57.92,0.42,0.41,0,9.31,8.48,7.66,,,,,,,,,,
13-Oct-25,28-Oct-25,IDFCFIRSTB,Non-Hld,73.68,75,71.15,3.56,78.85,7.02,0.68,62.78,0.58,0.13,0.45,74.27,71.13,68,,,,,,,,,,
13-Oct-25,28-Oct-25,IEX,Holding,137.17,140,132.3,3.69,147.7,7.68,0.66,37.17,-1.73,-1.55,-0.18,150.19,142.65,135.11,,,,,,,,,,
13-Oct-25,28-Oct-25,IGL,Non-Hld,216.81,220,208.75,3.87,231.25,6.67,0.58,57.41,1.73,0.9,0.83,221.8,212.06,202.31,,,,,,,,,,
13-Oct-25,28-Oct-25,IIFL,Non-Hld,491.95,500,473.3,3.95,526.7,7.07,0.74,65.63,10.59,4.63,5.96,498.3,457.12,415.94,,,,,,,,,,
13-Oct-25,28-Oct-25,INDHOTEL,Non-Hld,727.45,800,723.55,0.54,876.45,20.49,0.49,39.03,-10.42,-10.19,-0.23,793.87,744.48,695.09,,,,,,,,,,
13-Oct-25,28-Oct-25,INDIANB,Non-Hld,782.9,760,716.7,9.24,803.3,2.61,0.96,76.41,25.81,21.78,4.03,791.17,730.16,669.14,,,,,,,,,,
13-Oct-25,28-Oct-25,INDIGO,Holding,5778,5800,5602.25,3.14,5997.75,3.81,0.67,55.81,-11.41,-29.56,18.15,5802.24,5690.15,5578.06,,,,,,,,,,
13-Oct-25,28-Oct-25,INDUSINDBK,Non-Hld,758.25,750,709.1,6.94,790.9,4.31,1.03,54.39,-1.62,-6.11,4.49,763.97,741.8,719.63,,,,,,,,,,
13-Oct-25,28-Oct-25,INDUSTOWER,Non-Hld,350.25,370,346.65,1.04,393.35,12.31,0.69,47.14,0.45,0.43,0.02,362.51,353.92,345.32,,,,,,,,,,
13-Oct-25,28-Oct-25,INFY,Non-Hld,1492.4,1560,1460.2,2.21,1659.8,11.22,0.61,51.47,-1.05,-5.15,4.1,1550.95,1488.56,1426.16,,,,,,,,,,
13-Oct-25,28-Oct-25,INOXWIND,Non-Hld,149.5,150,142,5.29,158,5.69,0.53,58.62,-0.33,-1.25,0.92,155.6,145.38,135.16,,,,,,,,,,
13-Oct-25,28-Oct-25,IOC,Non-Hld,155.4,155,148.75,4.48,161.25,3.77,0.68,70.22,3.15,2.63,0.52,156.91,149.59,142.26,,,,,,,,,,
13-Oct-25,28-Oct-25,IRCTC,Holding,710.35,750,706.8,0.51,793.2,11.67,0.57,46.11,-3.37,-3.73,0.35,738.36,715.89,693.42,,,,,,,,,,
13-Oct-25,28-Oct-25,IREDA,Non-Hld,150.15,160,146,2.85,174,15.89,0.42,49.1,0.18,0.53,-0.34,159.32,152.3,145.28,,,,,,,,,,
13-Oct-25,28-Oct-25,IRFC,Non-Hld,125.65,130,121.95,3.04,138.05,9.87,0.51,49.24,-0.18,-0.24,0.06,130.57,126.29,122.01,,,,,,,,,,
13-Oct-25,28-Oct-25,ITC,Non-Hld,399.4,410,397.35,0.52,422.65,5.83,0.63,41.44,-2.46,-2.12,-0.34,413.86,404.73,395.59,,,,,,,,,,
13-Oct-25,28-Oct-25,JINDALSTEL,Non-Hld,1010,1100,1007.5,0.25,1192.5,18.07,0.5,43.39,2.16,9.21,-7.05,1078.36,1043.82,1009.29,,,,,,,,,,
13-Oct-25,28-Oct-25,JIOFIN,Non-Hld,308.65,320,303.15,1.82,336.85,9.14,0.7,50.24,-2.01,-3.06,1.05,322.14,307.27,292.41,,,,,,,,,,
13-Oct-25,28-Oct-25,JSWENERGY,Non-Hld,545.3,550,521.8,4.51,578.2,6.04,0.5,57.31,5.34,4.68,0.66,551.65,537.67,523.7,,,,,,,,,,
13-Oct-25,28-Oct-25,JSWSTEEL,Non-Hld,1164.9,1200,1143.75,1.85,1256.25,7.85,0.69,62.56,21.25,21.15,0.11,1180.71,1139.69,1098.67,,,,,,,,,,
13-Oct-25,28-Oct-25,JUBLFOOD,Non-Hld,597,650,595.35,0.28,704.65,18.04,0.51,35.44,-9.64,-7.91,-1.73,640.13,617.74,595.36,,,,,,,,,,
13-Oct-25,28-Oct-25,KALYANKJIL,Non-Hld,474.95,500,465.5,2.04,534.5,12.54,0.5,41.98,-9,-11.25,2.25,527.62,485.89,444.16,,,,,,,,,,
13-Oct-25,28-Oct-25,KAYNES,Non-Hld,6865,7000,6548.8,4.83,7451.2,8.54,0.43,43.65,98.59,173.97,-75.38,7572.58,7219.85,6867.12,,,,,,,,,,
13-Oct-25,28-Oct-25,KEI,Non-Hld,4312,4300,4041.85,6.69,4558.15,5.71,0.79,66.42,64.35,49.35,15,4312.86,4149.59,3986.32,,,,,,,,,,
13-Oct-25,28-Oct-25,KFINTECH,Holding,1148.5,1100,1015.9,13.06,1184.1,3.1,0.7,61.84,-6.07,-11.11,5.04,1148.68,1082.79,1016.9,,,,,,,,,,
13-Oct-25,28-Oct-25,KOTAKBANK,Non-Hld,2151.4,2100,2011.05,6.98,2188.95,1.75,1.03,68.96,38.51,25.62,12.89,2178.66,2061.15,1943.64,,,,,,,,,,
13-Oct-25,28-Oct-25,KPITTECH,Non-Hld,1155,1200,1128.1,2.39,1271.9,10.13,0.66,40.14,-22.91,-17.09,-5.82,1323.95,1209.13,1094.31,,,,,,,,,,
13-Oct-25,28-Oct-25,LAURUSLABS,Non-Hld,874.05,900,842.3,3.77,957.7,9.58,0.57,50.6,-2.72,-1.15,-1.57,934.98,880.35,825.71,,,,,,,,,,
13-Oct-25,28-Oct-25,LICHSGFIN,Non-Hld,572,600,569.05,0.52,630.95,10.31,0.72,51.39,-0.57,0.23,-0.8,592.57,574.08,555.58,,,,,,,,,,
13-Oct-25,28-Oct-25,LICI,Non-Hld,898.2,900,867.25,3.57,932.75,3.85,0.42,52.23,3.52,3.35,0.18,913.66,894.99,876.33,,,,,,,,,,
13-Oct-25,28-Oct-25,LODHA,Non-Hld,1157,1160,1096.4,5.53,1223.6,5.76,0.63,45.83,-19.93,-22.57,2.65,1230.61,1163.66,1096.7,,,,,,,,,,
13-Oct-25,28-Oct-25,LT,Non-Hld,3765.5,3800,3698.6,1.81,3901.4,3.61,0.46,63.64,41.65,33.57,8.07,3793.83,3696.04,3598.24,,,,,,,,,,
13-Oct-25,28-Oct-25,LTF,Non-Hld,266.99,260,243.45,9.67,276.55,3.59,0.93,69.83,8.95,8.72,0.23,267.46,250.47,233.47,,,,,,,,,,
13-Oct-25,28-Oct-25,LTIM,Non-Hld,5476,5500,5209.6,5.12,5790.4,5.75,0.76,64.79,46.56,18.33,28.22,5577.92,5302,5026.08,,,,,,,,,,
13-Oct-25,28-Oct-25,LUPIN,Non-Hld,1965.1,2000,1920.6,2.32,2079.4,5.82,0.71,51.82,-5.36,-3.02,-2.35,2074.51,1978.66,1882.81,,,,,,,,,,
13-Oct-25,28-Oct-25,M%26M,Non-Hld,3457,3600,3418.75,1.12,3781.25,9.38,0.47,49.12,0.74,15.65,-14.92,3667.5,3511.29,3355.09,,,,,,,,,,
13-Oct-25,28-Oct-25,MANAPPURAM,Non-Hld,286.45,300,281.95,1.6,318.05,11.04,0.61,51.2,2.44,3.09,-0.65,298.66,288.37,278.08,,,,,,,,,,
13-Oct-25,28-Oct-25,MANKIND,Non-Hld,2436.1,2600,2411.65,1.02,2788.35,14.46,0.43,39.45,-27.26,-21.18,-6.08,2651.65,2514.06,2376.48,,,,,,,,,,
13-Oct-25,28-Oct-25,MARICO,Non-Hld,712.9,740,709.4,0.5,770.6,8.1,0.61,49.06,-2.23,-3.3,1.08,728.07,711.46,694.85,,,,,,,,,,
13-Oct-25,28-Oct-25,MARUTI,Non-Hld,16320,16200,15719.95,3.82,16680.05,2.21,0.6,69.99,372.74,432.77,-60.03,16483.18,15975.6,15468.02,,,,,,,,,,
13-Oct-25,28-Oct-25,MAXHEALTH,Non-Hld,1143.9,1200,1134.7,0.82,1265.3,10.62,0.75,47.97,-11.15,-16.75,5.61,1191.51,1141.17,1090.82,,,,,,,,,,
13-Oct-25,28-Oct-25,MAZDOCK,Non-Hld,2828.9,3000,2782.15,1.69,3217.85,13.75,0.48,48.04,8.32,14.6,-6.28,3031.78,2891.93,2752.07,,,,,,,,,,
13-Oct-25,28-Oct-25,MCX,Holding,8955,8000,6957.8,28.71,9042.2,0.98,0.81,75.09,209.91,110.78,99.13,8740.3,8104.98,7469.65,,,,,,,,,,
13-Oct-25,28-Oct-25,MFSL,Non-Hld,1608,1600,1534.1,4.82,1665.9,3.61,0.59,54.97,3.19,0.81,2.38,1620.65,1577.3,1533.95,,,,,,,,,,
13-Oct-25,28-Oct-25,MOTHERSON,Holding,104,110,102.85,1.12,117.15,12.65,0.5,50.43,0.72,1.48,-0.77,111.87,106.75,101.62,,,,,,,,,,
13-Oct-25,28-Oct-25,MPHASIS,Non-Hld,2749,2900,2726.15,0.84,3073.85,11.82,0.51,45.46,-17.68,-18.77,1.09,3026.1,2804.66,2583.23,,,,,,,,,,
13-Oct-25,28-Oct-25,MUTHOOTFIN,Non-Hld,3216,3200,3060.2,5.1,3339.8,3.85,0.68,66.24,104.93,103.94,0.98,3307.88,3091.82,2875.75,,,,,,,,,,
13-Oct-25,28-Oct-25,NATIONALUM,Non-Hld,226.22,230,217.55,3.99,242.45,7.18,0.73,65.11,6.45,5.46,0.98,229.15,214.22,199.29,,,,,,,,,,
13-Oct-25,28-Oct-25,NAUKRI,Non-Hld,1334,1400,1315.85,1.38,1484.15,11.26,0.5,44.45,-7.03,-5.93,-1.1,1415.53,1358.22,1300.92,,,,,,,,,,
13-Oct-25,28-Oct-25,NBCC,Non-Hld,113.16,115,108.15,4.64,121.85,7.68,0.47,58.17,1.6,1.29,0.31,115.54,110.59,105.63,,,,,,,,,,
13-Oct-25,28-Oct-25,NCC,Non-Hld,208.42,210,201.2,3.59,218.8,4.99,0.55,46.31,-0.99,-1.23,0.23,218.07,210.51,202.95,,,,,,,,,,
13-Oct-25,28-Oct-25,NESTLEIND,Non-Hld,1185.2,1200,1156.6,2.48,1243.4,4.92,0.77,53.02,1.32,-0.05,1.38,1217.25,1182.6,1147.96,,,,,,,,,,
13-Oct-25,28-Oct-25,NHPC,Non-Hld,86.6,90,85.45,1.35,94.55,9.19,0.5,55.48,0.93,1.03,-0.11,88.53,86.61,84.68,,,,,,,,,,
13-Oct-25,28-Oct-25,NMDC,Non-Hld,77.15,80,75.7,1.92,84.3,9.27,0.57,57.12,0.98,1.06,-0.09,78.35,76.48,74.61,,,,,,,,,,
13-Oct-25,28-Oct-25,NTPC,Non-Hld,342,345,335.95,1.81,354.05,3.53,0.41,57.03,1.49,1.74,-0.26,345.9,338.91,331.91,,,,,,,,,,
13-Oct-25,28-Oct-25,NUVAMA,Non-Hld,7190,7000,6562.85,9.56,7437.15,3.44,1.05,70.29,152.63,32.53,120.1,7305.6,6554.2,5802.8,,,,,,,,,,
13-Oct-25,28-Oct-25,NYKAA,Non-Hld,261.51,250,234.85,11.36,265.15,1.4,0.71,66.36,7.77,5.66,2.11,267.58,245.59,223.61,,,,,,,,,,
13-Oct-25,28-Oct-25,OBEROIRLTY,Non-Hld,1585,1600,1513.15,4.75,1686.85,6.43,0.74,43.07,-13.72,-12.63,-1.09,1682.19,1618.34,1554.5,,,,,,,,,,
13-Oct-25,28-Oct-25,OFSS,Non-Hld,9185,9500,8871.95,3.53,10128.05,10.27,0.56,57.52,123.7,88.95,34.75,9526.61,8997.83,8469.04,,,,,,,,,,
13-Oct-25,28-Oct-25,OIL,Non-Hld,414.5,420,399.95,3.64,440.05,6.17,0.58,55.13,3.36,2.29,1.07,425.86,410.7,395.55,,,,,,,,,,
13-Oct-25,28-Oct-25,ONGC,Non-Hld,244,250,241.5,1.04,258.5,5.95,0.32,59.07,2.38,1.86,0.51,247.8,239.99,232.18,,,,,,,,,,
13-Oct-25,28-Oct-25,PAGEIND,Non-Hld,41080,43000,40395.95,1.7,45604.05,11.02,0.3,35.41,-841.11,-824.12,-16.99,45309.78,42602.75,39895.72,,,,,,,,,,
13-Oct-25,28-Oct-25,PATANJALI,Non-Hld,588.1,600,569.1,3.34,630.9,7.28,0.42,45.43,-1.85,-1.87,0.02,611.25,595.86,580.48,,,,,,,,,,
13-Oct-25,28-Oct-25,PAYTM,Non-Hld,1246.4,1240,1165.25,6.97,1314.75,5.49,0.78,60.82,12.36,4.08,8.28,1281.06,1193.55,1106.04,,,,,,,,,,
13-Oct-25,28-Oct-25,PERSISTENT,Non-Hld,5331,5200,4841,10.13,5559,4.28,0.63,54.59,-7.41,-41.06,33.64,5660.52,5234.68,4808.83,,,,,,,,,,
13-Oct-25,28-Oct-25,PETRONET,Non-Hld,281.25,270,254.1,10.69,285.9,1.66,1.01,53.17,1.18,0.28,0.9,287.62,278.19,268.76,,,,,,,,,,
13-Oct-25,28-Oct-25,PFC,Holding,403.2,410,393.65,2.43,426.35,5.75,0.75,48.7,0.59,1.24,-0.65,414.62,406.3,397.98,,,,,,,,,,
13-Oct-25,28-Oct-25,PGEL,Non-Hld,583.3,560,516.8,12.87,603.2,3.42,0.88,60.26,-6.93,-16.37,9.45,599.54,543.78,488.02,,,,,,,,,,
13-Oct-25,28-Oct-25,PHOENIXLTD,Non-Hld,1624,1600,1521.15,6.77,1678.85,3.38,0.56,61.3,14.47,13.49,0.99,1651.35,1593.12,1534.9,,,,,,,,,,
13-Oct-25,28-Oct-25,PIDILITIND,Non-Hld,1511.9,1500,1452,4.13,1548,2.39,0.59,52.51,-6.88,-9.99,3.11,1548.36,1502.12,1455.89,,,,,,,,,,
13-Oct-25,28-Oct-25,PIIND,Non-Hld,3546.5,3600,3450.7,2.78,3749.3,5.72,0.69,41.02,-59.02,-64.01,4.99,3774.5,3608.4,3442.3,,,,,,,,,,
13-Oct-25,28-Oct-25,PNB,Non-Hld,116.95,120,114.4,2.23,125.6,7.4,0.83,66.9,2.26,1.89,0.37,117.54,112.52,107.5,,,,,,,,,,
13-Oct-25,28-Oct-25,PNBHOUSING,Non-Hld,854.3,900,834.15,2.42,965.85,13.06,0.72,47.43,8.18,10.94,-2.76,910.64,869.92,829.2,,,,,,,,,,
13-Oct-25,28-Oct-25,POLICYBZR,Non-Hld,1719,1800,1691.4,1.64,1908.6,11.03,0.72,43.33,-20.82,-23.78,2.97,1842.35,1750.23,1658.11,,,,,,,,,,
13-Oct-25,28-Oct-25,POLYCAB,Non-Hld,7673,8000,7515.2,2.1,8484.8,10.58,0.49,65.7,120.57,105.75,14.81,7780.3,7484.32,7188.35,,,,,,,,,,
13-Oct-25,28-Oct-25,POWERGRID,Holding,286.7,300,285.45,0.44,314.55,9.72,0.47,50.24,0.31,0.06,0.25,292.89,286.3,279.72,,,,,,,,,,
13-Oct-25,28-Oct-25,POWERINDIA,Non-Hld,17800,18000,16939.25,5.09,19060.75,7.09,0.25,37.01,-482.89,-385.81,-97.08,20375.92,18718.6,17061.28,,,,,,,,,,
13-Oct-25,28-Oct-25,PPLPHARMA,Non-Hld,197.46,210,193.8,1.89,226.2,14.56,0.57,50.49,0.02,-0.13,0.15,208.63,198.41,188.2,,,,,,,,,,
13-Oct-25,28-Oct-25,PRESTIGE,Non-Hld,1610.8,1600,1521.15,5.9,1678.85,4.23,0.69,57.12,-3.64,-12.75,9.11,1666.86,1573.31,1479.76,,,,,,,,,,
13-Oct-25,28-Oct-25,RBLBANK,Non-Hld,289.2,270,237.25,21.9,302.75,4.69,0.43,68.41,5.83,4.43,1.4,290.35,275.6,260.86,,,,,,,,,,
13-Oct-25,28-Oct-25,RECLTD,Non-Hld,371.5,380,363.2,2.29,396.8,6.82,0.85,44.12,-0.94,-0.29,-0.65,388.57,377.72,366.86,,,,,,,,,,
13-Oct-25,28-Oct-25,RELIANCE,Non-Hld,1376,1400,1351.7,1.8,1448.3,5.26,0.7,46.87,-4.36,-4.75,0.38,1415.87,1384.24,1352.61,,,,,,,,,,
13-Oct-25,28-Oct-25,RVNL,Non-Hld,338.05,400,337.15,0.27,462.85,36.92,0.37,45.37,0.6,1.68,-1.09,365.03,349.18,333.32,,,,,,,,,,
13-Oct-25,28-Oct-25,SAIL,Non-Hld,132.66,140,130.1,1.97,149.9,13,0.53,51.27,1.28,1.82,-0.54,137.71,133.95,130.19,,,,,,,,,,
13-Oct-25,28-Oct-25,SAMMAANCAP,Non-Hld,162.17,160,152.05,6.66,167.95,3.57,0.97,66.17,8.16,7.44,0.72,174.74,149.63,124.53,,,,,,,,,,
13-Oct-25,28-Oct-25,SBICARD,Non-Hld,920.05,900,856.3,7.45,943.7,2.58,0.59,69.27,19.93,16.82,3.11,929.37,891.99,854.61,,,,,,,,,,
13-Oct-25,28-Oct-25,SBILIFE,Non-Hld,1816.8,1800,1736.15,4.65,1863.85,2.59,0.48,52.3,-5.97,-7.77,1.79,1849.2,1807.01,1764.82,,,,,,,,,,
13-Oct-25,28-Oct-25,SBIN,Non-Hld,884,880,854.35,3.48,905.65,2.45,0.62,66.64,12.64,12.51,0.13,889.2,861.88,834.56,,,,,,,,,,
13-Oct-25,28-Oct-25,SHREECEM,Non-Hld,29640,30000,28838,2.79,31162,5.14,0.82,49.7,-150.61,-194.07,43.46,30014.37,29503.75,28993.13,,,,,,,,,,
13-Oct-25,28-Oct-25,SHRIRAMFIN,Non-Hld,673,660,621.4,8.31,698.6,3.81,0.86,67.16,14.47,9.85,4.62,682.62,637.97,593.33,,,,,,,,,,
13-Oct-25,28-Oct-25,SIEMENS,Holding,3080,3300,3064.35,0.52,3535.65,14.8,0.43,39.82,-7.28,3.57,-10.86,3366.91,3207.7,3048.49,,,,,,,,,,
13-Oct-25,28-Oct-25,SOLARINDS,Non-Hld,14000,15000,13919.25,0.59,16080.75,14.87,0.66,47.41,-92.72,-132.36,39.64,14940.9,14127.7,13314.5,,,,,,,,,,
13-Oct-25,28-Oct-25,SONACOMS,Non-Hld,434.2,450,423,2.65,477,9.86,0.62,55.19,-4.17,-7.4,3.23,444.52,421.78,399.04,,,,,,,,,,
13-Oct-25,28-Oct-25,SRF,Non-Hld,3048.7,3100,2975.75,2.46,3224.25,5.76,0.89,66.34,19.67,-0.24,19.91,3052.86,2926.4,2799.95,,,,,,,,,,
13-Oct-25,28-Oct-25,SUNPHARMA,Non-Hld,1666.8,1680,1632.35,2.12,1727.65,3.66,0.82,60.07,11.06,5.21,5.85,1681.81,1632.1,1582.38,,,,,,,,,,
13-Oct-25,28-Oct-25,SUPREMEIND,Non-Hld,4268,4500,4190.4,1.86,4809.6,12.69,0.54,46.76,-59.15,-57.21,-1.94,4558.6,4305.44,4052.29,,,,,,,,,,
13-Oct-25,28-Oct-25,SUZLON,Non-Hld,54.35,56,52.85,2.84,59.15,8.84,0.48,38.18,-1.41,-1.3,-0.11,61.08,56.33,51.58,,,,,,,,,,
13-Oct-25,28-Oct-25,SYNGENE,Non-Hld,633.4,640,609.3,3.96,670.7,5.89,0.6,46.17,-4.64,-6.05,1.41,672.07,640.75,609.43,,,,,,,,,,
13-Oct-25,28-Oct-25,TATACONSUM,Non-Hld,1115.5,1150,1100.15,1.4,1199.85,7.57,0.4,50.26,7.26,10.38,-3.12,1150.9,1125.88,1100.85,,,,,,,,,,
13-Oct-25,28-Oct-25,TATAELXSI,Non-Hld,5350.5,5500,5218.5,2.53,5781.5,8.06,0.41,42.15,-63.02,-71.73,8.71,5809.25,5482.4,5155.55,,,,,,,,,,
13-Oct-25,28-Oct-25,TATAPOWER,Non-Hld,391.45,400,385,1.68,415,6.02,0.79,51.83,0.45,0.62,-0.17,398.81,391.24,383.66,,,,,,,,,,
13-Oct-25,28-Oct-25,TATASTEEL,Non-Hld,173.4,180,171.55,1.08,188.45,8.68,0.65,56.76,2.11,2.13,-0.02,175.78,171.42,167.07,,,,,,,,,,
13-Oct-25,28-Oct-25,TATATECH,Non-Hld,700.9,700,666.85,5.11,733.15,4.61,0.73,51.34,4.86,3.3,1.56,734.27,700.93,667.59,,,,,,,,,,
13-Oct-25,28-Oct-25,TCS,Non-Hld,3006,3100,2975.35,1.04,3224.65,7.28,0.55,47.49,-22.85,-31.65,8.8,3202.59,3013.34,2824.08,,,,,,,,,,
13-Oct-25,28-Oct-25,TECHM,Non-Hld,1456.6,1500,1415.05,2.94,1584.95,8.82,0.84,46.06,-14.8,-17.65,2.85,1550.21,1450.98,1351.75,,,,,,,,,,
13-Oct-25,28-Oct-25,TIINDIA,Non-Hld,3120,3200,3039.05,2.67,3360.95,7.73,0.56,45.9,0.66,15.67,-15.01,3444.17,3226.48,3008.8,,,,,,,,,,
13-Oct-25,28-Oct-25,TITAGARH,Non-Hld,893,920,864.05,3.36,975.95,9.29,0.45,50.21,4.33,6.53,-2.21,961.28,910.9,860.53,,,,,,,,,,
13-Oct-25,28-Oct-25,TITAN,Non-Hld,3532.9,3400,3240.75,9.02,3559.25,0.75,0.58,54.62,-5.91,-23.13,17.22,3601.56,3463.42,3325.27,,,,,,,,,,
13-Oct-25,28-Oct-25,TMPV,Non-Hld,664,720,661.25,0.42,778.75,17.29,0.25,38.24,-3.46,0.28,-3.74,731.77,694.1,656.42,,,,,,,,,,
13-Oct-25,28-Oct-25,TORNTPHARM,Non-Hld,3521,3600,3466.65,1.57,3733.35,6.04,0.49,42.92,-14.7,-9.16,-5.54,3651.32,3566.58,3481.84,,,,,,,,,,
13-Oct-25,28-Oct-25,TORNTPOWER,Non-Hld,1284.5,1300,1237.3,3.82,1362.7,6.09,0.62,57.17,-10.33,-15.8,5.46,1296.33,1247.62,1198.91,,,,,,,,,,
13-Oct-25,28-Oct-25,TRENT,Non-Hld,4685,5000,4645.9,0.85,5354.1,14.29,0.43,34.59,-151.15,-149.74,-1.41,5234.11,4854.56,4475.01,,,,,,,,,,
13-Oct-25,28-Oct-25,TVSMOTOR,Non-Hld,3499,3500,3353.35,4.35,3646.65,4.22,0.67,61.2,40.26,50.96,-10.7,3557.27,3482.36,3407.45,,,,,,,,,,
13-Oct-25,28-Oct-25,ULTRACEMCO,Non-Hld,12178,13000,12168.15,0.09,13831.85,13.59,0.61,46.13,-92.4,-95.96,3.57,12732.33,12279.8,11827.27,,,,,,,,,,
13-Oct-25,28-Oct-25,UNIONBANK,Non-Hld,139.9,140,132.75,5.39,147.25,5.26,0.56,58.31,1.31,1.23,0.08,141.42,137.62,133.83,,,,,,,,,,
13-Oct-25,28-Oct-25,UNITDSPR,Non-Hld,1316.6,1340,1287.15,2.29,1392.85,5.8,0.64,45.21,2.98,3.89,-0.91,1366.45,1333.18,1299.92,,,,,,,,,,
13-Oct-25,28-Oct-25,UNOMINDA,Non-Hld,1233.2,1300,1211.6,1.79,1388.4,12.59,0.44,41.81,2.88,16.77,-13.89,1367.28,1301.14,1234.99,,,,,,,,,,
13-Oct-25,28-Oct-25,UPL,Non-Hld,672.65,680,654.05,2.85,705.95,4.96,0.61,45.48,-5.69,-7.24,1.54,708.09,677.79,647.49,,,,,,,,,,
13-Oct-25,28-Oct-25,VBL,Non-Hld,443.3,500,443.6,-0.06,556.4,25.52,0.53,37.68,-11.02,-11.57,0.55,477.53,452.64,427.76,,,,,,,,,,
13-Oct-25,28-Oct-25,VEDL,Non-Hld,479.5,480,456.8,4.97,503.2,4.95,0.82,65.3,10.59,9.17,1.42,484.69,463.58,442.48,,,,,,,,,,
13-Oct-25,28-Oct-25,VOLTAS,Non-Hld,1381.1,1400,1333.1,3.61,1466.9,6.22,0.73,50.03,0.66,-0.46,1.12,1432.39,1382.4,1332.42,,,,,,,,,,
13-Oct-25,28-Oct-25,WIPRO,Non-Hld,245.15,250,237.4,3.27,262.6,7.12,0.93,48.31,-1.16,-1.6,0.44,258.08,246.29,234.5,,,,,,,,,,
13-Oct-25,28-Oct-25,YESBANK,Non-Hld,24.06,24,22.6,6.47,25.4,5.57,0.72,83.18,0.79,0.57,0.22,23.46,21.7,19.94,,,,,,,,,,
13-Oct-25,28-Oct-25,ZYDUSLIFE,Non-Hld,994.45,1000,960.4,3.55,1039.6,4.55,0.59,46.94,-4.86,-1.97,-2.89,1059.09,1010.32,961.56,,,,,,,,,,
14-Oct-25,28-Oct-25,360ONE,Non-Hld,1122,1100,1038.4,8.06,1161.6,3.53,0.5,66.84,10.72,1.16,9.55,1132.56,1063.03,993.49,,,,,,,,,,
14-Oct-25,28-Oct-25,ABB,Holding,5100,5300,5037.3,1.25,5562.7,9.08,0.6,40.9,-26.03,-14.83,-11.19,5436.95,5240.98,5045.02,,,,,,,,,,
14-Oct-25,28-Oct-25,ABCAPITAL,Non-Hld,297.1,300,285.35,4.12,314.65,5.91,0.55,56.01,4.06,4.26,-0.2,306.64,293.4,280.17,,,,,,,,,,
14-Oct-25,28-Oct-25,ADANIENSOL,Non-Hld,930.75,1000,911.4,2.13,1088.6,16.96,0.6,65.46,28.39,26.55,1.85,966.25,897.41,828.57,,,,,,,,,,
14-Oct-25,28-Oct-25,ADANIENT,Non-Hld,2519,2600,2459.3,2.43,2740.7,8.81,0.54,52.62,34.27,43.94,-9.67,2680.16,2537.44,2394.71,,,,,,,,,,
14-Oct-25,28-Oct-25,ADANIGREEN,Non-Hld,1034,1100,1010,2.38,1190,15.09,0.46,51,16.7,21.72,-5.02,1137.45,1052.42,967.39,,,,,,,,,,
14-Oct-25,28-Oct-25,ADANIPORTS,Non-Hld,1425,1400,1342.4,6.16,1457.6,2.29,0.61,59.05,10.35,10.11,0.24,1447.61,1413.3,1379,,,,,,,,,,
14-Oct-25,28-Oct-25,ALKEM,Non-Hld,5500,5600,5368,2.46,5832,6.04,0.54,57.31,36.4,46.19,-9.8,5564.42,5484.42,5404.43,,,,,,,,,,
14-Oct-25,28-Oct-25,AMBER,Non-Hld,8170,8500,7912.2,3.26,9087.8,11.24,0.53,53.53,120.97,151.52,-30.55,8439.65,8271.25,8102.85,,,,,,,,,,
14-Oct-25,28-Oct-25,AMBUJACEM,Non-Hld,562.95,600,562.6,0.07,637.4,13.23,0.62,41.81,-2.94,-2.22,-0.71,591.11,574.16,557.21,,,,,,,,,,
14-Oct-25,28-Oct-25,ANGELONE,Non-Hld,2388.1,2400,2232.95,6.95,2567.05,7.5,0.77,63.04,-6.87,-39.74,32.87,2368.56,2234.96,2101.37,,,,,,,,,,
14-Oct-25,28-Oct-25,APLAPOLLO,Non-Hld,1723.8,1700,1633.2,5.55,1766.8,2.5,0.54,56.83,19.1,18.22,0.88,1759.72,1707.86,1655.99,,,,,,,,,,
14-Oct-25,28-Oct-25,APOLLOHOSP,Non-Hld,7752,7700,7474.8,3.71,7925.2,2.24,0.62,56.84,-2.36,-16.56,14.2,7938.85,7658.58,7378.3,,,,,,,,,,
14-Oct-25,28-Oct-25,ASHOKLEY,Non-Hld,135.2,140,132.7,1.89,147.3,8.95,0.38,45.53,1.17,2.2,-1.02,144.45,139.56,134.66,,,,,,,,,,
14-Oct-25,28-Oct-25,ASIANPAINT,Non-Hld,2314,2500,2321.5,-0.32,2678.5,15.76,0.54,30.38,-43.29,-39.43,-3.86,2518.69,2391.4,2264.11,,,,,,,,,,
14-Oct-25,28-Oct-25,ASTRAL,Non-Hld,1415,1500,1408.7,0.45,1591.3,12.46,0.47,51.55,-2.68,-4.96,2.28,1480.83,1415.88,1350.93,,,,,,,,,,
14-Oct-25,28-Oct-25,AUBANK,Non-Hld,776.1,800,754.65,2.85,845.35,8.93,0.83,65.44,11.28,7.08,4.19,782.61,740.54,698.48,,,,,,,,,,
14-Oct-25,28-Oct-25,AUROPHARMA,Non-Hld,1120,1100,1043.7,7.32,1156.3,3.25,0.69,59,10.9,7.44,3.46,1139.31,1103.12,1066.94,,,,,,,,,,
14-Oct-25,28-Oct-25,AXISBANK,Non-Hld,1174,1200,1147.45,2.32,1252.55,6.7,0.52,58.68,22.55,22.61,-0.06,1209.44,1160.47,1111.51,,,,,,,,,,
14-Oct-25,28-Oct-25,BAJAJ-AUTO,Non-Hld,9101,9000,8661.6,5.08,9338.4,2.61,0.64,60.96,32.17,12.34,19.83,9197.25,8887.02,8576.8,,,,,,,,,,
14-Oct-25,28-Oct-25,BAJAJFINSV,Non-Hld,2019.9,2100,2001.9,0.9,2198.1,8.83,0.58,49.88,0.82,5.21,-4.39,2091.69,2035.64,1979.59,,,,,,,,,,
14-Oct-25,28-Oct-25,BAJFINANCE,Non-Hld,1017,1020,974.9,4.32,1065.1,4.73,0.7,60.03,19.91,20.97,-1.05,1039.25,1008.95,978.65,,,,,,,,,,
14-Oct-25,28-Oct-25,BANDHANBNK,Non-Hld,162.65,170,159.1,2.24,180.9,11.23,0.78,47.46,0.02,-0.58,0.61,170.18,163.23,156.28,,,,,,,,,,
14-Oct-25,28-Oct-25,BANKBARODA,Non-Hld,265,270,258.15,2.66,281.85,6.36,0.68,63.63,6.29,5.7,0.59,272.06,256.85,241.65,,,,,,,,,,
14-Oct-25,28-Oct-25,BANKINDIA,Non-Hld,124.2,130,122.15,1.68,137.85,11,0.58,58.47,2.65,2.53,0.12,128.98,122.44,115.91,,,,,,,,,,
14-Oct-25,28-Oct-25,BDL,Non-Hld,1487,1600,1480.15,0.47,1719.85,15.66,0.55,42.46,-10.59,-5.96,-4.63,1647.85,1552.35,1456.85,,,,,,,,,,
14-Oct-25,28-Oct-25,BEL,Holding,402.15,410,392.5,2.46,427.5,6.31,0.51,51.03,4.97,5.63,-0.66,416.68,406.21,395.73,,,,,,,,,,
14-Oct-25,28-Oct-25,BHARATFORG,Non-Hld,1220.2,1220,1165.85,4.67,1274.15,4.43,0.59,53.01,5.52,7.42,-1.9,1279.97,1228.22,1176.48,,,,,,,,,,
14-Oct-25,28-Oct-25,BHARTIARTL,Non-Hld,1948.2,1960,1913.95,1.79,2006.05,2.97,0.48,57.57,8.09,4.26,3.83,1978.9,1928.32,1877.74,,,,,,,,,,
14-Oct-25,28-Oct-25,BHEL,Non-Hld,232.4,250,230.5,0.83,269.5,15.97,0.56,46.83,2.61,3.47,-0.86,245.79,237.55,229.3,,,,,,,,,,
14-Oct-25,28-Oct-25,BIOCON,Non-Hld,350.8,360,343.55,2.12,376.45,7.32,0.59,47.75,-2.79,-3.37,0.58,369.45,352.96,336.47,,,,,,,,,,
14-Oct-25,28-Oct-25,BLUESTARCO,Non-Hld,1873.5,2000,1871.45,0.11,2128.55,13.62,0.67,46,2.14,6.43,-4.29,1986.92,1919.81,1852.7,,,,,,,,,,
14-Oct-25,28-Oct-25,BOSCHLTD,Non-Hld,38000,39000,37527.55,1.26,40472.45,6.51,0.51,37.74,-327.3,-272.17,-55.13,40079.78,38838,37596.22,,,,,,,,,,
14-Oct-25,28-Oct-25,BPCL,Non-Hld,332.5,350,329.1,1.04,370.9,11.55,0.6,50.46,4.75,5.17,-0.43,349.58,334,318.41,,,,,,,,,,
14-Oct-25,28-Oct-25,BRITANNIA,Non-Hld,5800,6000,5749.3,0.89,6250.7,7.78,0.44,39.74,-18.98,11.79,-30.77,6164.68,5966.4,5768.12,,,,,,,,,,
14-Oct-25,28-Oct-25,BSE,Holding,2446.6,2500,2337.3,4.68,2662.7,8.84,0.77,66.74,36.26,-12.64,48.9,2449.08,2193.82,1938.57,,,,,,,,,,
14-Oct-25,28-Oct-25,CAMS,Holding,3782,4000,3732.45,1.33,4267.55,12.84,0.56,43.33,-17.91,-14.06,-3.85,4079.98,3877.83,3675.68,,,,,,,,,,
14-Oct-25,28-Oct-25,CANBK,Non-Hld,125.3,130,122.95,1.92,137.05,9.38,0.79,62.06,3.93,3.91,0.03,131.1,122.35,113.6,,,,,,,,,,
14-Oct-25,28-Oct-25,CDSL,Holding,1604.9,1600,1518.7,5.68,1681.3,4.77,0.66,61.1,13.03,-0.74,13.77,1636.21,1539.33,1442.45,,,,,,,,,,
14-Oct-25,28-Oct-25,CGPOWER,Holding,744,840,754.9,-1.44,925.1,24.35,0.58,49.67,3.59,7.09,-3.5,793.52,759.04,724.56,,,,,,,,,,
14-Oct-25,28-Oct-25,CHOLAFIN,Non-Hld,1650.1,1660,1589.3,3.83,1730.7,4.89,0.62,61.49,28.56,27.64,0.92,1656.1,1608.04,1559.99,,,,,,,,,,
14-Oct-25,28-Oct-25,CIPLA,Non-Hld,1548.3,1600,1536.75,0.76,1663.25,7.43,0.45,54.69,-2.13,-7.39,5.26,1586.53,1531.14,1475.75,,,,,,,,,,
14-Oct-25,28-Oct-25,COALINDIA,Holding,380.4,390,376.7,0.99,403.3,6.02,0.66,40.82,-1.26,0.08,-1.34,399.88,388.78,377.68,,,,,,,,,,
14-Oct-25,28-Oct-25,COFORGE,Non-Hld,1701.9,1700,1594.3,6.75,1805.7,6.1,0.63,51.89,-2.98,-14.3,11.33,1842.15,1680.38,1518.62,,,,,,,,,,
14-Oct-25,28-Oct-25,COLPAL,Non-Hld,2198,2340,2200.5,-0.11,2479.5,12.81,0.77,35.63,-32.34,-27.95,-4.38,2382.58,2265.58,2148.59,,,,,,,,,,
14-Oct-25,28-Oct-25,CONCOR,Non-Hld,527.2,540,517.15,1.95,562.85,6.77,0.68,40.82,-4.91,-5.41,0.5,564,537.99,511.99,,,,,,,,,,
14-Oct-25,28-Oct-25,CROMPTON,Non-Hld,280.75,300,279.25,0.54,320.75,14.25,0.48,24.23,-9.42,-8.74,-0.68,319.53,296.92,274.31,,,,,,,,,,
14-Oct-25,28-Oct-25,CUMMINSIND,Non-Hld,3940,4000,3850.6,2.33,4149.4,5.32,0.63,50.35,9.71,20.49,-10.78,4122.14,3983.86,3845.58,,,,,,,,,,
14-Oct-25,28-Oct-25,CYIENT,Non-Hld,1147,1300,1137.35,0.85,1462.65,27.52,0.52,40.21,-11.79,-11.19,-0.6,1263.26,1185.78,1108.3,,,,,,,,,,
14-Oct-25,28-Oct-25,DABUR,Non-Hld,486.85,500,481.2,1.18,518.8,6.57,0.44,34.49,-10.88,-9.39,-1.49,542.15,504.74,467.33,,,,,,,,,,
14-Oct-25,28-Oct-25,DALBHARAT,Non-Hld,2213,2300,2183.05,1.38,2416.95,9.22,0.7,32.49,-34.89,-28.21,-6.68,2463.66,2292.71,2121.77,,,,,,,,,,
14-Oct-25,28-Oct-25,DELHIVERY,Non-Hld,469.7,480,457,2.78,503,7.09,0.63,54.47,1.26,-0.54,1.8,490.74,462.1,433.47,,,,,,,,,,
14-Oct-25,28-Oct-25,DIVISLAB,Non-Hld,6550,6000,5404.15,21.21,6595.85,0.71,1.04,70.93,79.17,-13.11,92.27,6566.06,6045.75,5525.44,,,,,,,,,,
14-Oct-25,28-Oct-25,DIXON,Non-Hld,16610,18000,16419.6,1.16,19580.4,17.89,0.63,41.29,-127.22,-58.53,-68.69,18768.01,17418.1,16068.19,,,,,,,,,,
14-Oct-25,28-Oct-25,DLF,Non-Hld,741.5,740,708.65,4.64,771.35,4.03,0.64,47.92,-7.39,-9.36,1.97,792.04,743.66,695.28,,,,,,,,,,
14-Oct-25,28-Oct-25,DMART,Non-Hld,4203,4300,4112.85,2.2,4487.15,6.77,0.37,27.43,-96.28,-58.72,-37.56,4858.39,4490,4121.6,,,,,,,,,,
14-Oct-25,28-Oct-25,DRREDDY,Non-Hld,1235,1320,1231.55,0.29,1408.45,14.05,0.51,42.03,-8.33,-6.23,-2.1,1334.24,1269.76,1205.29,,,,,,,,,,
14-Oct-25,28-Oct-25,EICHERMOT,Non-Hld,6873,7000,6749.75,1.83,7250.25,5.49,0.66,56.64,115.2,163.43,-48.22,7048.91,6952.5,6856.09,,,,,,,,,,
14-Oct-25,28-Oct-25,ETERNAL,Non-Hld,347,335,312.15,11.17,357.85,3.13,0.72,67.77,6.59,5.44,1.15,351.85,335.58,319.3,,,,,,,,,,
14-Oct-25,28-Oct-25,EXIDEIND,Non-Hld,393,400,384.55,2.2,415.45,5.72,0.68,42.51,-2.08,-1.43,-0.65,421.41,401.44,381.46,,,,,,,,,,
14-Oct-25,28-Oct-25,FEDERALBNK,Non-Hld,215.28,225,211.4,1.84,238.6,10.84,0.58,78.35,3.83,1.36,2.47,212.6,198.46,184.33,,,,,,,,,,
14-Oct-25,28-Oct-25,FORTIS,Non-Hld,1082.55,1100,1054.65,2.65,1145.35,5.81,0.81,70.14,37.4,28.29,9.11,1100.53,999.53,898.54,,,,,,,,,,
14-Oct-25,28-Oct-25,GAIL,Non-Hld,175.41,180,171.9,2.05,188.1,7.24,0.59,45.92,0.22,0.17,0.05,183.54,178.02,172.51,,,,,,,,,,
14-Oct-25,28-Oct-25,GLENMARK,Non-Hld,1886.3,2000,1874.7,0.62,2125.3,12.68,0.51,33.79,-29.31,-18.8,-10.51,2100.67,1986.42,1872.16,,,,,,,,,,
14-Oct-25,28-Oct-25,GMRAIRPORT,Non-Hld,88.76,95,88.2,0.64,101.8,14.7,0.48,48.89,0.1,0.04,0.06,93.13,89.67,86.2,,,,,,,,,,
14-Oct-25,28-Oct-25,GODREJCP,Non-Hld,1099,1200,1099.3,-0.02,1300.7,18.36,0.5,24.5,-31.1,-24.77,-6.33,1260.09,1172.88,1085.67,,,,,,,,,,
14-Oct-25,28-Oct-25,GODREJPROP,Non-Hld,2064.2,2100,1996.15,3.41,2203.85,6.77,0.57,51.76,7.67,0.84,6.83,2148.81,2049.84,1950.87,,,,,,,,,,
14-Oct-25,28-Oct-25,GRASIM,Non-Hld,2777,2900,2762.95,0.51,3037.05,9.37,0.58,45.23,-2.15,-0.65,-1.49,2884.63,2806.97,2729.31,,,,,,,,,,
14-Oct-25,28-Oct-25,HAL,Non-Hld,4741,5000,4708.45,0.7,5291.55,11.62,0.52,50.57,44.05,58.4,-14.35,4917.02,4807.53,4698.04,,,,,,,,,,
14-Oct-25,28-Oct-25,HAVELLS,Non-Hld,1445.8,1600,1439.25,0.46,1760.75,21.79,0.54,28.75,-22.75,-15.74,-7.01,1620.76,1526.32,1431.88,,,,,,,,,,
14-Oct-25,28-Oct-25,HCLTECH,Non-Hld,1492,1500,1446.6,3.14,1553.4,4.12,0.51,62.05,4.63,-7.41,12.04,1512.01,1433,1353.99,,,,,,,,,,
14-Oct-25,28-Oct-25,HDFCAMC,Non-Hld,5597.5,5700,5423.55,3.21,5976.45,6.77,0.61,47.63,-32.25,-20.54,-11.71,5935,5671.2,5407.4,,,,,,,,,,
14-Oct-25,28-Oct-25,HDFCBANK,Non-Hld,976.25,1000,965.45,1.12,1034.55,5.98,0.75,56.34,2.39,-0.41,2.8,989.29,966.15,943.01,,,,,,,,,,
14-Oct-25,28-Oct-25,HDFCLIFE,Non-Hld,743.55,800,742.2,0.19,857.8,15.37,0.53,37.61,-6.81,-4.64,-2.17,788.49,763.29,738.08,,,,,,,,,,
14-Oct-25,28-Oct-25,HEROMOTOCO,Non-Hld,5560,5600,5376.35,3.42,5823.65,4.75,0.64,64.49,106.78,114.21,-7.43,5645.33,5440.55,5235.77,,,,,,,,,,
14-Oct-25,28-Oct-25,HFCL,Non-Hld,74.78,80,73,2.44,87,16.35,0.52,51.67,0.39,0.27,0.12,77.76,74.99,72.21,,,,,,,,,,
14-Oct-25,28-Oct-25,HINDALCO,Non-Hld,758,780,746.35,1.57,813.65,7.35,0.6,54.95,11.1,12.43,-1.33,783.57,758.74,733.9,,,,,,,,,,
14-Oct-25,28-Oct-25,HINDPETRO,Non-Hld,441.1,450,427.35,3.22,472.65,7.16,0.43,59.98,13.48,13.11,0.37,470.72,433.76,396.8,,,,,,,,,,
14-Oct-25,28-Oct-25,HINDUNILVR,Non-Hld,2502,2600,2482.95,0.77,2717.05,8.6,0.51,41.92,-19.47,-16.38,-3.08,2590.05,2534.26,2478.46,,,,,,,,,,
14-Oct-25,28-Oct-25,HINDZINC,Non-Hld,504.2,500,469.9,7.3,530.1,5.14,0.55,66.81,16.01,13.49,2.52,516.4,476.71,437.02,,,,,,,,,,
14-Oct-25,28-Oct-25,HUDCO,Non-Hld,224.8,230,218.05,3.1,241.95,7.63,0.52,49.25,2.65,3.25,-0.6,238.86,228.66,218.47,,,,,,,,,,
14-Oct-25,28-Oct-25,ICICIBANK,Non-Hld,1384.8,1400,1354.45,2.25,1445.55,4.39,0.73,48.53,-8.67,-11.48,2.81,1425.12,1382.08,1339.03,,,,,,,,,,
14-Oct-25,28-Oct-25,ICICIGI,Non-Hld,1865,1900,1815.1,2.75,1984.9,6.43,0.58,43.67,-6.14,-1,-5.15,1922.66,1880.07,1837.47,,,,,,,,,,
14-Oct-25,28-Oct-25,ICICIPRULI,Non-Hld,597.85,620,589.1,1.49,650.9,8.88,0.53,47.94,-3.17,-3.92,0.75,609.11,598.02,586.94,,,,,,,,,,
14-Oct-25,28-Oct-25,IDEA,Non-Hld,8.36,10,8.25,1.34,11.75,40.56,0.55,51.7,0.36,0.4,-0.04,9.31,8.5,7.68,,,,,,,,,,
14-Oct-25,28-Oct-25,IDFCFIRSTB,Non-Hld,72.9,75,70.95,2.75,79.05,8.44,0.7,57.19,0.61,0.23,0.38,74.41,71.19,67.98,,,,,,,,,,
14-Oct-25,28-Oct-25,IEX,Holding,136.2,140,132.1,3.11,147.9,8.6,0.63,35.59,-1.97,-1.64,-0.33,149.84,142.09,134.35,,,,,,,,,,
14-Oct-25,28-Oct-25,IGL,Non-Hld,211.99,220,207.65,2.1,232.35,9.61,0.55,49.76,1.44,1.01,0.44,221.57,211.9,202.24,,,,,,,,,,
14-Oct-25,28-Oct-25,IIFL,Non-Hld,484.5,500,472.7,2.5,527.3,8.84,0.6,61.79,10.86,5.88,4.99,501.49,459.41,417.32,,,,,,,,,,
14-Oct-25,28-Oct-25,INDHOTEL,Non-Hld,720.6,750,711.05,1.35,788.95,9.49,0.45,36.89,-10.64,-10.28,-0.36,786.49,740.99,695.5,,,,,,,,,,
14-Oct-25,28-Oct-25,INDIANB,Non-Hld,769.9,780,739.25,4.15,820.75,6.61,0.84,67.1,25.16,22.46,2.7,794.84,733.74,672.63,,,,,,,,,,
14-Oct-25,28-Oct-25,INDIGO,Holding,5767,5800,5602.4,2.94,5997.6,4,0.66,53.49,-5.73,-24.8,19.06,5806.6,5691.68,5576.75,,,,,,,,,,
14-Oct-25,28-Oct-25,INDUSINDBK,Non-Hld,749,750,710.5,5.42,789.5,5.41,0.95,50.29,-1.28,-5.15,3.87,764.78,742.32,719.87,,,,,,,,,,
14-Oct-25,28-Oct-25,INDUSTOWER,Non-Hld,339.2,360,335.75,1.03,384.25,13.29,0.72,37.43,-0.72,0.2,-0.92,363.41,352.88,342.34,,,,,,,,,,
14-Oct-25,28-Oct-25,INFY,Non-Hld,1488,1560,1448.5,2.73,1671.5,12.34,0.48,50.68,-0.64,-4.25,3.61,1549.36,1487.63,1425.9,,,,,,,,,,
14-Oct-25,28-Oct-25,INOXWIND,Non-Hld,146.87,150,141.75,3.62,158.25,7.75,0.49,53.26,-0.12,-1.02,0.9,155.06,145.17,135.28,,,,,,,,,,
14-Oct-25,28-Oct-25,IOC,Non-Hld,152.7,155,148.7,2.69,161.3,5.64,0.64,60.94,2.98,2.7,0.28,157,150.03,143.05,,,,,,,,,,
14-Oct-25,28-Oct-25,IRCTC,Holding,705.1,750,701.85,0.47,798.15,13.2,0.58,42.7,-3.69,-3.72,0.03,737.43,714.83,692.24,,,,,,,,,,
14-Oct-25,28-Oct-25,IREDA,Non-Hld,154.5,160,149.45,3.38,170.55,10.39,0.4,56.51,0.47,0.51,-0.04,159.49,152.41,145.32,,,,,,,,,,
14-Oct-25,28-Oct-25,IRFC,Non-Hld,124.35,130,121.4,2.43,138.6,11.46,0.47,46.57,-0.25,-0.24,-0.01,130.36,126.1,121.85,,,,,,,,,,
14-Oct-25,28-Oct-25,ITC,Non-Hld,396.7,410,395.2,0.38,424.8,7.09,0.63,38.57,-2.72,-2.24,-0.48,412.93,403.94,394.94,,,,,,,,,,
14-Oct-25,28-Oct-25,JINDALSTEL,Non-Hld,994.7,1100,990.45,0.43,1209.55,21.6,0.5,40.84,-1.1,7.15,-8.25,1081.6,1041.31,1001.02,,,,,,,,,,
14-Oct-25,28-Oct-25,JIOFIN,Non-Hld,305.5,320,301.6,1.3,338.4,10.77,0.66,46.56,-1.91,-2.83,0.92,321.2,306.79,292.38,,,,,,,,,,
14-Oct-25,28-Oct-25,JSWENERGY,Non-Hld,538.95,550,520.7,3.51,579.3,7.49,0.46,54.8,5.09,4.76,0.33,551.92,538.13,524.33,,,,,,,,,,
14-Oct-25,28-Oct-25,JSWSTEEL,Non-Hld,1147,1200,1134.4,1.12,1265.6,10.35,0.65,56.61,19.38,20.79,-1.41,1179.09,1142.03,1104.98,,,,,,,,,,
14-Oct-25,28-Oct-25,JUBLFOOD,Non-Hld,584.8,650,584.7,0.02,715.3,22.32,0.42,30.51,-11.12,-8.55,-2.57,641.24,615.34,589.44,,,,,,,,,,
14-Oct-25,28-Oct-25,KALYANKJIL,Non-Hld,468,500,462.75,1.14,537.25,14.8,0.48,39.85,-9.27,-10.85,1.58,525.5,484.12,442.75,,,,,,,,,,
14-Oct-25,28-Oct-25,KAYNES,Non-Hld,6892,7000,6544,5.32,7456,8.19,0.43,45.97,71.25,153.43,-82.18,7584.93,7208.9,6832.87,,,,,,,,,,
14-Oct-25,28-Oct-25,KEI,Non-Hld,4364,4300,4032.35,8.23,4567.65,4.67,0.64,69.09,73.37,54.16,19.22,4348.31,4162.88,3977.46,,,,,,,,,,
14-Oct-25,28-Oct-25,KFINTECH,Holding,1110,1100,1033.4,7.42,1166.6,5.1,0.59,54.79,-2.9,-9.46,6.57,1150.04,1083.37,1016.7,,,,,,,,,,
14-Oct-25,28-Oct-25,KOTAKBANK,Non-Hld,2150,2100,2011.9,6.87,2188.1,1.78,1.04,68.87,39.79,28.45,11.34,2186.36,2070.2,1954.04,,,,,,,,,,
14-Oct-25,28-Oct-25,KPITTECH,Non-Hld,1153,1200,1127,2.31,1273,10.41,0.65,40.57,-22.69,-18.21,-4.48,1319.61,1204.37,1089.13,,,,,,,,,,
14-Oct-25,28-Oct-25,LAURUSLABS,Non-Hld,874.8,900,843,3.78,957,9.4,0.57,51.9,-1.9,-1.3,-0.6,933.72,879.5,825.27,,,,,,,,,,
14-Oct-25,28-Oct-25,LICHSGFIN,Non-Hld,566,600,563.8,0.4,636.2,12.41,0.74,46.71,-0.86,0.01,-0.87,592.6,573.78,554.96,,,,,,,,,,
14-Oct-25,28-Oct-25,LICI,Non-Hld,901,900,866.2,4.02,933.8,3.65,0.4,54.97,3.63,3.4,0.23,914.05,895.91,877.77,,,,,,,,,,
14-Oct-25,28-Oct-25,LODHA,Non-Hld,1137.8,1200,1121.45,1.46,1278.55,12.38,0.6,42.86,-18.9,-21.84,2.94,1227.99,1161.36,1094.74,,,,,,,,,,
14-Oct-25,28-Oct-25,LT,Non-Hld,3736,3800,3690.85,1.23,3909.15,4.64,0.45,58.98,40,34.86,5.14,3789.77,3703.94,3618.11,,,,,,,,,,
14-Oct-25,28-Oct-25,LTF,Non-Hld,262.89,260,244.45,7.55,275.55,4.82,0.89,65.24,8.88,8.75,0.13,268.42,251.76,235.1,,,,,,,,,,
14-Oct-25,28-Oct-25,LTIM,Non-Hld,5461,5600,5272.75,3.58,5927.25,8.54,0.67,62.31,54.14,25.5,28.65,5593.39,5308.38,5023.36,,,,,,,,,,
14-Oct-25,28-Oct-25,LUPIN,Non-Hld,1935.1,2000,1909.7,1.34,2090.3,8.03,0.63,46.28,-6.48,-3.71,-2.77,2065.44,1973.22,1881.01,,,,,,,,,,
14-Oct-25,28-Oct-25,M%26M,Non-Hld,3453,3600,3417.4,1.05,3782.6,9.55,0.44,49.13,-0.14,12.49,-12.64,3665.28,3507.77,3350.26,,,,,,,,,,
14-Oct-25,28-Oct-25,MANAPPURAM,Non-Hld,283.95,300,280.55,1.22,319.45,12.51,0.56,48.48,1.92,2.86,-0.93,298.38,287.99,277.6,,,,,,,,,,
14-Oct-25,28-Oct-25,MANKIND,Non-Hld,2434.1,2600,2415.75,0.76,2784.25,14.39,0.42,38.87,-28.27,-22.6,-5.67,2643.99,2506.7,2369.41,,,,,,,,,,
14-Oct-25,28-Oct-25,MARICO,Non-Hld,707,740,706.4,0.09,773.6,9.43,0.58,44.88,-2.37,-3.12,0.75,725.42,710.49,695.56,,,,,,,,,,
14-Oct-25,28-Oct-25,MARUTI,Non-Hld,16300,16200,15752,3.48,16648,2.14,0.53,67.53,362.17,418.65,-56.48,16429.16,16025.4,15621.64,,,,,,,,,,
14-Oct-25,28-Oct-25,MAXHEALTH,Non-Hld,1159.5,1200,1139.75,1.74,1260.25,8.69,0.73,52.29,-8.55,-15.11,6.56,1189.27,1140.47,1091.67,,,,,,,,,,
14-Oct-25,28-Oct-25,MAZDOCK,Non-Hld,2794,3000,2748.9,1.65,3251.1,16.37,0.48,45.43,3.09,12.3,-9.21,3030.44,2885.81,2741.19,,,,,,,,,,
14-Oct-25,28-Oct-25,MCX,Holding,9391.5,9000,8348.1,12.5,9651.9,2.78,0.97,80.57,278.84,144.4,134.44,9015.6,8187.02,7358.45,,,,,,,,,,
14-Oct-25,28-Oct-25,MFSL,Non-Hld,1604.9,1600,1537.85,4.36,1662.15,3.57,0.59,55.67,4.79,1.61,3.18,1624.57,1578.79,1533.02,,,,,,,,,,
14-Oct-25,28-Oct-25,MOTHERSON,Holding,104.9,105,99.8,5.12,110.2,5.06,0.48,52.98,0.69,1.32,-0.64,111.76,106.61,101.46,,,,,,,,,,
14-Oct-25,28-Oct-25,MPHASIS,Non-Hld,2747,2900,2713.15,1.25,3086.85,12.38,0.52,45.01,-18.83,-18.78,-0.05,3008.85,2794.97,2581.09,,,,,,,,,,
14-Oct-25,28-Oct-25,MUTHOOTFIN,Non-Hld,3215,3200,3058.15,5.13,3341.85,3.95,0.63,66.52,101.92,103.54,-1.62,3316.35,3105.88,2895.41,,,,,,,,,,
14-Oct-25,28-Oct-25,NATIONALUM,Non-Hld,223.25,230,217.7,2.55,242.3,8.54,0.71,63.01,6.37,5.64,0.73,230.22,214.7,199.19,,,,,,,,,,
14-Oct-25,28-Oct-25,NAUKRI,Non-Hld,1321,1400,1309.95,0.85,1490.05,12.8,0.5,42.28,-8.72,-6.49,-2.24,1415.54,1356.2,1296.86,,,,,,,,,,
14-Oct-25,28-Oct-25,NBCC,Non-Hld,109.72,115,107.2,2.36,122.8,11.93,0.47,50.33,1.36,1.3,0.06,115.48,110.69,105.91,,,,,,,,,,
14-Oct-25,28-Oct-25,NCC,Non-Hld,203.91,210,199.95,1.99,220.05,7.92,0.5,40.31,-1.34,-1.25,-0.09,218.12,210.11,202.09,,,,,,,,,,
14-Oct-25,28-Oct-25,NESTLEIND,Non-Hld,1175.5,1180,1137.85,3.31,1222.15,3.97,0.7,48,0.68,0.09,0.59,1212.66,1180.75,1148.85,,,,,,,,,,
14-Oct-25,28-Oct-25,NHPC,Non-Hld,85.21,90,85,0.25,95,11.49,0.42,50.49,0.79,0.98,-0.19,88.55,86.54,84.54,,,,,,,,,,
14-Oct-25,28-Oct-25,NMDC,Non-Hld,75.96,80,75.1,1.15,84.9,11.77,0.57,52.08,0.86,1.02,-0.16,78.33,76.51,74.68,,,,,,,,,,
14-Oct-25,28-Oct-25,NTPC,Non-Hld,336.85,345,333.6,0.98,356.4,5.81,0.38,49.32,1.21,1.64,-0.43,345.3,339.18,333.07,,,,,,,,,,
14-Oct-25,28-Oct-25,NUVAMA,Non-Hld,7146,7000,6624.45,7.88,7375.55,3.22,0.95,67.42,165.71,59.16,106.55,7381.52,6591,5800.48,,,,,,,,,,
14-Oct-25,28-Oct-25,NYKAA,Non-Hld,256.4,260,248.75,3.08,271.25,5.8,0.62,59.8,7.44,6.02,1.42,268.64,246.33,224.03,,,,,,,,,,
14-Oct-25,28-Oct-25,OBEROIRLTY,Non-Hld,1573.6,1700,1557.9,1.01,1842.1,17.07,0.65,40.03,-15.36,-13.17,-2.18,1681.49,1614.9,1548.3,,,,,,,,,,
14-Oct-25,28-Oct-25,OFSS,Non-Hld,8924.5,9500,8730,2.23,10270,15.08,0.58,50.37,105.35,92.23,13.12,9525.87,8996.8,8467.73,,,,,,,,,,
14-Oct-25,28-Oct-25,OIL,Non-Hld,414.15,420,400.2,3.49,439.8,6.2,0.54,52.56,3.04,2.44,0.6,425.03,411.66,398.29,,,,,,,,,,
14-Oct-25,28-Oct-25,ONGC,Non-Hld,244.15,250,241.8,0.98,258.2,5.76,0.36,60.14,2.37,1.97,0.41,247.82,240.61,233.41,,,,,,,,,,
14-Oct-25,28-Oct-25,PAGEIND,Non-Hld,40480,45000,41593.65,-2.67,48406.35,19.59,0.3,32.6,-896.47,-838.59,-57.88,45145,42409.25,39673.5,,,,,,,,,,
14-Oct-25,28-Oct-25,PATANJALI,Non-Hld,581,600,569.25,2.07,630.75,8.57,0.41,41.4,-2.51,-2,-0.52,611.29,595.09,578.89,,,,,,,,,,
14-Oct-25,28-Oct-25,PAYTM,Non-Hld,1239,1240,1168.75,6.02,1311.25,5.84,0.72,59.66,14.12,6.09,8.03,1283.52,1194.39,1105.26,,,,,,,,,,
14-Oct-25,28-Oct-25,PERSISTENT,Non-Hld,5299.8,5500,5119.05,3.54,5880.95,10.97,0.62,54.97,1.62,-32.52,34.14,5657.84,5233.4,4808.95,,,,,,,,,,
14-Oct-25,28-Oct-25,PETRONET,Non-Hld,276.85,310,279.55,-0.96,340.45,22.98,0.97,47.36,0.83,0.39,0.44,287.59,278.15,268.7,,,,,,,,,,
14-Oct-25,28-Oct-25,PFC,Holding,396.5,410,390.55,1.53,429.45,8.32,0.73,43.92,-0.01,0.99,-1,414.99,406.11,397.22,,,,,,,,,,
14-Oct-25,28-Oct-25,PGEL,Non-Hld,568.75,600,555.35,2.42,644.65,13.35,0.75,54.8,-4.53,-14.01,9.47,598.96,543.58,488.21,,,,,,,,,,
14-Oct-25,28-Oct-25,PHOENIXLTD,Non-Hld,1626.2,1640,1562.8,4.06,1717.2,5.6,0.64,61.83,16.14,14.02,2.12,1654.9,1595.04,1535.17,,,,,,,,,,
14-Oct-25,28-Oct-25,PIDILITIND,Non-Hld,1490.5,1500,1457.5,2.27,1542.5,3.49,0.63,45.11,-7.03,-9.4,2.37,1543.38,1499.83,1456.28,,,,,,,,,,
14-Oct-25,28-Oct-25,PIIND,Non-Hld,3562,3600,3459.35,2.97,3740.65,5.02,0.67,42.2,-56.02,-62.41,6.39,3758.89,3600,3441.1,,,,,,,,,,
14-Oct-25,28-Oct-25,PNB,Non-Hld,115.21,115,109.85,4.88,120.15,4.29,0.77,60.6,2.2,1.95,0.25,117.65,112.86,108.06,,,,,,,,,,
14-Oct-25,28-Oct-25,PNBHOUSING,Non-Hld,843,900,825.4,2.14,974.6,15.62,0.72,44.39,5.49,9.85,-4.36,909.82,870.31,830.8,,,,,,,,,,
14-Oct-25,28-Oct-25,POLICYBZR,Non-Hld,1711,1800,1687.1,1.42,1912.9,11.81,0.71,41.86,-21.6,-23.35,1.75,1835.28,1745.32,1655.35,,,,,,,,,,
14-Oct-25,28-Oct-25,POLYCAB,Non-Hld,7572.5,8000,7459.1,1.53,8540.9,12.79,0.52,60.15,116.24,107.85,8.39,7782.22,7502.22,7222.23,,,,,,,,,,
14-Oct-25,28-Oct-25,POWERGRID,Holding,287,300,285.8,0.42,314.2,9.48,0.46,52.07,0.38,0.12,0.26,292.97,286.37,279.77,,,,,,,,,,
14-Oct-25,28-Oct-25,POWERINDIA,Non-Hld,17440,20000,17594.95,-0.88,22405.05,28.47,0.2,33.66,-503.04,-409.26,-93.78,20184.17,18582.15,16980.13,,,,,,,,,,
14-Oct-25,28-Oct-25,PPLPHARMA,Non-Hld,192.25,210,190.95,0.69,229.05,19.15,0.54,44.41,-0.38,-0.18,-0.2,208.09,197.84,187.59,,,,,,,,,,
14-Oct-25,28-Oct-25,PRESTIGE,Non-Hld,1604.4,1600,1526.05,5.14,1673.95,4.34,0.67,55.08,-0.53,-10.3,9.77,1667.84,1573.78,1479.72,,,,,,,,,,
14-Oct-25,28-Oct-25,RBLBANK,Non-Hld,292.4,300,268.45,8.93,331.55,13.39,0.45,69.53,6.22,4.79,1.43,292.74,276.61,260.48,,,,,,,,,,
14-Oct-25,28-Oct-25,RECLTD,Non-Hld,369.5,380,359.9,2.67,400.1,8.29,0.83,43.23,-1.22,-0.48,-0.74,388.62,377.31,365.99,,,,,,,,,,
14-Oct-25,28-Oct-25,RELIANCE,Non-Hld,1374.9,1400,1350.25,1.83,1449.75,5.45,0.68,47.3,-4.15,-4.63,0.48,1414.11,1383.07,1352.03,,,,,,,,,,
14-Oct-25,28-Oct-25,RVNL,Non-Hld,332.15,360,328.8,1.02,391.2,17.78,0.35,40.86,-0.39,1.27,-1.66,365.8,348.46,331.13,,,,,,,,,,
14-Oct-25,28-Oct-25,SAIL,Non-Hld,128.2,140,127.1,0.87,152.9,19.27,0.49,44.04,0.83,1.62,-0.8,138.11,133.75,129.38,,,,,,,,,,
14-Oct-25,28-Oct-25,SAMMAANCAP,Non-Hld,164.67,160,151.7,8.55,168.3,2.21,0.98,67.93,8.16,7.58,0.58,176.17,151.08,125.99,,,,,,,,,,
14-Oct-25,28-Oct-25,SBICARD,Non-Hld,913,900,860.1,6.16,939.9,2.95,0.6,66.18,19.59,17.37,2.22,931.48,892.79,854.1,,,,,,,,,,
14-Oct-25,28-Oct-25,SBILIFE,Non-Hld,1815,1800,1738.85,4.38,1861.15,2.55,0.48,52.54,-4.31,-7.08,2.76,1848.55,1806.71,1764.87,,,,,,,,,,
14-Oct-25,28-Oct-25,SBIN,Non-Hld,876,900,868.8,0.83,931.2,6.31,0.54,62.38,12.49,12.51,-0.02,886.6,864.49,842.38,,,,,,,,,,
14-Oct-25,28-Oct-25,SHREECEM,Non-Hld,29535,30000,28926.1,2.11,31073.9,5.22,0.71,49.7,-127.9,-180.83,52.93,30022.33,29520.75,29019.17,,,,,,,,,,
14-Oct-25,28-Oct-25,SHRIRAMFIN,Non-Hld,674.15,680,642.85,4.87,717.15,6.38,0.79,67.9,15.13,10.91,4.23,687.34,640.51,593.69,,,,,,,,,,
14-Oct-25,28-Oct-25,SIEMENS,Holding,3100,3300,3076.7,0.76,3523.3,13.66,0.4,43.27,-11.76,0.51,-12.27,3358.19,3198.38,3038.57,,,,,,,,,,
14-Oct-25,28-Oct-25,SOLARINDS,Non-Hld,13940,15000,13902.15,0.28,16097.85,15.48,0.63,46.95,-89.67,-123.82,34.15,14901,14102.3,13303.6,,,,,,,,,,
14-Oct-25,28-Oct-25,SONACOMS,Non-Hld,453.45,460,431.6,5.07,488.4,7.71,0.55,62.91,-1.46,-6.21,4.76,448.72,422.72,396.72,,,,,,,,,,
14-Oct-25,28-Oct-25,SRF,Non-Hld,3045,3000,2878.85,5.78,3121.15,2.51,0.93,65.66,24.97,4.81,20.17,3067.43,2931.17,2794.91,,,,,,,,,,
14-Oct-25,28-Oct-25,SUNPHARMA,Non-Hld,1652.1,1680,1630.45,1.33,1729.55,4.69,0.79,55.74,11.12,6.39,4.72,1683.32,1634.72,1586.11,,,,,,,,,,
14-Oct-25,28-Oct-25,SUPREMEIND,Non-Hld,4170,4500,4134.5,0.86,4865.5,16.68,0.46,40.55,-60.78,-57.92,-2.86,4533.04,4289.04,4045.03,,,,,,,,,,
14-Oct-25,28-Oct-25,SUZLON,Non-Hld,53.93,56,52.95,1.86,59.05,9.5,0.47,36.41,-1.37,-1.31,-0.06,60.91,56.12,51.34,,,,,,,,,,
14-Oct-25,28-Oct-25,SYNGENE,Non-Hld,626,640,609.15,2.77,670.85,7.17,0.57,42.85,-5.21,-5.88,0.67,667.23,638.49,609.76,,,,,,,,,,
14-Oct-25,28-Oct-25,TATACONSUM,Non-Hld,1113.1,1200,1115.25,-0.19,1284.75,15.43,0.38,51.07,6.3,9.57,-3.27,1149.6,1126.69,1103.78,,,,,,,,,,
14-Oct-25,28-Oct-25,TATAELXSI,Non-Hld,5328,5500,5204.7,2.37,5795.3,8.78,0.38,41.37,-65.44,-70.47,5.03,5783.87,5464.9,5145.93,,,,,,,,,,
14-Oct-25,28-Oct-25,TATAPOWER,Non-Hld,390.9,400,385.1,1.51,414.9,6.14,0.76,52.34,0.52,0.6,-0.08,398.84,391.41,383.98,,,,,,,,,,
14-Oct-25,28-Oct-25,TATASTEEL,Non-Hld,169.32,180,169.05,0.16,190.95,12.78,0.55,51.45,1.83,2.07,-0.23,175.75,171.49,167.23,,,,,,,,,,
14-Oct-25,28-Oct-25,TATATECH,Non-Hld,687.5,700,665.7,3.28,734.3,6.81,0.69,45.86,3.31,3.3,0.01,733.19,699.76,666.33,,,,,,,,,,
14-Oct-25,28-Oct-25,TCS,Non-Hld,2960,3100,2935.5,0.84,3264.5,10.29,0.55,42.64,-24.56,-30.23,5.66,3192.59,3005.79,2818.98,,,,,,,,,,
14-Oct-25,28-Oct-25,TECHM,Non-Hld,1468.9,1500,1425.1,3.08,1574.9,7.22,0.78,50.36,-12.32,-16.59,4.26,1544.63,1448.41,1352.2,,,,,,,,,,
14-Oct-25,28-Oct-25,TIINDIA,Non-Hld,3098,3200,3030.25,2.24,3369.75,8.78,0.52,44.6,-4.68,11.6,-16.28,3429.88,3213.75,2997.62,,,,,,,,,,
14-Oct-25,28-Oct-25,TITAGARH,Non-Hld,883,920,861.05,2.55,978.95,10.87,0.42,46.49,2.64,5.75,-3.12,956.33,907.65,858.97,,,,,,,,,,
14-Oct-25,28-Oct-25,TITAN,Non-Hld,3528,3400,3251.6,8.51,3548.4,0.58,0.55,55.02,-1.46,-18.8,17.34,3602.07,3463.58,3325.09,,,,,,,,,,
14-Oct-25,28-Oct-25,TMPV,Non-Hld,395,400,369.5,6.91,430.5,8.99,0.35,12.24,-26.44,-5.07,-21.37,813.05,678.22,543.39,,,,,,,,,,
14-Oct-25,28-Oct-25,TORNTPHARM,Non-Hld,3520.9,3500,3388.9,3.9,3611.1,2.57,0.5,43.55,-15.96,-10.52,-5.44,3651.73,3566.1,3480.47,,,,,,,,,,
14-Oct-25,28-Oct-25,TORNTPOWER,Non-Hld,1290,1300,1241.6,3.9,1358.4,5.31,0.64,59.42,-5.46,-13.73,8.27,1301.27,1249,1196.72,,,,,,,,,,
14-Oct-25,28-Oct-25,TRENT,Non-Hld,4604,5000,4586.1,0.4,5413.9,17.6,0.41,31.88,-150.92,-149.98,-0.94,5199.12,4828.77,4458.42,,,,,,,,,,
14-Oct-25,28-Oct-25,TVSMOTOR,Non-Hld,3502,3500,3355.35,4.38,3644.65,4.08,0.69,61.44,39.09,48.58,-9.5,3559.24,3483.74,3408.24,,,,,,,,,,
14-Oct-25,28-Oct-25,ULTRACEMCO,Non-Hld,12074,13000,12068.75,0.05,13931.25,15.39,0.59,43.16,-95.14,-95.8,0.66,12717.01,12261.55,11806.09,,,,,,,,,,
14-Oct-25,28-Oct-25,UNIONBANK,Non-Hld,136.99,140,132.8,3.16,147.2,7.46,0.56,51.14,1.15,1.21,-0.07,141.3,137.74,134.18,,,,,,,,,,
14-Oct-25,28-Oct-25,UNITDSPR,Non-Hld,1302.6,1400,1297.5,0.4,1502.5,15.35,0.63,41.59,0.22,3.15,-2.94,1367.62,1332.54,1297.46,,,,,,,,,,
14-Oct-25,28-Oct-25,UNOMINDA,Non-Hld,1180,1300,1192.95,-1.08,1407.05,19.25,0.42,35.87,-5.26,12.36,-17.62,1378.51,1295.33,1212.15,,,,,,,,,,
14-Oct-25,28-Oct-25,UPL,Non-Hld,669.6,680,653.8,2.42,706.2,5.47,0.58,43.52,-5.71,-6.93,1.22,706.19,676.61,647.03,,,,,,,,,,
14-Oct-25,28-Oct-25,VBL,Non-Hld,440.5,500,442.35,-0.41,557.65,26.6,0.52,37.17,-10.57,-11.37,0.8,474.86,451.14,427.42,,,,,,,,,,
14-Oct-25,28-Oct-25,VEDL,Non-Hld,480.95,480,457.9,5.04,502.1,4.4,0.81,65.7,10.57,9.45,1.11,486.69,464.87,443.05,,,,,,,,,,
14-Oct-25,28-Oct-25,VOLTAS,Non-Hld,1388.8,1400,1335,4.03,1465,5.49,0.77,53.02,1.61,-0.04,1.65,1429.02,1381.2,1333.38,,,,,,,,,,
14-Oct-25,28-Oct-25,WIPRO,Non-Hld,247.8,250,237.1,4.52,262.9,6.1,0.93,53.45,-0.8,-1.44,0.65,257.76,246.15,234.53,,,,,,,,,,
14-Oct-25,28-Oct-25,YESBANK,Non-Hld,23.31,24,22.6,3.15,25.4,8.97,0.67,69.97,0.81,0.62,0.19,23.68,21.82,19.95,,,,,,,,,,
14-Oct-25,28-Oct-25,ZYDUSLIFE,Non-Hld,978.1,1000,956.9,2.22,1043.1,6.65,0.53,40.9,-5.94,-2.76,-3.18,1056.4,1007.44,958.48,,,,,,,,,,
15-Oct-25,28-Oct-25,360ONE,Non-Hld,1161,1100,1021.2,13.69,1178.8,1.54,0.6,72.19,16.46,4.22,12.24,1147.27,1066.49,985.71,,,,,,,,,,
15-Oct-25,28-Oct-25,ABB,Holding,5181.5,5200,5007.6,3.48,5392.4,4.08,0.6,46.84,-24.6,-16.79,-7.81,5423.71,5232.21,5040.71,,,,,,,,,,
15-Oct-25,28-Oct-25,ABCAPITAL,Non-Hld,303.3,300,286,6.05,314,3.53,0.57,60.32,4.33,4.27,0.06,307.91,294.08,280.25,,,,,,,,,,
15-Oct-25,28-Oct-25,ADANIENSOL,Non-Hld,948,1000,926.55,2.32,1073.45,13.24,0.64,67.54,28.75,26.99,1.76,968.52,902.79,837.06,,,,,,,,,,
15-Oct-25,28-Oct-25,ADANIENT,Non-Hld,2538.8,2600,2475.2,2.57,2724.8,7.33,0.55,54.59,31.6,41.48,-9.87,2672.12,2544.1,2416.09,,,,,,,,,,
15-Oct-25,28-Oct-25,ADANIGREEN,Non-Hld,1049.7,1100,1022.35,2.68,1177.65,12.19,0.48,52.67,14.99,20.37,-5.38,1135.09,1055.22,975.34,,,,,,,,,,
15-Oct-25,28-Oct-25,ADANIPORTS,Non-Hld,1451.5,1400,1327.65,9.33,1472.35,1.44,0.68,64.1,12.67,10.62,2.04,1453.29,1415.43,1377.57,,,,,,,,,,
15-Oct-25,28-Oct-25,ALKEM,Non-Hld,5577,5600,5416.65,2.97,5783.35,3.71,0.63,64.09,40.92,45.14,-4.22,5574.99,5487.6,5400.21,,,,,,,,,,
15-Oct-25,28-Oct-25,AMBER,Non-Hld,8165,8500,7923.9,3.05,9076.1,11.16,0.5,51.31,104.38,142.09,-37.71,8439.86,8263.78,8087.69,,,,,,,,,,
15-Oct-25,28-Oct-25,AMBUJACEM,Non-Hld,567.75,600,564.95,0.5,635.05,11.86,0.62,45.27,-2.9,-2.36,-0.54,591.06,573.83,556.59,,,,,,,,,,
15-Oct-25,28-Oct-25,ANGELONE,Non-Hld,2445,2400,2236.1,9.35,2563.9,4.87,0.84,66.04,7.21,-30.35,37.56,2407.63,2245.7,2083.78,,,,,,,,,,
15-Oct-25,28-Oct-25,APLAPOLLO,Non-Hld,1732.6,1700,1632.25,6.15,1767.75,2.03,0.52,59.11,18.58,18.29,0.29,1762.53,1709.68,1656.83,,,,,,,,,,
15-Oct-25,28-Oct-25,APOLLOHOSP,Non-Hld,7814,7800,7603.15,2.78,7996.85,2.35,0.8,60.54,11.08,-11.03,22.11,7934.07,7657.25,7380.43,,,,,,,,,,
15-Oct-25,28-Oct-25,ASHOKLEY,Non-Hld,135.79,140,133.45,1.76,146.55,7.93,0.37,46.33,0.87,1.93,-1.06,144.3,139.62,134.94,,,,,,,,,,
15-Oct-25,28-Oct-25,ASIANPAINT,Non-Hld,2377,2400,2332.15,1.93,2467.85,3.83,0.64,44.97,-38.65,-39.27,0.62,2506.7,2386.11,2265.52,,,,,,,,,,
15-Oct-25,28-Oct-25,ASTRAL,Non-Hld,1437.9,1500,1425.5,0.87,1574.5,9.5,0.48,56.95,-0.24,-4.02,3.78,1473.71,1413.98,1354.25,,,,,,,,,,
15-Oct-25,28-Oct-25,AUBANK,Non-Hld,801.25,800,759,5.57,841,4.97,1.03,73.61,14.21,8.51,5.7,792.76,745.09,697.42,,,,,,,,,,
15-Oct-25,28-Oct-25,AUROPHARMA,Non-Hld,1111,1100,1052.25,5.59,1147.75,3.31,0.64,53.59,10.18,7.99,2.19,1139.87,1104,1068.12,,,,,,,,,,
15-Oct-25,28-Oct-25,AXISBANK,Non-Hld,1172.5,1200,1146.85,2.24,1253.15,6.88,0.6,56.31,20.77,22.24,-1.47,1208.53,1162.9,1117.26,,,,,,,,,,
15-Oct-25,28-Oct-25,BAJAJ-AUTO,Non-Hld,9015,9200,8868.85,1.65,9531.15,5.73,0.59,55.47,37.07,17.29,19.78,9186.23,8883.3,8580.37,,,,,,,,,,
15-Oct-25,28-Oct-25,BAJAJFINSV,Non-Hld,2082.9,2100,2032.2,2.5,2167.8,4.08,0.71,63.52,5.79,5.33,0.46,2092.5,2035.83,1979.16,,,,,,,,,,
15-Oct-25,28-Oct-25,BAJFINANCE,Non-Hld,1060.65,1020,963.05,10.14,1076.95,1.54,0.87,69.45,22.11,21.2,0.91,1049.18,1011.79,974.39,,,,,,,,,,
15-Oct-25,28-Oct-25,BANDHANBNK,Non-Hld,163.42,170,160.4,1.89,179.6,9.91,0.79,48.41,-0.06,-0.48,0.42,170.2,163.25,156.31,,,,,,,,,,
15-Oct-25,28-Oct-25,BANKBARODA,Non-Hld,268.1,285,266.45,0.62,303.55,13.23,0.69,67.9,6.38,5.83,0.55,272.28,258.25,244.21,,,,,,,,,,
15-Oct-25,28-Oct-25,BANKINDIA,Non-Hld,126.4,130,123.65,2.23,136.35,7.88,0.53,62.99,2.62,2.55,0.07,129.22,122.88,116.55,,,,,,,,,,
15-Oct-25,28-Oct-25,BDL,Non-Hld,1500.5,1600,1485.35,1.02,1714.65,14.28,0.56,44.62,-11.66,-7.1,-4.56,1642.06,1547.18,1452.3,,,,,,,,,,
15-Oct-25,28-Oct-25,BEL,Holding,408.35,410,395.75,3.19,424.25,3.9,0.53,55.22,4.74,5.45,-0.72,416.86,406.47,396.08,,,,,,,,,,
15-Oct-25,28-Oct-25,BHARATFORG,Non-Hld,1232,1220,1170.25,5.28,1269.75,3.07,0.66,55.43,6.27,7.19,-0.92,1275.96,1226.7,1177.43,,,,,,,,,,
15-Oct-25,28-Oct-25,BHARTIARTL,Non-Hld,1967,1960,1917.35,2.59,2002.65,1.82,0.58,62.63,10.52,5.51,5.01,1983.13,1929.77,1876.41,,,,,,,,,,
15-Oct-25,28-Oct-25,BHEL,Non-Hld,236.13,250,234.35,0.76,265.65,12.51,0.59,51.6,2.29,3.23,-0.94,245.65,237.73,229.81,,,,,,,,,,
15-Oct-25,28-Oct-25,BIOCON,Non-Hld,355.95,360,346.4,2.76,373.6,4.96,0.59,52.31,-2.15,-3.12,0.97,369.01,352.77,336.53,,,,,,,,,,
15-Oct-25,28-Oct-25,BLUESTARCO,Non-Hld,1920,2000,1898.55,1.13,2101.45,9.46,0.59,51.58,2.55,5.65,-3.1,1986.41,1919.27,1852.13,,,,,,,,,,
15-Oct-25,28-Oct-25,BOSCHLTD,Non-Hld,38370,40000,38255.5,0.3,41744.5,8.8,0.56,43.42,-318.97,-281.53,-37.44,39912.57,38761,37609.43,,,,,,,,,,
15-Oct-25,28-Oct-25,BPCL,Non-Hld,338.5,350,333.6,1.47,366.4,8.25,0.68,56.52,4.46,5.03,-0.57,348.85,334.98,321.1,,,,,,,,,,
15-Oct-25,28-Oct-25,BRITANNIA,Non-Hld,5863,6200,5860.1,0.05,6539.9,11.55,0.45,45.04,-21.31,5.17,-26.48,6120.47,5949.15,5777.83,,,,,,,,,,
15-Oct-25,28-Oct-25,BSE,Holding,2455.1,2500,2347.9,4.57,2652.1,8.03,0.74,67.18,47.18,-0.68,47.86,2486.44,2206.68,1926.91,,,,,,,,,,
15-Oct-25,28-Oct-25,CAMS,Holding,3837,4000,3782.5,1.45,4217.5,9.92,0.61,48.71,-16.29,-14.51,-1.79,4077.98,3875.12,3672.27,,,,,,,,,,
15-Oct-25,28-Oct-25,CANBK,Non-Hld,128.4,130,124.4,3.22,135.6,5.61,0.86,67.41,3.94,3.91,0.02,131.17,123.11,115.04,,,,,,,,,,
15-Oct-25,28-Oct-25,CDSL,Holding,1624,1700,1602.45,1.35,1797.55,10.69,0.69,63.17,17.12,2.83,14.29,1646.3,1542.96,1439.62,,,,,,,,,,
15-Oct-25,28-Oct-25,CGPOWER,Holding,756.85,760,722.25,4.8,797.75,5.41,0.57,55.2,3.85,6.44,-2.59,788.23,757.3,726.36,,,,,,,,,,
15-Oct-25,28-Oct-25,CHOLAFIN,Non-Hld,1705,1700,1629.8,4.62,1770.2,3.83,0.73,68,32.98,28.71,4.28,1674.52,1613.81,1553.1,,,,,,,,,,
15-Oct-25,28-Oct-25,CIPLA,Non-Hld,1556.1,1600,1539.85,1.06,1660.15,6.69,0.43,56.24,0.08,-5.9,5.97,1586.48,1531.12,1475.77,,,,,,,,,,
15-Oct-25,28-Oct-25,COALINDIA,Holding,384.8,390,380,1.27,400,3.96,0.69,47.16,-1.21,-0.18,-1.03,398.98,388.2,377.43,,,,,,,,,,
15-Oct-25,28-Oct-25,COFORGE,Non-Hld,1761,1700,1586,11.04,1814,3.01,0.69,60.15,3.65,-10.71,14.36,1839.81,1679.68,1519.54,,,,,,,,,,
15-Oct-25,28-Oct-25,COLPAL,Non-Hld,2231,2340,2207.2,1.08,2472.8,10.84,0.68,41.92,-30.5,-28.46,-2.03,2369.56,2259.15,2148.74,,,,,,,,,,
15-Oct-25,28-Oct-25,CONCOR,Non-Hld,529.5,540,520.7,1.7,559.3,5.63,0.67,43.26,-4.83,-5.3,0.47,559.54,536.28,513.03,,,,,,,,,,
15-Oct-25,28-Oct-25,CROMPTON,Non-Hld,287.85,300,284.5,1.18,315.5,9.61,0.52,37.76,-8.83,-8.76,-0.07,317.12,295.65,274.17,,,,,,,,,,
15-Oct-25,28-Oct-25,CUMMINSIND,Non-Hld,3958,4000,3865.1,2.41,4134.9,4.47,0.7,51.72,9.25,18.24,-8.99,4101.85,3976.18,3850.51,,,,,,,,,,
15-Oct-25,28-Oct-25,CYIENT,Non-Hld,1126.2,1300,1113.6,1.14,1486.4,31.99,0.5,34.2,-14.59,-11.87,-2.72,1249.36,1178.42,1107.48,,,,,,,,,,
15-Oct-25,28-Oct-25,DABUR,Non-Hld,493.9,500,485.45,1.75,514.55,4.19,0.48,40.4,-10.16,-9.55,-0.61,537.49,502.61,467.74,,,,,,,,,,
15-Oct-25,28-Oct-25,DALBHARAT,Non-Hld,2219.3,2400,2215,0.2,2585,16.48,0.54,34.45,-34.74,-29.52,-5.22,2444.18,2282.28,2120.38,,,,,,,,,,
15-Oct-25,28-Oct-25,DELHIVERY,Non-Hld,461.6,480,455.4,1.37,504.6,9.32,0.55,49.32,0.95,-0.24,1.2,489.32,461.36,433.4,,,,,,,,,,
15-Oct-25,28-Oct-25,DIVISLAB,Non-Hld,6556,6000,5393.7,21.55,6606.3,0.77,1.06,71.25,103.8,10.27,93.52,6638.2,6069.42,5500.65,,,,,,,,,,
15-Oct-25,28-Oct-25,DIXON,Non-Hld,16770,18000,16608.75,0.98,19391.25,15.64,0.62,43.61,-144.68,-75.76,-68.91,18689.71,17351.45,16013.19,,,,,,,,,,
15-Oct-25,28-Oct-25,DLF,Non-Hld,755.85,800,752.05,0.51,847.95,12.19,0.7,55.42,-5.28,-8.55,3.26,786.76,742.14,697.51,,,,,,,,,,
15-Oct-25,28-Oct-25,DMART,Non-Hld,4264.5,4700,4262.55,0.05,5137.45,20.48,0.38,33.96,-96.71,-66.32,-30.39,4836.84,4468.16,4099.49,,,,,,,,,,
15-Oct-25,28-Oct-25,DRREDDY,Non-Hld,1231,1320,1233.2,-0.17,1406.8,14.29,0.49,40.78,-9.46,-6.87,-2.59,1329.47,1265.86,1202.26,,,,,,,,,,
15-Oct-25,28-Oct-25,EICHERMOT,Non-Hld,6891.5,7000,6785.1,1.57,7214.9,4.7,0.68,57.14,104.51,151.65,-47.13,7049.97,6950.88,6851.78,,,,,,,,,,
15-Oct-25,28-Oct-25,ETERNAL,Non-Hld,355.4,335,307.4,15.62,362.6,2.03,0.7,72.17,7.25,5.8,1.45,354.65,336.93,319.2,,,,,,,,,,
15-Oct-25,28-Oct-25,EXIDEIND,Non-Hld,391.5,400,385.15,1.65,414.85,5.97,0.64,40.45,-2.56,-1.66,-0.9,419,400.06,381.12,,,,,,,,,,
15-Oct-25,28-Oct-25,FEDERALBNK,Non-Hld,216.5,225,212.9,1.7,237.1,9.52,0.66,79.02,4.57,2,2.57,215.55,199.46,183.37,,,,,,,,,,
15-Oct-25,28-Oct-25,FORTIS,Non-Hld,1092.9,1100,1058.2,3.28,1141.8,4.48,0.78,71.01,38.62,30.36,8.26,1112.3,1005.58,898.86,,,,,,,,,,
15-Oct-25,28-Oct-25,GAIL,Non-Hld,178.1,180,173.3,2.77,186.7,4.83,0.59,49.87,0.18,0.17,0.01,182.95,177.78,172.61,,,,,,,,,,
15-Oct-25,28-Oct-25,GLENMARK,Non-Hld,1889,2000,1882.15,0.37,2117.85,12.12,0.53,34.14,-31.5,-21.34,-10.16,2090.92,1977.41,1863.9,,,,,,,,,,
15-Oct-25,28-Oct-25,GMRAIRPORT,Non-Hld,90.02,95,89.6,0.47,100.4,11.54,0.51,54,0.16,0.06,0.1,92.69,89.53,86.37,,,,,,,,,,
15-Oct-25,28-Oct-25,GODREJCP,Non-Hld,1111,1200,1109.25,0.16,1290.75,16.18,0.5,28.99,-31.38,-26.09,-5.29,1254.13,1166.94,1079.75,,,,,,,,,,
15-Oct-25,28-Oct-25,GODREJPROP,Non-Hld,2132,2100,1999.9,6.61,2200.1,3.2,0.65,60.05,13.8,3.43,10.37,2159.33,2053.57,1947.81,,,,,,,,,,
15-Oct-25,28-Oct-25,GRASIM,Non-Hld,2815,2900,2798.65,0.59,3001.35,6.62,0.61,53.71,-0.26,-0.58,0.32,2881.72,2805.66,2729.6,,,,,,,,,,
15-Oct-25,28-Oct-25,HAL,Non-Hld,4839.7,5000,4777.85,1.3,5222.15,7.91,0.57,58.12,45.38,55.8,-10.42,4917.61,4807.79,4697.97,,,,,,,,,,
15-Oct-25,28-Oct-25,HAVELLS,Non-Hld,1464.4,1600,1463.4,0.07,1736.6,18.59,0.54,34.7,-23.59,-17.31,-6.29,1607.66,1518.79,1429.92,,,,,,,,,,
15-Oct-25,28-Oct-25,HCLTECH,Non-Hld,1496.1,1500,1452.45,3.01,1547.55,3.44,0.51,62.12,7.26,-4.47,11.73,1514.02,1433.62,1353.22,,,,,,,,,,
15-Oct-25,28-Oct-25,HDFCAMC,Non-Hld,5763,6000,5689.05,1.3,6310.95,9.51,0.47,56.64,-16.8,-19.79,3,5933.04,5670.42,5407.81,,,,,,,,,,
15-Oct-25,28-Oct-25,HDFCBANK,Non-Hld,978.5,1000,966.75,1.22,1033.25,5.6,0.73,57.15,2.69,0.21,2.48,990.45,966.72,942.99,,,,,,,,,,
15-Oct-25,28-Oct-25,HDFCLIFE,Non-Hld,761.8,800,753.65,1.09,846.35,11.1,0.53,49.7,-5.78,-4.87,-0.91,787.33,762.62,737.92,,,,,,,,,,
15-Oct-25,28-Oct-25,HEROMOTOCO,Non-Hld,5535,5600,5392.8,2.64,5807.2,4.92,0.62,61.27,101.89,111.75,-9.86,5652.18,5451.62,5251.07,,,,,,,,,,
15-Oct-25,28-Oct-25,HFCL,Non-Hld,77.39,80,74.15,4.37,85.85,10.94,0.52,57.44,0.55,0.32,0.23,77.9,75.03,72.15,,,,,,,,,,
15-Oct-25,28-Oct-25,HINDALCO,Non-Hld,765,780,752.6,1.65,807.4,5.55,0.62,57.38,10.23,11.99,-1.76,784.06,759.15,734.24,,,,,,,,,,
15-Oct-25,28-Oct-25,HINDPETRO,Non-Hld,448.05,450,429.1,4.42,470.9,5.1,0.51,63.4,12.85,13.06,-0.21,470.55,436.09,401.64,,,,,,,,,,
15-Oct-25,28-Oct-25,HINDUNILVR,Non-Hld,2515,2600,2499.45,0.63,2700.55,7.38,0.57,45.63,-18.24,-16.75,-1.49,2582.99,2531.16,2479.33,,,,,,,,,,
15-Oct-25,28-Oct-25,HINDZINC,Non-Hld,513,500,470.95,8.93,529.05,3.13,0.57,69.26,16.63,14.12,2.51,521.37,479.26,437.14,,,,,,,,,,
15-Oct-25,28-Oct-25,HUDCO,Non-Hld,229.39,230,219.65,4.44,240.35,4.78,0.51,53.15,2.48,3.09,-0.61,238.87,228.89,218.91,,,,,,,,,,
15-Oct-25,28-Oct-25,ICICIBANK,Non-Hld,1399,1400,1356.35,3.15,1443.65,3.2,0.81,55.62,-6.36,-10.46,4.1,1420.77,1380.92,1341.06,,,,,,,,,,
15-Oct-25,28-Oct-25,ICICIGI,Non-Hld,2025,2000,1920.2,5.46,2079.8,2.71,1.25,67.72,5.75,0.35,5.4,1957.11,1885.44,1813.77,,,,,,,,,,
15-Oct-25,28-Oct-25,ICICIPRULI,Non-Hld,589.9,600,578.5,1.98,621.5,5.36,0.45,40.86,-3.65,-3.86,0.22,608.82,597.24,585.66,,,,,,,,,,
15-Oct-25,28-Oct-25,IDEA,Non-Hld,8.79,10,8.55,2.81,11.45,30.27,0.56,56.95,0.34,0.39,-0.05,9.32,8.54,7.75,,,,,,,,,,
15-Oct-25,28-Oct-25,IDFCFIRSTB,Non-Hld,72.97,75,71.2,2.49,78.8,7.99,0.71,57.94,0.64,0.31,0.33,74.57,71.26,67.96,,,,,,,,,,
15-Oct-25,28-Oct-25,IEX,Holding,135.85,150,134.9,0.71,165.1,21.54,0.57,34.38,-2.18,-1.74,-0.44,149.37,141.49,133.62,,,,,,,,,,
15-Oct-25,28-Oct-25,IGL,Non-Hld,212.4,220,208.05,2.1,231.95,9.21,0.5,50.13,1.22,1.05,0.17,221.22,211.71,202.21,,,,,,,,,,
15-Oct-25,28-Oct-25,IIFL,Non-Hld,507.5,500,474.7,6.91,525.3,3.51,0.74,68.69,12.63,7.23,5.41,508.67,462.39,416.1,,,,,,,,,,
15-Oct-25,28-Oct-25,INDHOTEL,Non-Hld,728.15,800,729.75,-0.21,870.25,19.52,0.47,41.54,-10.17,-10.26,0.09,780.82,738.45,696.08,,,,,,,,,,
15-Oct-25,28-Oct-25,INDIANB,Non-Hld,775.5,780,743.55,4.3,816.45,5.29,0.82,68.99,24.93,22.95,1.98,798.69,737.76,676.83,,,,,,,,,,
15-Oct-25,28-Oct-25,INDIGO,Holding,5847.5,5800,5618.4,4.08,5981.6,2.3,0.82,59.89,6.88,-18.46,25.34,5834.25,5698.32,5562.4,,,,,,,,,,
15-Oct-25,28-Oct-25,INDUSINDBK,Non-Hld,741,750,709,4.52,791,6.75,0.9,46.23,-1.82,-4.48,2.66,764.7,742.22,719.74,,,,,,,,,,
15-Oct-25,28-Oct-25,INDUSTOWER,Non-Hld,345.15,360,340.55,1.36,379.45,9.94,0.72,44.24,-1.13,-0.07,-1.06,363.1,352.24,341.38,,,,,,,,,,
15-Oct-25,28-Oct-25,INFY,Non-Hld,1474.4,1560,1444.05,2.11,1675.95,13.67,0.46,47,-1.54,-3.71,2.16,1546.78,1485.78,1424.79,,,,,,,,,,
15-Oct-25,28-Oct-25,INOXWIND,Non-Hld,148.58,150,142.7,4.13,157.3,5.87,0.46,54.9,0.12,-0.79,0.92,154.61,145.02,135.43,,,,,,,,,,
15-Oct-25,28-Oct-25,IOC,Non-Hld,153.9,155,149.35,3.05,160.65,4.39,0.64,62.84,2.88,2.73,0.14,157.21,150.46,143.72,,,,,,,,,,
15-Oct-25,28-Oct-25,IRCTC,Holding,716,750,713.3,0.38,786.7,9.88,0.5,51.25,-2.94,-3.56,0.62,736.17,714.28,692.39,,,,,,,,,,
15-Oct-25,28-Oct-25,IREDA,Non-Hld,155.19,160,151.15,2.68,168.85,8.81,0.4,57.07,0.72,0.56,0.17,159.67,152.5,145.34,,,,,,,,,,
15-Oct-25,28-Oct-25,IRFC,Non-Hld,125.2,130,122.75,2,137.25,9.63,0.43,47.69,-0.27,-0.25,-0.02,129.97,125.9,121.83,,,,,,,,,,
15-Oct-25,28-Oct-25,ITC,Non-Hld,400.3,410,398.2,0.53,421.8,5.38,0.66,43.86,-2.64,-2.32,-0.32,411.38,403.28,395.17,,,,,,,,,,
15-Oct-25,28-Oct-25,JINDALSTEL,Non-Hld,1001.8,1100,1001.1,0.07,1198.9,19.68,0.45,42.54,-3.21,5.08,-8.29,1082.14,1038.71,995.28,,,,,,,,,,
15-Oct-25,28-Oct-25,JIOFIN,Non-Hld,312.8,320,305.45,2.41,334.55,6.96,0.67,55.29,-1.24,-2.51,1.27,320.77,306.65,292.53,,,,,,,,,,
15-Oct-25,28-Oct-25,JSWENERGY,Non-Hld,547,550,522.5,4.69,577.5,5.58,0.47,57.56,5.21,4.85,0.36,552.59,538.41,524.24,,,,,,,,,,
15-Oct-25,28-Oct-25,JSWSTEEL,Non-Hld,1163,1200,1145.55,1.53,1254.45,7.87,0.68,60.48,18.73,20.38,-1.65,1180.07,1144.32,1108.56,,,,,,,,,,
15-Oct-25,28-Oct-25,JUBLFOOD,Non-Hld,586.95,650,586.1,0.15,713.9,21.63,0.41,31.32,-12.07,-9.26,-2.81,640.73,612.92,585.12,,,,,,,,,,
15-Oct-25,28-Oct-25,KALYANKJIL,Non-Hld,476.8,500,469,1.67,531,11.37,0.49,44.15,-8.77,-10.43,1.67,522.46,482.55,442.63,,,,,,,,,,
15-Oct-25,28-Oct-25,KAYNES,Non-Hld,6965,7000,6596.25,5.6,7403.75,6.3,0.43,47.5,52.81,133.31,-80.5,7589.21,7197.68,6806.14,,,,,,,,,,
15-Oct-25,28-Oct-25,KEI,Non-Hld,4452,4400,4162.05,6.97,4637.95,4.18,0.65,71.91,84.29,60.18,24.11,4391.79,4174.93,3958.07,,,,,,,,,,
15-Oct-25,28-Oct-25,KFINTECH,Holding,1121.8,1100,1037.65,8.11,1162.35,3.62,0.54,57.45,0.94,-7.38,8.33,1153.85,1084.74,1015.64,,,,,,,,,,
15-Oct-25,28-Oct-25,KOTAKBANK,Non-Hld,2148.2,2100,2014.4,6.65,2185.6,1.75,1.01,68.21,40.17,30.8,9.37,2195.42,2076.6,1957.77,,,,,,,,,,
15-Oct-25,28-Oct-25,KPITTECH,Non-Hld,1163.1,1200,1135.35,2.45,1264.65,8.74,0.67,43.07,-21.53,-18.87,-2.65,1314.82,1200.25,1085.68,,,,,,,,,,
15-Oct-25,28-Oct-25,LAURUSLABS,Non-Hld,875,900,845,3.56,955,9.15,0.56,50.85,-1.44,-1.33,-0.12,932.3,878.52,824.73,,,,,,,,,,
15-Oct-25,28-Oct-25,LICHSGFIN,Non-Hld,569.2,600,568.3,0.16,631.7,10.99,0.73,49.22,-0.81,-0.15,-0.66,592.59,573.73,554.87,,,,,,,,,,
15-Oct-25,28-Oct-25,LICI,Non-Hld,900.35,900,869.95,3.5,930.05,3.3,0.42,52.87,3.43,3.41,0.02,913.84,896.73,879.62,,,,,,,,,,
15-Oct-25,28-Oct-25,LODHA,Non-Hld,1171,1180,1120.75,4.49,1239.25,5.83,0.59,51.17,-15.49,-20.57,5.08,1224.3,1159.93,1095.56,,,,,,,,,,
15-Oct-25,28-Oct-25,LT,Non-Hld,3823.6,3800,3708.55,3.11,3891.45,1.78,0.51,67.55,44.98,36.88,8.1,3811.78,3711.98,3612.19,,,,,,,,,,
15-Oct-25,28-Oct-25,LTF,Non-Hld,271.36,260,241.95,12.16,278.05,2.47,1,70.22,9.41,8.88,0.53,271.27,253.28,235.3,,,,,,,,,,
15-Oct-25,28-Oct-25,LTIM,Non-Hld,5626,5600,5315.4,5.85,5884.6,4.6,0.74,68.58,70.68,34.53,36.14,5633,5320.08,5007.15,,,,,,,,,,
15-Oct-25,28-Oct-25,LUPIN,Non-Hld,1940,2000,1914.85,1.32,2085.15,7.49,0.62,46.84,-7.03,-4.38,-2.66,2053.45,1967.66,1881.87,,,,,,,,,,
15-Oct-25,28-Oct-25,M%26M,Non-Hld,3494.4,3600,3453.6,1.19,3746.4,7.22,0.43,53.23,2.15,10.43,-8.27,3652.89,3502.23,3351.57,,,,,,,,,,
15-Oct-25,28-Oct-25,MANAPPURAM,Non-Hld,288.65,300,285.05,1.27,314.95,9.12,0.55,53.9,1.93,2.67,-0.74,297.36,287.64,277.92,,,,,,,,,,
15-Oct-25,28-Oct-25,MANKIND,Non-Hld,2440,2600,2418.8,0.88,2781.2,13.99,0.41,40.5,-28.14,-23.71,-4.43,2637.03,2500.5,2363.96,,,,,,,,,,
15-Oct-25,28-Oct-25,MARICO,Non-Hld,707.8,720,698.5,1.34,741.5,4.77,0.59,46.78,-2.29,-2.95,0.66,723.41,709.81,696.21,,,,,,,,,,
15-Oct-25,28-Oct-25,MARUTI,Non-Hld,16218,16200,15764.05,2.88,16635.95,2.58,0.54,65.56,345.85,404.09,-58.24,16410.86,16057.35,15703.84,,,,,,,,,,
15-Oct-25,28-Oct-25,MAXHEALTH,Non-Hld,1158,1200,1141.25,1.47,1258.75,8.71,0.7,50.87,-6.87,-13.47,6.59,1188.92,1140.32,1091.73,,,,,,,,,,
15-Oct-25,28-Oct-25,MAZDOCK,Non-Hld,2850.5,3000,2803.6,1.68,3196.4,12.14,0.47,50.61,3.14,10.47,-7.33,3024.08,2881.27,2738.46,,,,,,,,,,
15-Oct-25,28-Oct-25,MCX,Holding,9533,9000,8281.3,15.12,9718.7,1.95,1.02,81.91,341.11,183.74,157.37,9260.89,8281.8,7302.71,,,,,,,,,,
15-Oct-25,28-Oct-25,MFSL,Non-Hld,1607.7,1640,1580.05,1.75,1699.95,5.74,0.61,55.16,5.82,2.45,3.37,1628.12,1581.04,1533.97,,,,,,,,,,
15-Oct-25,28-Oct-25,MOTHERSON,Holding,104.9,110,103.5,1.36,116.5,11.06,0.48,52.16,0.64,1.19,-0.55,111.33,106.35,101.37,,,,,,,,,,
15-Oct-25,28-Oct-25,MPHASIS,Non-Hld,2785,2900,2752.4,1.19,3047.6,9.43,0.5,49.09,-16.6,-18.35,1.75,2988.13,2786.53,2584.93,,,,,,,,,,
15-Oct-25,28-Oct-25,MUTHOOTFIN,Non-Hld,3263,3200,3050.9,6.96,3349.1,2.64,0.7,69.21,101.75,103.18,-1.43,3332.94,3119.48,2906.01,,,,,,,,,,
15-Oct-25,28-Oct-25,NATIONALUM,Non-Hld,226.03,230,219.25,3.1,240.75,6.52,0.69,65.18,6.45,5.8,0.64,231.68,215.33,198.99,,,,,,,,,,
15-Oct-25,28-Oct-25,NAUKRI,Non-Hld,1338,1400,1322.2,1.2,1477.8,10.45,0.52,45.49,-8.96,-6.98,-1.98,1415.38,1355.32,1295.26,,,,,,,,,,
15-Oct-25,28-Oct-25,NBCC,Non-Hld,111.56,115,108.6,2.73,121.4,8.83,0.5,54.24,1.32,1.31,0.02,115.59,110.81,106.03,,,,,,,,,,
15-Oct-25,28-Oct-25,NCC,Non-Hld,211.49,210,201.3,5.07,218.7,3.41,0.51,52.26,-0.99,-1.2,0.21,217.45,209.89,202.32,,,,,,,,,,
15-Oct-25,28-Oct-25,NESTLEIND,Non-Hld,1222.3,1200,1150.85,6.21,1249.15,2.2,0.74,62.09,3.84,0.84,3,1216.77,1181.62,1146.46,,,,,,,,,,
15-Oct-25,28-Oct-25,NHPC,Non-Hld,87.13,90,85.85,1.5,94.15,8.06,0.48,56.93,0.81,0.95,-0.14,88.25,86.46,84.68,,,,,,,,,,
15-Oct-25,28-Oct-25,NMDC,Non-Hld,76.7,80,75.7,1.33,84.3,9.91,0.53,54.54,0.8,0.98,-0.17,78.33,76.57,74.81,,,,,,,,,,
15-Oct-25,28-Oct-25,NTPC,Non-Hld,339.2,345,336.55,0.79,353.45,4.21,0.35,52.85,1.19,1.55,-0.36,345.21,339.4,333.58,,,,,,,,,,
15-Oct-25,28-Oct-25,NUVAMA,Non-Hld,7250,7000,6594.45,9.95,7405.55,2.15,0.9,69.23,179.82,83.3,96.52,7462.02,6632.95,5803.88,,,,,,,,,,
15-Oct-25,28-Oct-25,NYKAA,Non-Hld,261.32,260,249.8,4.62,270.2,3.4,0.66,63.75,7.56,6.33,1.23,270.46,247.23,223.99,,,,,,,,,,
15-Oct-25,28-Oct-25,OBEROIRLTY,Non-Hld,1609.2,1600,1510.4,6.55,1689.6,5,0.59,47.21,-14.04,-13.35,-0.69,1678.61,1612.82,1547.03,,,,,,,,,,
15-Oct-25,28-Oct-25,OFSS,Non-Hld,8780,9500,8637,1.66,10363,18.03,0.54,45.6,74.38,88.66,-14.28,9512.02,8977.52,8443.03,,,,,,,,,,
15-Oct-25,28-Oct-25,OIL,Non-Hld,421.1,420,402.35,4.67,437.65,3.94,0.53,60.18,3.48,2.65,0.83,425.75,412.87,399.99,,,,,,,,,,
15-Oct-25,28-Oct-25,ONGC,Non-Hld,247.79,250,243.75,1.66,256.25,3.42,0.4,65.12,2.59,2.09,0.5,248.62,241.24,233.87,,,,,,,,,,
15-Oct-25,28-Oct-25,PAGEIND,Non-Hld,40700,43000,40379,0.8,45621,12.1,0.31,33.28,-924.44,-855.76,-68.68,44668.15,42169.25,39670.35,,,,,,,,,,
15-Oct-25,28-Oct-25,PATANJALI,Non-Hld,584.6,600,572.95,2.04,627.05,7.27,0.42,42.29,-2.93,-2.18,-0.74,610.94,594.31,577.68,,,,,,,,,,
15-Oct-25,28-Oct-25,PAYTM,Non-Hld,1274.9,1300,1235,3.24,1365,7.07,0.73,64.75,17.93,8.46,9.47,1291.69,1196.69,1101.69,,,,,,,,,,
15-Oct-25,28-Oct-25,PERSISTENT,Non-Hld,5725,5500,5166.55,10.81,5833.45,1.9,1.12,68.44,39.53,-18.11,57.64,5708.39,5245.1,4781.81,,,,,,,,,,
15-Oct-25,28-Oct-25,PETRONET,Non-Hld,280,270,255.65,9.53,284.35,1.56,0.95,51.06,0.77,0.47,0.31,287.62,278.17,268.71,,,,,,,,,,
15-Oct-25,28-Oct-25,PFC,Holding,405.2,410,394.6,2.69,425.4,4.99,0.75,51.03,0.08,0.81,-0.72,415,406.21,397.41,,,,,,,,,,
15-Oct-25,28-Oct-25,PGEL,Non-Hld,570.75,600,558.75,2.15,641.25,12.36,0.71,55.46,-2.42,-11.69,9.27,599.2,543.67,488.13,,,,,,,,,,
15-Oct-25,28-Oct-25,PHOENIXLTD,Non-Hld,1675,1700,1622.6,3.23,1777.4,6.12,0.81,69.68,21.28,15.47,5.81,1667.19,1598.05,1528.91,,,,,,,,,,
15-Oct-25,28-Oct-25,PIDILITIND,Non-Hld,1500,1550,1496.5,0.24,1603.5,6.9,0.62,48.48,-6.3,-8.78,2.48,1538.12,1498.02,1457.93,,,,,,,,,,
15-Oct-25,28-Oct-25,PIIND,Non-Hld,3555,3600,3469.85,2.46,3730.15,4.93,0.62,42.23,-53.01,-60.53,7.52,3743.5,3592.17,3440.84,,,,,,,,,,
15-Oct-25,28-Oct-25,PNB,Non-Hld,116.51,120,114.45,1.8,125.55,7.76,0.8,63.11,2.22,2,0.22,117.84,113.25,108.67,,,,,,,,,,
15-Oct-25,28-Oct-25,PNBHOUSING,Non-Hld,849,900,834.25,1.77,965.75,13.76,0.69,46.48,3.78,8.64,-4.86,907.82,871.2,834.59,,,,,,,,,,
15-Oct-25,28-Oct-25,POLICYBZR,Non-Hld,1676.9,1800,1666.8,0.61,1933.2,15.29,0.64,37.44,-24.72,-23.62,-1.1,1825.74,1737.92,1650.1,,,,,,,,,,
15-Oct-25,28-Oct-25,POLYCAB,Non-Hld,7670,8000,7520.9,1.99,8479.1,10.55,0.53,62.38,115.56,109.39,6.17,7798.75,7515.4,7232.05,,,,,,,,,,
15-Oct-25,28-Oct-25,POWERGRID,Holding,291.9,300,289.65,0.78,310.35,6.33,0.5,56.47,0.71,0.24,0.47,293.35,286.5,279.65,,,,,,,,,,
15-Oct-25,28-Oct-25,POWERINDIA,Non-Hld,17471,18000,16859.8,3.63,19140.2,9.56,0.21,34.36,-510.14,-429.43,-80.71,19991.99,18457.65,16923.31,,,,,,,,,,
15-Oct-25,28-Oct-25,PPLPHARMA,Non-Hld,193.7,210,192.2,0.79,227.8,17.61,0.55,46.04,-0.58,-0.26,-0.33,206.99,197.24,187.48,,,,,,,,,,
15-Oct-25,28-Oct-25,PRESTIGE,Non-Hld,1684.5,1700,1620.6,3.95,1779.4,5.64,0.7,64.15,7.68,-6.71,14.39,1678.21,1576.32,1474.43,,,,,,,,,,
15-Oct-25,28-Oct-25,RBLBANK,Non-Hld,299.85,300,277.45,8.08,322.55,7.58,0.44,74.72,7.1,5.25,1.85,296.6,278.23,259.85,,,,,,,,,,
15-Oct-25,28-Oct-25,RECLTD,Non-Hld,377,380,363.15,3.82,396.85,5.27,0.87,50.63,-0.98,-0.58,-0.4,388.31,377.07,365.84,,,,,,,,,,
15-Oct-25,28-Oct-25,RELIANCE,Non-Hld,1374.7,1400,1352.4,1.65,1447.6,5.31,0.66,46.58,-4.05,-4.51,0.46,1411.03,1381.52,1352.01,,,,,,,,,,
15-Oct-25,28-Oct-25,RVNL,Non-Hld,339.3,360,333,1.9,387,14.06,0.36,46.11,-0.72,0.87,-1.59,365.23,347.65,330.07,,,,,,,,,,
15-Oct-25,28-Oct-25,SAIL,Non-Hld,129.75,140,129,0.59,151,16.38,0.49,47.3,0.58,1.41,-0.83,138.22,133.61,129,,,,,,,,,,
15-Oct-25,28-Oct-25,SAMMAANCAP,Non-Hld,165.1,160,151.75,8.8,168.25,1.91,0.98,68.09,8.09,7.68,0.41,177.33,152.52,127.72,,,,,,,,,,
15-Oct-25,28-Oct-25,SBICARD,Non-Hld,931,900,857.3,8.6,942.7,1.26,0.62,70.09,20.16,17.93,2.23,936.24,894.42,852.6,,,,,,,,,,
15-Oct-25,28-Oct-25,SBILIFE,Non-Hld,1841.1,1800,1730.1,6.42,1869.9,1.57,0.55,58.74,-1.02,-5.86,4.84,1851.92,1807.8,1763.68,,,,,,,,,,
15-Oct-25,28-Oct-25,SBIN,Non-Hld,886.9,900,875.4,1.32,924.6,4.26,0.59,65.95,12.95,12.6,0.36,885.53,867.22,848.9,,,,,,,,,,
15-Oct-25,28-Oct-25,SHREECEM,Non-Hld,29885,30000,29083,2.76,30917,3.46,0.73,55.01,-82.72,-161.21,78.49,30072.68,29539,29005.32,,,,,,,,,,
15-Oct-25,28-Oct-25,SHRIRAMFIN,Non-Hld,677.95,680,651.65,4.04,708.35,4.49,0.8,68.78,15.69,11.87,3.83,691.69,643.46,595.24,,,,,,,,,,
15-Oct-25,28-Oct-25,SIEMENS,Holding,3118,3300,3099.6,0.6,3500.4,12.27,0.42,44.56,-14.23,-2.44,-11.79,3342.78,3188.62,3034.46,,,,,,,,,,
15-Oct-25,28-Oct-25,SOLARINDS,Non-Hld,14025,15000,13957.95,0.49,16042.05,14.39,0.63,48.66,-80.19,-115.09,34.9,14838.63,14074.45,13310.27,,,,,,,,,,
15-Oct-25,28-Oct-25,SONACOMS,Non-Hld,453.85,460,434.05,4.57,485.95,7.08,0.57,62.54,0.64,-4.84,5.48,452.47,423.7,394.94,,,,,,,,,,
15-Oct-25,28-Oct-25,SRF,Non-Hld,3082.9,3100,2987.2,3.21,3212.8,4.22,0.85,69.98,32.4,10.33,22.08,3090.49,2938.01,2785.53,,,,,,,,,,
15-Oct-25,28-Oct-25,SUNPHARMA,Non-Hld,1652.7,1680,1634.7,1.11,1725.3,4.4,0.87,55.91,11.09,7.33,3.76,1684.99,1636.95,1588.9,,,,,,,,,,
15-Oct-25,28-Oct-25,SUPREMEIND,Non-Hld,4205.1,4500,4164.9,0.97,4835.1,14.99,0.43,43.06,-59,-58.14,-0.86,4471.83,4269.22,4066.6,,,,,,,,,,
15-Oct-25,28-Oct-25,SUZLON,Non-Hld,53.93,56,53.05,1.66,58.95,9.31,0.45,35.43,-1.35,-1.32,-0.03,60.57,55.86,51.15,,,,,,,,,,
15-Oct-25,28-Oct-25,SYNGENE,Non-Hld,627.8,640,612.5,2.5,667.5,6.33,0.56,44.13,-5.4,-5.78,0.38,664.75,637.04,609.32,,,,,,,,,,
15-Oct-25,28-Oct-25,TATACONSUM,Non-Hld,1112.2,1200,1115.45,-0.29,1284.55,15.5,0.38,48.94,5.09,8.67,-3.58,1145.46,1127.79,1110.13,,,,,,,,,,
15-Oct-25,28-Oct-25,TATAELXSI,Non-Hld,5364,5500,5237.3,2.42,5762.7,7.44,0.37,43.54,-64,-69.17,5.18,5749.2,5447.92,5146.65,,,,,,,,,,
15-Oct-25,28-Oct-25,TATAPOWER,Non-Hld,397,400,388.2,2.27,411.8,3.73,0.83,58.28,0.96,0.67,0.29,398.93,391.44,383.94,,,,,,,,,,
15-Oct-25,28-Oct-25,TATASTEEL,Non-Hld,173,180,171.8,0.7,188.2,8.79,0.62,56.23,1.82,2.02,-0.2,175.87,171.55,167.22,,,,,,,,,,
15-Oct-25,28-Oct-25,TATATECH,Non-Hld,697,700,669.15,4.17,730.85,4.86,0.7,49.21,2.64,3.17,-0.53,732.02,698.96,665.91,,,,,,,,,,
15-Oct-25,28-Oct-25,TCS,Non-Hld,2970,3100,2956.6,0.46,3243.4,9.21,0.55,45.28,-23.99,-28.98,4.99,3175.33,2997.57,2819.82,,,,,,,,,,
15-Oct-25,28-Oct-25,TECHM,Non-Hld,1455,1460,1408.65,3.3,1511.35,3.88,0.7,48.18,-10.95,-15.46,4.51,1535.97,1444.83,1353.69,,,,,,,,,,
15-Oct-25,28-Oct-25,TIINDIA,Non-Hld,3161.1,3200,3065.75,3.12,3334.25,5.48,0.51,49.26,-4.76,8.33,-13.08,3400.05,3201.04,3002.03,,,,,,,,,,
15-Oct-25,28-Oct-25,TITAGARH,Non-Hld,890.1,900,852,4.48,948,6.51,0.44,48.7,1.85,4.97,-3.13,952.27,905.22,858.18,,,,,,,,,,
15-Oct-25,28-Oct-25,TITAN,Non-Hld,3543.2,3400,3233.15,9.59,3566.85,0.67,0.53,56.28,2.98,-14.44,17.42,3600.67,3463.19,3325.71,,,,,,,,,,
15-Oct-25,28-Oct-25,TMPV,Non-Hld,391.9,400,376.5,4.1,423.5,8.07,0.37,12.09,-44.5,-12.95,-31.55,844.89,662.1,479.32,,,,,,,,,,
15-Oct-25,28-Oct-25,TORNTPHARM,Non-Hld,3534.7,3500,3398.35,4.02,3601.65,1.9,0.47,45.39,-15.91,-11.6,-4.31,3651.8,3565.96,3480.13,,,,,,,,,,
15-Oct-25,28-Oct-25,TORNTPOWER,Non-Hld,1307.5,1300,1250.15,4.59,1349.85,3.24,0.66,62.26,-0.39,-11.06,10.67,1309.81,1251.38,1192.96,,,,,,,,,,
15-Oct-25,28-Oct-25,TRENT,Non-Hld,4739,5000,4690.85,1.03,5309.15,12.04,0.45,40.26,-140.48,-148.08,7.6,5150,4807.6,4465.21,,,,,,,,,,
15-Oct-25,28-Oct-25,TVSMOTOR,Non-Hld,3570,3600,3461.2,3.15,3738.8,4.73,0.81,69.3,43.3,47.53,-4.23,3572.66,3487.49,3402.32,,,,,,,,,,
15-Oct-25,28-Oct-25,ULTRACEMCO,Non-Hld,12287,13000,12254,0.27,13746,11.88,0.68,51.16,-76.98,-92.04,15.06,12680.85,12248.2,11815.55,,,,,,,,,,
15-Oct-25,28-Oct-25,UNIONBANK,Non-Hld,139.28,140,133.7,4.18,146.3,5.05,0.61,56.04,1.2,1.21,-0.01,141.26,138,134.74,,,,,,,,,,
15-Oct-25,28-Oct-25,UNITDSPR,Non-Hld,1333,1400,1326.3,0.51,1473.7,10.56,0.61,51.05,0.5,2.62,-2.12,1367.75,1332.7,1297.64,,,,,,,,,,
15-Oct-25,28-Oct-25,UNOMINDA,Non-Hld,1211.8,1300,1199.6,1.02,1400.4,15.57,0.42,40.08,-9.82,7.92,-17.74,1380.22,1289.64,1199.07,,,,,,,,,,
15-Oct-25,28-Oct-25,UPL,Non-Hld,678,680,657.25,3.16,702.75,3.66,0.58,48.31,-5.05,-6.56,1.5,702.43,675.36,648.29,,,,,,,,,,
15-Oct-25,28-Oct-25,VBL,Non-Hld,444.4,500,444.9,-0.11,555.1,24.91,0.51,40.93,-9.8,-11.06,1.26,473.47,450.26,427.06,,,,,,,,,,
15-Oct-25,28-Oct-25,VEDL,Non-Hld,481.85,480,459.95,4.77,500.05,3.78,0.8,67.3,10.66,9.7,0.97,489.09,465.96,442.82,,,,,,,,,,
15-Oct-25,28-Oct-25,VOLTAS,Non-Hld,1410,1400,1345.55,4.79,1454.45,3.16,0.8,57.27,3.96,0.76,3.2,1428.56,1381.08,1333.59,,,,,,,,,,
15-Oct-25,28-Oct-25,WIPRO,Non-Hld,250.4,250,237.95,5.24,262.05,4.66,0.88,56.01,-0.36,-1.22,0.87,257.16,245.96,234.75,,,,,,,,,,
15-Oct-25,28-Oct-25,YESBANK,Non-Hld,23.37,24,22.65,3.18,25.35,8.48,0.66,69.97,0.81,0.66,0.15,23.87,21.93,20,,,,,,,,,,
15-Oct-25,28-Oct-25,ZYDUSLIFE,Non-Hld,975.6,1100,984.2,-0.87,1215.8,24.63,0.52,40.23,-6.89,-3.59,-3.3,1053.57,1004.58,955.6,,,,,,,,,,
16-Oct-25,28-Oct-25,360ONE,Non-Hld,1169.7,1100,1014.55,15.3,1185.45,1.35,0.59,73.73,21.68,7.71,13.96,1161.75,1069.93,978.11,,,,,,,,,,
16-Oct-25,28-Oct-25,ABB,Holding,5200,5200,5013.8,3.72,5386.2,3.59,0.66,50.64,-20.12,-17.45,-2.67,5401.66,5223.52,5045.38,,,,,,,,,,
16-Oct-25,28-Oct-25,ABCAPITAL,Non-Hld,300,300,287.25,4.44,312.75,4.25,0.57,56.52,4.22,4.26,-0.04,308.12,294.88,281.64,,,,,,,,,,
16-Oct-25,28-Oct-25,ADANIENSOL,Non-Hld,945,1000,931.5,1.45,1068.5,13.07,0.64,68.28,28.99,27.39,1.61,967.3,908.87,850.43,,,,,,,,,,
16-Oct-25,28-Oct-25,ADANIENT,Non-Hld,2554.5,2600,2488.7,2.65,2711.3,6.14,0.54,57.58,31.13,39.41,-8.27,2662.08,2551.88,2441.69,,,,,,,,,,
16-Oct-25,28-Oct-25,ADANIGREEN,Non-Hld,1059,1100,1028.6,2.96,1171.4,10.62,0.5,56.17,14.79,19.26,-4.46,1131.17,1059.26,987.35,,,,,,,,,,
16-Oct-25,28-Oct-25,ADANIPORTS,Non-Hld,1477,1400,1312.4,12.55,1487.6,0.72,0.72,69.48,16.64,11.83,4.81,1465.82,1419.1,1372.38,,,,,,,,,,
16-Oct-25,28-Oct-25,ALKEM,Non-Hld,5542,5600,5441.75,1.85,5758.25,3.91,0.63,58.32,40.61,44.23,-3.62,5578.67,5490.18,5401.68,,,,,,,,,,
16-Oct-25,28-Oct-25,AMBER,Non-Hld,8210,8500,7972.95,2.98,9027.05,9.96,0.5,54.59,97.42,133.16,-35.74,8437.4,8261.35,8085.3,,,,,,,,,,
16-Oct-25,28-Oct-25,AMBUJACEM,Non-Hld,570.3,600,568.1,0.39,631.9,10.81,0.61,47.91,-2.63,-2.41,-0.22,590.1,573.21,556.32,,,,,,,,,,
16-Oct-25,28-Oct-25,ANGELONE,Non-Hld,2472,2500,2375,4.09,2625,6.19,0.83,68.56,21.15,-20.05,41.2,2449.49,2257.41,2065.33,,,,,,,,,,
16-Oct-25,28-Oct-25,APLAPOLLO,Non-Hld,1727.7,1700,1637.05,5.54,1762.95,2.05,0.5,56.94,17.48,18.13,-0.65,1764.17,1711.62,1659.07,,,,,,,,,,
16-Oct-25,28-Oct-25,APOLLOHOSP,Non-Hld,7835,7800,7613.45,2.91,7986.55,1.94,0.86,60.95,22.08,-4.41,26.49,7923.16,7654.52,7385.89,,,,,,,,,,
16-Oct-25,28-Oct-25,ASHOKLEY,Non-Hld,137.05,140,134.25,2.09,145.75,6.35,0.38,50.66,0.75,1.69,-0.95,144.27,139.64,135.01,,,,,,,,,,
16-Oct-25,28-Oct-25,ASIANPAINT,Non-Hld,2409.3,2500,2399.05,0.43,2600.95,7.96,0.62,51.6,-31.81,-37.78,5.97,2492.69,2381.92,2271.14,,,,,,,,,,
16-Oct-25,28-Oct-25,ASTRAL,Non-Hld,1447,1500,1430.3,1.17,1569.7,8.48,0.5,58.43,2.16,-2.78,4.94,1471,1413.24,1355.47,,,,,,,,,,
16-Oct-25,28-Oct-25,AUBANK,Non-Hld,795,800,758.95,4.75,841.05,5.8,0.94,71.39,16.06,10.02,6.04,799.56,749.58,699.59,,,,,,,,,,
16-Oct-25,28-Oct-25,AUROPHARMA,Non-Hld,1105,1100,1056.4,4.61,1143.6,3.5,0.64,52.7,9.28,8.25,1.03,1140.2,1104.53,1068.85,,,,,,,,,,
16-Oct-25,28-Oct-25,AXISBANK,Non-Hld,1195.9,1200,1169.05,2.3,1230.95,2.94,0.58,62.39,21.27,22.05,-0.77,1210.95,1166.41,1121.87,,,,,,,,,,
16-Oct-25,28-Oct-25,BAJAJ-AUTO,Non-Hld,9144.5,9200,8925.15,2.46,9474.85,3.62,0.65,61.03,52.72,24.37,28.35,9199.8,8886.67,8573.55,,,,,,,,,,
16-Oct-25,28-Oct-25,BAJAJFINSV,Non-Hld,2087.9,2100,2046.7,2.02,2153.3,3.14,0.76,64.5,10.11,6.28,3.82,2098.34,2037.49,1976.64,,,,,,,,,,
16-Oct-25,28-Oct-25,BAJFINANCE,Non-Hld,1065.5,1020,966.8,10.21,1073.2,0.73,0.92,70.53,24.04,21.77,2.28,1058.78,1014.7,970.61,,,,,,,,,,
16-Oct-25,28-Oct-25,BANDHANBNK,Non-Hld,161.65,165,157,2.97,173,7.03,0.71,46,-0.26,-0.43,0.18,170.09,163.12,156.15,,,,,,,,,,
16-Oct-25,28-Oct-25,BANKBARODA,Non-Hld,266.15,285,265.3,0.33,304.7,14.49,0.64,63.82,6.19,5.9,0.29,272.48,259.26,246.03,,,,,,,,,,
16-Oct-25,28-Oct-25,BANKINDIA,Non-Hld,125.21,130,123.15,1.68,136.85,9.3,0.54,59.83,2.49,2.54,-0.05,129.42,123.17,116.93,,,,,,,,,,
16-Oct-25,28-Oct-25,BDL,Non-Hld,1504.8,1600,1494.5,0.69,1705.5,13.34,0.57,45.35,-12.05,-8.09,-3.96,1630.89,1541.23,1451.57,,,,,,,,,,
16-Oct-25,28-Oct-25,BEL,Holding,412,410,396.6,3.89,423.4,2.77,0.55,57.74,4.79,5.32,-0.53,416.8,406.45,396.1,,,,,,,,,,
16-Oct-25,28-Oct-25,BHARATFORG,Non-Hld,1265,1300,1245.6,1.56,1354.4,7.07,0.62,62.44,9.39,7.63,1.76,1275.23,1226.53,1177.82,,,,,,,,,,
16-Oct-25,28-Oct-25,BHARTIARTL,Non-Hld,1970.2,1960,1919.15,2.67,2000.85,1.56,0.57,62.23,12.21,6.85,5.36,1986.73,1931.08,1875.42,,,,,,,,,,
16-Oct-25,28-Oct-25,BHEL,Non-Hld,236.3,250,235.15,0.49,264.85,12.09,0.56,52.11,2.05,2.99,-0.95,245.62,237.82,230.02,,,,,,,,,,
16-Oct-25,28-Oct-25,BIOCON,Non-Hld,357.85,360,348.4,2.72,371.6,3.85,0.62,54.01,-1.48,-2.79,1.31,369.36,352.96,336.56,,,,,,,,,,
16-Oct-25,28-Oct-25,BLUESTARCO,Non-Hld,1959,2000,1918.2,2.13,2081.8,6.27,0.64,57.93,6.38,5.8,0.58,1988.77,1920.14,1851.51,,,,,,,,,,
16-Oct-25,28-Oct-25,BOSCHLTD,Non-Hld,38370,39000,37835.95,1.42,40164.05,4.68,0.58,45.3,-298.43,-284.91,-13.52,39754.67,38697.75,37640.83,,,,,,,,,,
16-Oct-25,28-Oct-25,BPCL,Non-Hld,335.7,350,332.7,0.91,367.3,9.42,0.65,53.92,4.02,4.83,-0.8,348.44,335.6,322.75,,,,,,,,,,
16-Oct-25,28-Oct-25,BRITANNIA,Non-Hld,6030,6000,5818.5,3.64,6181.5,2.52,0.58,57.03,-9.48,2.24,-11.72,6106.99,5945.55,5784.11,,,,,,,,,,
16-Oct-25,28-Oct-25,BSE,Holding,2512,2400,2230.1,12.65,2569.9,2.31,0.9,70.02,59.43,11.34,48.08,2530.96,2221.64,1912.33,,,,,,,,,,
16-Oct-25,28-Oct-25,CAMS,Holding,3835,4000,3780.75,1.44,4219.25,10.02,0.63,48.23,-15.27,-14.66,-0.61,4059.29,3865.98,3672.67,,,,,,,,,,
16-Oct-25,28-Oct-25,CANBK,Non-Hld,127.46,130,124.25,2.59,135.75,6.51,0.83,64.23,3.81,3.89,-0.08,131.28,123.66,116.05,,,,,,,,,,
16-Oct-25,28-Oct-25,CDSL,Holding,1618,1700,1603.85,0.89,1796.15,11.02,0.69,62.78,19.99,6.26,13.73,1653.77,1545.53,1437.29,,,,,,,,,,
16-Oct-25,28-Oct-25,CGPOWER,Holding,760.5,840,762.3,-0.23,917.7,20.68,0.6,56.69,4.27,6.01,-1.74,782.36,755.73,729.09,,,,,,,,,,
16-Oct-25,28-Oct-25,CHOLAFIN,Non-Hld,1664.7,1700,1629.9,2.14,1770.1,6.34,0.58,61.56,33.66,29.7,3.96,1680.66,1618.54,1556.43,,,,,,,,,,
16-Oct-25,28-Oct-25,CIPLA,Non-Hld,1570,1600,1546.9,1.5,1653.1,5.3,0.4,58.77,2.66,-4.19,6.84,1588.13,1531.62,1475.1,,,,,,,,,,
16-Oct-25,28-Oct-25,COALINDIA,Holding,387.75,390,381.1,1.75,398.9,2.88,0.67,52.7,-0.89,-0.32,-0.57,396.98,387.6,378.21,,,,,,,,,,
16-Oct-25,28-Oct-25,COFORGE,Non-Hld,1761.5,1700,1588.15,10.92,1811.85,2.86,0.7,59.49,8.5,-6.87,15.36,1834.53,1678.16,1521.78,,,,,,,,,,
16-Oct-25,28-Oct-25,COLPAL,Non-Hld,2288.9,2300,2215.5,3.32,2384.5,4.18,0.71,53.54,-24.02,-27.57,3.55,2359.6,2256.05,2152.5,,,,,,,,,,
16-Oct-25,28-Oct-25,CONCOR,Non-Hld,534.45,540,524.5,1.9,555.5,3.94,0.7,46.89,-4.37,-5.11,0.74,554.85,534.88,514.9,,,,,,,,,,
16-Oct-25,28-Oct-25,CROMPTON,Non-Hld,289,300,285,1.41,315,9,0.53,38.04,-8.26,-8.66,0.4,314.04,294.32,274.6,,,,,,,,,,
16-Oct-25,28-Oct-25,CUMMINSIND,Non-Hld,3940.1,4000,3866.9,1.9,4133.1,4.9,0.61,49.69,7.44,16.08,-8.64,4073.01,3966.94,3860.87,,,,,,,,,,
16-Oct-25,28-Oct-25,CYIENT,Non-Hld,1168,1200,1097.95,6.39,1302.05,11.48,0.68,50.27,-12.18,-11.93,-0.25,1234.57,1174.42,1114.27,,,,,,,,,,
16-Oct-25,28-Oct-25,DABUR,Non-Hld,500.1,500,486.95,2.71,513.05,2.59,0.51,47.12,-8.87,-9.41,0.55,532.41,500.89,469.37,,,,,,,,,,
16-Oct-25,28-Oct-25,DALBHARAT,Non-Hld,2223,2300,2184.75,1.76,2415.25,8.65,0.49,36.12,-33.81,-30.38,-3.44,2406.54,2269.69,2132.84,,,,,,,,,,
16-Oct-25,28-Oct-25,DELHIVERY,Non-Hld,447.15,480,445.05,0.48,514.95,15.17,0.43,42.32,-0.41,-0.28,-0.13,486.43,459.57,432.72,,,,,,,,,,
16-Oct-25,28-Oct-25,DIVISLAB,Non-Hld,6584.5,6600,6361.2,3.52,6838.8,3.87,0.99,72.01,124.1,33.04,91.06,6710.74,6096.88,5483.01,,,,,,,,,,
16-Oct-25,28-Oct-25,DIXON,Non-Hld,16810,17000,16084.05,4.52,17915.95,6.58,0.64,44.71,-151.36,-90.88,-60.48,18596.33,17288.15,15979.97,,,,,,,,,,
16-Oct-25,28-Oct-25,DLF,Non-Hld,766.1,800,761.8,0.57,838.2,9.42,0.71,60.73,-2.5,-7.34,4.84,783.11,741.3,699.49,,,,,,,,,,
16-Oct-25,28-Oct-25,DMART,Non-Hld,4309.8,4700,4314.95,-0.11,5085.05,17.99,0.41,40.01,-91.43,-71.34,-20.09,4803.81,4448.11,4092.4,,,,,,,,,,
16-Oct-25,28-Oct-25,DRREDDY,Non-Hld,1240,1260,1214.55,2.1,1305.45,5.28,0.48,43.64,-9.61,-7.42,-2.19,1323.23,1262.3,1201.38,,,,,,,,,,
16-Oct-25,28-Oct-25,EICHERMOT,Non-Hld,6989,7000,6802.75,2.74,7197.25,2.98,0.74,62.52,102.37,141.79,-39.42,7052.04,6955.75,6859.46,,,,,,,,,,
16-Oct-25,28-Oct-25,ETERNAL,Non-Hld,340.5,350,328.05,3.8,371.95,9.24,0.62,63.04,7.17,6.08,1.09,355.77,337.91,320.04,,,,,,,,,,
16-Oct-25,28-Oct-25,EXIDEIND,Non-Hld,397.45,400,387.95,2.45,412.05,3.68,0.67,48.14,-2.33,-1.79,-0.54,415.89,399.01,382.13,,,,,,,,,,
16-Oct-25,28-Oct-25,FEDERALBNK,Non-Hld,214.52,225,211.65,1.36,238.35,11.11,0.66,73.98,4.96,2.59,2.36,217.6,200.24,182.87,,,,,,,,,,
16-Oct-25,28-Oct-25,FORTIS,Non-Hld,1095.5,1100,1061.35,3.22,1138.65,3.94,0.82,72.09,39.74,32.23,7.51,1123.8,1012.21,900.63,,,,,,,,,,
16-Oct-25,28-Oct-25,GAIL,Non-Hld,178.8,180,174.3,2.59,185.7,3.86,0.61,53.19,0.29,0.19,0.1,182.57,177.66,172.75,,,,,,,,,,
16-Oct-25,28-Oct-25,GLENMARK,Non-Hld,1875,2000,1857.2,0.96,2142.8,14.29,0.47,30.49,-35.24,-24.12,-11.12,2088.44,1968.64,1848.84,,,,,,,,,,
16-Oct-25,28-Oct-25,GMRAIRPORT,Non-Hld,90.63,95,90,0.7,100,10.34,0.53,56.51,0.27,0.1,0.17,92.52,89.48,86.44,,,,,,,,,,
16-Oct-25,28-Oct-25,GODREJCP,Non-Hld,1121.3,1200,1118.5,0.26,1281.5,14.29,0.45,33.4,-30.48,-26.97,-3.51,1242.75,1160.78,1078.8,,,,,,,,,,
16-Oct-25,28-Oct-25,GODREJPROP,Non-Hld,2204.7,2200,2110.45,4.47,2289.55,3.85,0.74,65.71,24.02,7.55,16.47,2184.18,2059.76,1935.34,,,,,,,,,,
16-Oct-25,28-Oct-25,GRASIM,Non-Hld,2858,2900,2823.1,1.24,2976.9,4.17,0.68,60.6,4.66,0.47,4.18,2880.59,2805.38,2730.17,,,,,,,,,,
16-Oct-25,28-Oct-25,HAL,Non-Hld,4863,5000,4793.05,1.46,5206.95,7.08,0.55,59.21,47.19,54.08,-6.89,4912.49,4806.34,4700.2,,,,,,,,,,
16-Oct-25,28-Oct-25,HAVELLS,Non-Hld,1474.9,1600,1463.25,0.8,1736.75,17.76,0.57,38.91,-23.06,-18.46,-4.6,1596.64,1512.9,1429.17,,,,,,,,,,
16-Oct-25,28-Oct-25,HCLTECH,Non-Hld,1514.3,1520,1473.65,2.76,1566.35,3.44,0.57,66.2,10.76,-1.43,12.18,1519.87,1435.29,1350.7,,,,,,,,,,
16-Oct-25,28-Oct-25,HDFCAMC,Non-Hld,5798,6000,5748.1,0.87,6251.9,7.83,0.54,58.43,-1.35,-16.1,14.76,5932.35,5670.2,5408.05,,,,,,,,,,
16-Oct-25,28-Oct-25,HDFCBANK,Non-Hld,993.6,1000,970.75,2.36,1029.25,3.59,0.85,66.91,4.19,1.01,3.18,994.72,968.11,941.5,,,,,,,,,,
16-Oct-25,28-Oct-25,HDFCLIFE,Non-Hld,743,800,742.15,0.12,857.85,15.46,0.44,40.84,-6.37,-5.17,-1.2,787.37,761.36,735.36,,,,,,,,,,
16-Oct-25,28-Oct-25,HEROMOTOCO,Non-Hld,5582,5600,5416.5,3.06,5783.5,3.61,0.66,63.68,100.25,109.45,-9.2,5665.34,5463.1,5260.86,,,,,,,,,,
16-Oct-25,28-Oct-25,HFCL,Non-Hld,77.17,80,73.9,4.43,86.1,11.58,0.5,57.65,0.69,0.4,0.29,78.18,75.14,72.09,,,,,,,,,,
16-Oct-25,28-Oct-25,HINDALCO,Non-Hld,780.1,800,770.8,1.21,829.2,6.3,0.7,65.12,10.7,11.73,-1.03,786.79,760.65,734.52,,,,,,,,,,
16-Oct-25,28-Oct-25,HINDPETRO,Non-Hld,452.1,450,429.65,5.23,470.35,4.04,0.53,65.17,12.47,12.94,-0.47,470.51,438.41,406.3,,,,,,,,,,
16-Oct-25,28-Oct-25,HINDUNILVR,Non-Hld,2560,2600,2518.25,1.66,2681.75,4.76,0.62,53.75,-13.68,-16.14,2.46,2581.47,2530.75,2480.03,,,,,,,,,,
16-Oct-25,28-Oct-25,HINDZINC,Non-Hld,506.25,500,473.15,7,526.85,4.07,0.55,64.83,16.41,14.58,1.83,524.32,481.62,438.92,,,,,,,,,,
16-Oct-25,28-Oct-25,HUDCO,Non-Hld,228.21,240,225.85,1.05,254.15,11.37,0.48,52.28,2.26,2.93,-0.67,238.87,229.05,219.24,,,,,,,,,,
16-Oct-25,28-Oct-25,ICICIBANK,Non-Hld,1417.4,1400,1355.65,4.56,1444.35,1.91,0.81,62.9,-2.96,-8.96,6,1420.31,1380.82,1341.33,,,,,,,,,,
16-Oct-25,28-Oct-25,ICICIGI,Non-Hld,2007.2,2000,1934.35,3.77,2065.65,2.92,1.54,65.85,14.2,3.12,11.07,1979.86,1892.32,1804.78,,,,,,,,,,
16-Oct-25,28-Oct-25,ICICIPRULI,Non-Hld,586.7,600,578.5,1.42,621.5,5.94,0.43,40.22,-4.07,-3.91,-0.16,608.9,596.58,584.27,,,,,,,,,,
16-Oct-25,28-Oct-25,IDEA,Non-Hld,8.84,10,8.7,1.61,11.3,27.83,0.6,58.2,0.33,0.38,-0.05,9.3,8.59,7.88,,,,,,,,,,
16-Oct-25,28-Oct-25,IDFCFIRSTB,Non-Hld,71.81,75,70.45,1.94,79.55,10.78,0.69,51.21,0.56,0.36,0.2,74.57,71.26,67.96,,,,,,,,,,
16-Oct-25,28-Oct-25,IEX,Holding,134.97,150,134.25,0.54,165.75,22.81,0.57,33.42,-2.37,-1.87,-0.5,148.53,140.81,133.09,,,,,,,,,,
16-Oct-25,28-Oct-25,IGL,Non-Hld,213.74,220,209.05,2.25,230.95,8.06,0.49,52.84,1.17,1.07,0.1,221.07,211.65,202.22,,,,,,,,,,
16-Oct-25,28-Oct-25,IIFL,Non-Hld,499.55,500,477.4,4.64,522.6,4.62,0.69,64.88,13.37,8.46,4.91,513.37,465.22,417.06,,,,,,,,,,
16-Oct-25,28-Oct-25,INDHOTEL,Non-Hld,739,800,738.25,0.11,861.75,16.62,0.48,47.99,-8.86,-9.98,1.12,774.13,736.34,698.55,,,,,,,,,,
16-Oct-25,28-Oct-25,INDIANB,Non-Hld,775,800,763.6,1.5,836.4,7.93,0.58,66.54,24.13,23.19,0.94,801.6,741.12,680.64,,,,,,,,,,
16-Oct-25,28-Oct-25,INDIGO,Holding,5871,5800,5620.8,4.46,5979.2,1.85,0.78,61.05,18.31,-11.11,29.42,5861.59,5705.05,5548.51,,,,,,,,,,
16-Oct-25,28-Oct-25,INDUSINDBK,Non-Hld,738.9,750,707.45,4.45,792.55,7.27,0.9,45.99,-2.26,-4.04,1.77,764.71,742.24,719.77,,,,,,,,,,
16-Oct-25,28-Oct-25,INDUSTOWER,Non-Hld,344,360,340.3,1.09,379.7,10.38,0.73,43.55,-1.51,-0.36,-1.15,363.11,351.72,340.33,,,,,,,,,,
16-Oct-25,28-Oct-25,INFY,Non-Hld,1470.9,1560,1438.25,2.28,1681.75,14.34,0.47,46.32,-2.46,-3.46,0.99,1542.12,1483.24,1424.36,,,,,,,,,,
16-Oct-25,28-Oct-25,INOXWIND,Non-Hld,147,150,143.1,2.73,156.9,6.74,0.45,52.2,0.21,-0.59,0.8,154.16,144.84,135.53,,,,,,,,,,
16-Oct-25,28-Oct-25,IOC,Non-Hld,153.71,155,149.75,2.65,160.25,4.26,0.67,62.77,2.76,2.74,0.02,157.4,150.85,144.3,,,,,,,,,,
16-Oct-25,28-Oct-25,IRCTC,Holding,718.3,750,715.3,0.42,784.7,9.25,0.48,52.98,-2.1,-3.27,1.17,734.32,713.68,693.03,,,,,,,,,,
16-Oct-25,28-Oct-25,IREDA,Non-Hld,153.01,160,150.15,1.91,169.85,11.01,0.4,53.54,0.77,0.6,0.17,159.61,152.46,145.32,,,,,,,,,,
16-Oct-25,28-Oct-25,IRFC,Non-Hld,124.9,130,122.7,1.8,137.3,9.93,0.44,47.22,-0.3,-0.26,-0.04,129.45,125.67,121.89,,,,,,,,,,
16-Oct-25,28-Oct-25,ITC,Non-Hld,405.45,410,401.5,0.99,418.5,3.22,0.75,51.48,-2.13,-2.28,0.15,410.75,403.07,395.39,,,,,,,,,,
16-Oct-25,28-Oct-25,JINDALSTEL,Non-Hld,1025,1100,1021.5,0.35,1178.5,14.98,0.5,48.79,-3.13,3.44,-6.56,1082.1,1038.17,994.23,,,,,,,,,,
16-Oct-25,28-Oct-25,JIOFIN,Non-Hld,312.1,320,305.55,2.15,334.45,7.17,0.63,54.54,-0.74,-2.16,1.42,320.18,306.46,292.74,,,,,,,,,,
16-Oct-25,28-Oct-25,JSWENERGY,Non-Hld,548.2,560,529.65,3.51,590.35,7.69,0.45,59.19,5.47,4.98,0.5,553.84,539.09,524.34,,,,,,,,,,
16-Oct-25,28-Oct-25,JSWSTEEL,Non-Hld,1172.5,1200,1151.4,1.84,1248.6,6.5,0.71,63.52,18.91,20.09,-1.18,1181.63,1147.37,1113.11,,,,,,,,,,
16-Oct-25,28-Oct-25,JUBLFOOD,Non-Hld,593.4,650,594.35,-0.15,705.65,18.92,0.42,38.98,-11.83,-9.77,-2.06,639.25,611.31,583.36,,,,,,,,,,
16-Oct-25,28-Oct-25,KALYANKJIL,Non-Hld,486.8,500,474.35,2.63,525.65,7.99,0.49,49.39,-7.47,-9.84,2.37,516.27,480.77,445.26,,,,,,,,,,
16-Oct-25,28-Oct-25,KAYNES,Non-Hld,6990,7000,6607.3,5.8,7392.7,5.77,0.41,48.59,40.39,114.72,-74.33,7584.85,7184.38,6783.9,,,,,,,,,,
16-Oct-25,28-Oct-25,KEI,Non-Hld,4170,4400,4123.35,1.14,4676.65,12.15,0.38,50.86,72.11,62.57,9.54,4392.79,4176.45,3960.11,,,,,,,,,,
16-Oct-25,28-Oct-25,KFINTECH,Holding,1125.4,1200,1112.95,1.12,1287.05,14.37,0.56,56.6,3.63,-5.18,8.81,1154.81,1085.06,1015.31,,,,,,,,,,
16-Oct-25,28-Oct-25,KOTAKBANK,Non-Hld,2195,2100,1981.9,10.76,2218.1,1.06,1.08,74.84,44.46,33.53,10.93,2214.96,2084.35,1953.74,,,,,,,,,,
16-Oct-25,28-Oct-25,KPITTECH,Non-Hld,1161.5,1200,1136.7,2.19,1263.3,8.77,0.69,42.26,-20.68,-19.23,-1.44,1300.13,1193.5,1086.87,,,,,,,,,,
16-Oct-25,28-Oct-25,LAURUSLABS,Non-Hld,874,900,847.05,3.19,952.95,9.04,0.55,49.85,-1.27,-1.31,0.05,930.82,877.46,824.1,,,,,,,,,,
16-Oct-25,28-Oct-25,LICHSGFIN,Non-Hld,568.65,600,567.2,0.26,632.8,11.29,0.71,49.38,-0.75,-0.27,-0.47,592.54,573.6,554.65,,,,,,,,,,
16-Oct-25,28-Oct-25,LICI,Non-Hld,896.05,900,872.2,2.74,927.8,3.55,0.43,49.67,2.85,3.3,-0.45,913.52,897.17,880.82,,,,,,,,,,
16-Oct-25,28-Oct-25,LODHA,Non-Hld,1194,1200,1151.6,3.69,1248.4,4.56,0.67,56.36,-10.82,-18.62,7.8,1222.58,1159.44,1096.3,,,,,,,,,,
16-Oct-25,28-Oct-25,LT,Non-Hld,3862,3800,3709.45,4.12,3890.55,0.74,0.58,70.18,51.01,39.71,11.3,3839.11,3720.8,3602.49,,,,,,,,,,
16-Oct-25,28-Oct-25,LTF,Non-Hld,269.2,270,259.25,3.84,280.75,4.3,0.99,67.37,9.53,9.01,0.52,273.19,254.6,236.01,,,,,,,,,,
16-Oct-25,28-Oct-25,LTIM,Non-Hld,5615,5600,5321.75,5.52,5878.25,4.69,0.67,69.09,83.86,44.4,39.46,5667.24,5330.05,4992.86,,,,,,,,,,
16-Oct-25,28-Oct-25,LUPIN,Non-Hld,1950.6,2000,1924.45,1.36,2075.55,6.41,0.61,48.76,-6.53,-4.81,-1.72,2044.54,1963.66,1882.78,,,,,,,,,,
16-Oct-25,28-Oct-25,M%26M,Non-Hld,3563.9,3600,3485.35,2.26,3714.65,4.23,0.49,59.24,9,10.14,-1.14,3639.68,3498.61,3357.54,,,,,,,,,,
16-Oct-25,28-Oct-25,MANAPPURAM,Non-Hld,287,300,284.3,0.95,315.7,10,0.48,51.4,1.73,2.48,-0.76,296.76,287.34,277.91,,,,,,,,,,
16-Oct-25,28-Oct-25,MANKIND,Non-Hld,2459.8,2600,2439.35,0.84,2760.65,12.24,0.42,42.59,-26.95,-24.36,-2.6,2628.71,2494.75,2360.79,,,,,,,,,,
16-Oct-25,28-Oct-25,MARICO,Non-Hld,726.75,720,699.05,3.97,740.95,1.96,0.64,58.64,-0.97,-2.56,1.58,725.75,710.5,695.24,,,,,,,,,,
16-Oct-25,28-Oct-25,MARUTI,Non-Hld,16295,16200,15788,3.22,16612,1.95,0.57,67.36,335.98,390.47,-54.49,16429.96,16082.2,15734.44,,,,,,,,,,
16-Oct-25,28-Oct-25,MAXHEALTH,Non-Hld,1175,1200,1150.75,2.11,1249.25,6.32,0.66,55.35,-3.93,-11.56,7.63,1192.05,1141.4,1090.75,,,,,,,,,,
16-Oct-25,28-Oct-25,MAZDOCK,Non-Hld,2836.2,3000,2798,1.37,3202,12.9,0.48,48.67,1.51,8.68,-7.17,3007.55,2873.15,2738.75,,,,,,,,,,
16-Oct-25,28-Oct-25,MCX,Holding,9339,9000,8429.85,10.79,9570.15,2.48,0.87,73.87,369.22,220.83,148.38,9416.46,8352.4,7288.34,,,,,,,,,,
16-Oct-25,28-Oct-25,MFSL,Non-Hld,1557,1700,1613.8,-3.51,1786.2,14.73,0.51,43.08,2.05,2.37,-0.32,1626.57,1581.76,1536.96,,,,,,,,,,
16-Oct-25,28-Oct-25,MOTHERSON,Holding,107.23,110,105.05,2.08,114.95,7.2,0.57,58.54,0.79,1.11,-0.32,111.06,106.25,101.44,,,,,,,,,,
16-Oct-25,28-Oct-25,MPHASIS,Non-Hld,2785.7,2900,2748.2,1.37,3051.8,9.56,0.53,49.28,-14.52,-17.58,3.06,2958.26,2776.8,2595.35,,,,,,,,,,
16-Oct-25,28-Oct-25,MUTHOOTFIN,Non-Hld,3267.6,3100,2897.85,12.76,3302.15,1.06,0.81,69.72,101.11,102.76,-1.66,3342.32,3135.8,2929.27,,,,,,,,,,
16-Oct-25,28-Oct-25,NATIONALUM,Non-Hld,226.7,230,220.25,2.93,239.75,5.76,0.72,65.42,6.46,5.93,0.52,233.07,216.14,199.2,,,,,,,,,,
16-Oct-25,28-Oct-25,NAUKRI,Non-Hld,1347,1400,1329.75,1.3,1470.25,9.15,0.59,48.84,-7.95,-7.17,-0.77,1413.43,1354,1294.56,,,,,,,,,,
16-Oct-25,28-Oct-25,NBCC,Non-Hld,112.25,115,109.5,2.52,120.5,7.35,0.52,55.16,1.32,1.31,0.01,115.74,110.93,106.11,,,,,,,,,,
16-Oct-25,28-Oct-25,NCC,Non-Hld,209.7,210,201.95,3.84,218.05,3.99,0.49,49.58,-0.85,-1.13,0.27,216.66,209.59,202.52,,,,,,,,,,
16-Oct-25,28-Oct-25,NESTLEIND,Non-Hld,1279.5,1200,1110.7,15.2,1289.3,0.77,1.01,71.93,10.67,2.81,7.86,1238.94,1185.23,1131.52,,,,,,,,,,
16-Oct-25,28-Oct-25,NHPC,Non-Hld,86.91,90,85.95,1.12,94.05,8.22,0.47,56.5,0.8,0.92,-0.12,88.22,86.45,84.69,,,,,,,,,,
16-Oct-25,28-Oct-25,NMDC,Non-Hld,75.81,80,75.2,0.82,84.8,11.86,0.5,50.54,0.68,0.92,-0.24,78.32,76.58,74.84,,,,,,,,,,
16-Oct-25,28-Oct-25,NTPC,Non-Hld,341.4,345,337.35,1.21,352.65,3.3,0.38,55.73,1.33,1.5,-0.17,345.37,339.65,333.93,,,,,,,,,,
16-Oct-25,28-Oct-25,NUVAMA,Non-Hld,7230,7000,6635.75,8.96,7364.25,1.86,0.84,69.43,189.46,104.53,84.93,7533.77,6675.98,5818.18,,,,,,,,,,
16-Oct-25,28-Oct-25,NYKAA,Non-Hld,262.68,260,250.35,4.93,269.65,2.66,0.73,64.83,7.7,6.6,1.1,272.41,248.26,224.12,,,,,,,,,,
16-Oct-25,28-Oct-25,OBEROIRLTY,Non-Hld,1692,1700,1636.6,3.39,1763.4,4.22,0.72,61.27,-6.02,-11.88,5.86,1685.14,1614.34,1543.54,,,,,,,,,,
16-Oct-25,28-Oct-25,OFSS,Non-Hld,8811,9500,8697.65,1.31,10302.35,16.93,0.54,46.71,52.42,81.41,-28.99,9496.65,8961.1,8425.55,,,,,,,,,,
16-Oct-25,28-Oct-25,OIL,Non-Hld,417.6,420,404.45,3.26,435.55,4.3,0.52,54.11,3.31,2.78,0.53,425.83,413.56,401.28,,,,,,,,,,
16-Oct-25,28-Oct-25,ONGC,Non-Hld,248.6,250,244.2,1.81,255.8,2.9,0.4,66.06,2.77,2.23,0.55,249.52,241.82,234.12,,,,,,,,,,
16-Oct-25,28-Oct-25,PAGEIND,Non-Hld,41010,45000,40897.95,0.28,49102.05,19.74,0.41,38.33,-897.13,-864.03,-33.1,44023.96,41952.5,39881.04,,,,,,,,,,
16-Oct-25,28-Oct-25,PATANJALI,Non-Hld,588.1,600,575.55,2.19,624.45,6.19,0.41,46.85,-2.8,-2.31,-0.49,610,593.68,577.37,,,,,,,,,,
16-Oct-25,28-Oct-25,PAYTM,Non-Hld,1269.9,1300,1239.35,2.47,1360.65,7.15,0.77,63.87,20.45,10.86,9.59,1299.61,1199.29,1098.96,,,,,,,,,,
16-Oct-25,28-Oct-25,PERSISTENT,Non-Hld,5828,5500,5114.7,13.95,5885.3,0.99,1.34,71.24,78.1,1.13,76.97,5778.06,5260.4,4742.74,,,,,,,,,,
16-Oct-25,28-Oct-25,PETRONET,Non-Hld,278.8,310,281.2,-0.85,338.8,21.53,0.97,49.85,0.65,0.5,0.14,287.43,278.06,268.68,,,,,,,,,,
16-Oct-25,28-Oct-25,PFC,Holding,401.6,410,394.6,1.78,425.4,5.93,0.7,47.81,-0.12,0.62,-0.74,415.05,406.04,397.03,,,,,,,,,,
16-Oct-25,28-Oct-25,PGEL,Non-Hld,568.75,600,559.55,1.65,640.45,12.61,0.72,54.52,-0.94,-9.54,8.6,599.21,543.67,488.13,,,,,,,,,,
16-Oct-25,28-Oct-25,PHOENIXLTD,Non-Hld,1694.9,1700,1620.6,4.59,1779.4,4.99,0.73,71.97,26.56,17.69,8.87,1682.99,1602.11,1521.23,,,,,,,,,,
16-Oct-25,28-Oct-25,PIDILITIND,Non-Hld,1522.3,1550,1503,1.29,1597,4.91,0.65,55.31,-3.88,-7.8,3.92,1536.53,1497.62,1458.71,,,,,,,,,,
16-Oct-25,28-Oct-25,PIIND,Non-Hld,3542.3,3600,3477.8,1.86,3722.2,5.08,0.57,41.76,-50.45,-58.51,8.07,3714.95,3582.04,3449.12,,,,,,,,,,
16-Oct-25,28-Oct-25,PNB,Non-Hld,116.13,120,114.35,1.56,125.65,8.2,0.79,62.02,2.19,2.04,0.15,118.17,113.46,108.76,,,,,,,,,,
16-Oct-25,28-Oct-25,PNBHOUSING,Non-Hld,842.75,900,830.7,1.46,969.3,15.02,0.68,44.76,1.96,7.3,-5.34,907.51,871.34,835.18,,,,,,,,,,
16-Oct-25,28-Oct-25,POLICYBZR,Non-Hld,1691,1800,1685,0.36,1915,13.25,0.68,40.74,-25.53,-24,-1.53,1818.7,1732.72,1646.74,,,,,,,,,,
16-Oct-25,28-Oct-25,POLYCAB,Non-Hld,7592.5,8000,7460.8,1.77,8539.2,12.47,0.5,56.92,107.28,108.97,-1.69,7801.49,7526.35,7251.21,,,,,,,,,,
16-Oct-25,28-Oct-25,POWERGRID,Holding,291.8,300,289.85,0.68,310.15,6.29,0.49,57.57,1.03,0.4,0.63,293.97,286.73,279.5,,,,,,,,,,
16-Oct-25,28-Oct-25,POWERINDIA,Non-Hld,17656,18000,17164.7,2.87,18835.3,6.68,0.22,38.42,-492.99,-442.14,-50.84,19703.07,18337.2,16971.33,,,,,,,,,,
16-Oct-25,28-Oct-25,PPLPHARMA,Non-Hld,194.19,210,193.7,0.26,226.3,16.54,0.54,46.94,-0.69,-0.34,-0.34,206.24,196.79,187.34,,,,,,,,,,
16-Oct-25,28-Oct-25,PRESTIGE,Non-Hld,1690,1600,1489.65,13.45,1710.35,1.21,0.76,66.27,15.69,-2.23,17.92,1688.25,1578.45,1468.65,,,,,,,,,,
16-Oct-25,28-Oct-25,RBLBANK,Non-Hld,305.95,300,277.65,10.2,322.35,5.37,0.54,78.28,8.29,5.86,2.43,301.42,280.34,259.27,,,,,,,,,,
16-Oct-25,28-Oct-25,RECLTD,Non-Hld,377.6,380,363.65,3.84,396.35,4.97,0.87,52.69,-0.65,-0.59,-0.06,387.46,376.73,366,,,,,,,,,,
16-Oct-25,28-Oct-25,RELIANCE,Non-Hld,1398.5,1400,1357.55,3.02,1442.45,3.15,0.69,57.12,-2.02,-4.02,1.99,1407.5,1380.74,1353.99,,,,,,,,,,
16-Oct-25,28-Oct-25,RVNL,Non-Hld,336.4,360,333.3,0.94,386.7,14.96,0.35,44.17,-1.17,0.46,-1.63,363.59,346.41,329.23,,,,,,,,,,
16-Oct-25,28-Oct-25,SAIL,Non-Hld,131.23,140,130.35,0.68,149.65,14.04,0.51,49.56,0.47,1.22,-0.76,138.25,133.55,128.85,,,,,,,,,,
16-Oct-25,28-Oct-25,SAMMAANCAP,Non-Hld,166.53,160,151.55,9.89,168.45,1.16,1.01,69.57,8.1,7.77,0.33,178.31,154.11,129.92,,,,,,,,,,
16-Oct-25,28-Oct-25,SBICARD,Non-Hld,933.15,900,853.15,9.38,946.85,1.47,0.71,71.6,20.83,18.51,2.32,941.87,896.5,851.13,,,,,,,,,,
16-Oct-25,28-Oct-25,SBILIFE,Non-Hld,1842,1800,1735.2,6.16,1864.8,1.24,0.54,57.12,1.18,-4.45,5.64,1855.09,1809.38,1763.68,,,,,,,,,,
16-Oct-25,28-Oct-25,SBIN,Non-Hld,886.2,900,876.8,1.08,923.2,4.18,0.61,66.27,13.24,12.73,0.51,888.31,868.71,849.11,,,,,,,,,,
16-Oct-25,28-Oct-25,SHREECEM,Non-Hld,29940,30000,29121.35,2.82,30878.65,3.14,0.87,56.08,-40.8,-137.13,96.33,30124.34,29555.25,28986.16,,,,,,,,,,
16-Oct-25,28-Oct-25,SHRIRAMFIN,Non-Hld,673.5,680,653.3,3.1,706.7,4.93,0.74,65.44,15.58,12.61,2.97,694.8,645.93,597.06,,,,,,,,,,
16-Oct-25,28-Oct-25,SIEMENS,Holding,3120.2,3300,3099.8,0.66,3500.2,12.18,0.39,44.61,-15.98,-5.15,-10.83,3322.39,3178.44,3034.48,,,,,,,,,,
16-Oct-25,28-Oct-25,SOLARINDS,Non-Hld,14040,15000,14055.85,-0.11,15944.15,13.57,0.61,48.29,-73.21,-106.72,33.51,14718.54,14035.2,13351.86,,,,,,,,,,
16-Oct-25,28-Oct-25,SONACOMS,Non-Hld,467.9,470,447.95,4.46,492.05,5.17,0.75,68.52,3.58,-3.16,6.74,459.96,425.4,390.84,,,,,,,,,,
16-Oct-25,28-Oct-25,SRF,Non-Hld,3200.5,3200,3086,3.72,3314,3.55,1.06,77.05,45.94,17.45,28.49,3138.11,2950.11,2762.11,,,,,,,,,,
16-Oct-25,28-Oct-25,SUNPHARMA,Non-Hld,1656.4,1680,1637.35,1.17,1722.65,4,0.87,56.91,11.25,8.12,3.14,1687.2,1638.89,1590.57,,,,,,,,,,
16-Oct-25,28-Oct-25,SUPREMEIND,Non-Hld,4247.9,4500,4200,1.15,4800,13,0.5,46.55,-53.53,-57.22,3.69,4426.24,4255.8,4085.36,,,,,,,,,,
16-Oct-25,28-Oct-25,SUZLON,Non-Hld,53.59,56,53.1,0.93,58.9,9.91,0.43,34.88,-1.32,-1.32,0,60.11,55.58,51.05,,,,,,,,,,
16-Oct-25,28-Oct-25,SYNGENE,Non-Hld,638.5,640,616.2,3.62,663.8,3.97,0.58,50.18,-4.51,-5.53,1.02,663.5,636.5,609.49,,,,,,,,,,
16-Oct-25,28-Oct-25,TATACONSUM,Non-Hld,1148.7,1150,1108.05,3.67,1191.95,3.77,0.51,61.74,6.89,8.32,-1.42,1148.15,1128.44,1108.74,,,,,,,,,,
16-Oct-25,28-Oct-25,TATAELXSI,Non-Hld,5395,5500,5266.5,2.44,5733.5,6.28,0.39,45.93,-59.26,-67.19,7.93,5715.6,5433.95,5152.3,,,,,,,,,,
16-Oct-25,28-Oct-25,TATAPOWER,Non-Hld,398.35,400,388.75,2.47,411.25,3.24,0.86,60.93,1.5,0.84,0.66,399.73,391.65,383.57,,,,,,,,,,
16-Oct-25,28-Oct-25,TATASTEEL,Non-Hld,173.6,180,172.4,0.7,187.6,8.07,0.64,57.48,1.84,1.98,-0.14,176.13,171.68,167.23,,,,,,,,,,
16-Oct-25,28-Oct-25,TATATECH,Non-Hld,692.8,700,670,3.41,730,5.37,0.69,47.82,1.83,2.9,-1.07,730.31,697.87,665.43,,,,,,,,,,
16-Oct-25,28-Oct-25,TCS,Non-Hld,2971.8,3000,2912.9,2.03,3087.1,3.88,0.58,45.4,-23.2,-27.83,4.62,3149.42,2988.06,2826.7,,,,,,,,,,
16-Oct-25,28-Oct-25,TECHM,Non-Hld,1460,1500,1435.25,1.73,1564.75,7.18,0.75,49.44,-9.37,-14.24,4.87,1522.86,1440.7,1358.54,,,,,,,,,,
16-Oct-25,28-Oct-25,TIINDIA,Non-Hld,3181.8,3200,3081.9,3.25,3318.1,4.29,0.5,51.74,-2.47,6.17,-8.64,3370.51,3190.64,3010.77,,,,,,,,,,
16-Oct-25,28-Oct-25,TITAGARH,Non-Hld,882,900,853.3,3.37,946.7,7.34,0.43,46.02,0.47,4.07,-3.61,947.11,902.16,857.21,,,,,,,,,,
16-Oct-25,28-Oct-25,TITAN,Non-Hld,3636,3400,3142.9,15.69,3657.1,0.59,0.67,64.64,13.7,-8.81,22.51,3625.01,3469.06,3313.1,,,,,,,,,,
16-Oct-25,28-Oct-25,TMPV,Non-Hld,396.4,400,381.35,3.95,418.65,5.62,0.45,13.6,-57.68,-21.9,-35.78,859.99,645.98,431.98,,,,,,,,,,
16-Oct-25,28-Oct-25,TORNTPHARM,Non-Hld,3531,3600,3480.45,1.46,3719.55,5.34,0.46,45.57,-15.6,-12.4,-3.21,3651.9,3565.24,3478.58,,,,,,,,,,
16-Oct-25,28-Oct-25,TORNTPOWER,Non-Hld,1330.6,1300,1250.75,6.39,1349.25,1.41,0.81,66.93,5.82,-7.68,13.5,1324.32,1254.99,1185.65,,,,,,,,,,
16-Oct-25,28-Oct-25,TRENT,Non-Hld,4780,5000,4725.5,1.16,5274.5,10.35,0.46,44.97,-125.18,-143.5,18.31,5079.36,4787.4,4495.44,,,,,,,,,,
16-Oct-25,28-Oct-25,TVSMOTOR,Non-Hld,3578,3600,3474.85,2.97,3725.15,4.12,0.79,69.45,46.24,47.27,-1.03,3584.85,3491.31,3397.77,,,,,,,,,,
16-Oct-25,28-Oct-25,ULTRACEMCO,Non-Hld,12360,13000,12322.8,0.31,13677.2,10.66,0.73,52.56,-58.12,-85.25,27.13,12608.96,12230.05,11851.14,,,,,,,,,,
16-Oct-25,28-Oct-25,UNIONBANK,Non-Hld,138.72,140,133.7,3.76,146.3,5.47,0.59,54.52,1.18,1.2,-0.03,141.33,138.09,134.85,,,,,,,,,,
16-Oct-25,28-Oct-25,UNITDSPR,Non-Hld,1358.6,1400,1345.05,1.01,1454.95,7.1,0.6,57.35,2.8,2.66,0.14,1370.67,1333.8,1296.92,,,,,,,,,,
16-Oct-25,28-Oct-25,UNOMINDA,Non-Hld,1234,1300,1214.25,1.63,1385.75,12.3,0.42,44.99,-11.06,4.13,-15.19,1379.56,1286.23,1192.9,,,,,,,,,,
16-Oct-25,28-Oct-25,UPL,Non-Hld,680.5,680,658.35,3.37,701.65,3.11,0.61,49.94,-4.26,-6.1,1.84,697.82,674.14,650.47,,,,,,,,,,
16-Oct-25,28-Oct-25,VBL,Non-Hld,461.55,460,442.35,4.35,477.65,3.49,0.6,53.64,-7.81,-10.41,2.6,471.58,449.78,427.97,,,,,,,,,,
16-Oct-25,28-Oct-25,VEDL,Non-Hld,479,480,461.85,3.72,498.15,4,0.77,63.12,10.3,9.82,0.49,490.45,467.1,443.76,,,,,,,,,,
16-Oct-25,28-Oct-25,VOLTAS,Non-Hld,1416.1,1400,1354.1,4.58,1445.9,2.11,0.85,57.97,6.03,1.81,4.22,1429.25,1381.26,1333.27,,,,,,,,,,
16-Oct-25,28-Oct-25,WIPRO,Non-Hld,253.7,250,237.65,6.76,262.35,3.41,0.9,60.69,0.28,-0.92,1.2,257.1,245.94,234.78,,,,,,,,,,
16-Oct-25,28-Oct-25,YESBANK,Non-Hld,23.13,24,22.55,2.58,25.45,10.04,0.64,66.52,0.79,0.68,0.11,24,22.03,20.07,,,,,,,,,,
16-Oct-25,28-Oct-25,ZYDUSLIFE,Non-Hld,983.95,1100,984.35,-0.04,1215.65,23.55,0.55,43.93,-6.96,-4.26,-2.7,1049.92,1002.12,954.32,,,,,,,,,,
17-Oct-25,28-Oct-25,360ONE,Non-Hld,1167,1200,1139.4,2.43,1260.6,8.03,0.58,71.16,24.97,11.16,13.81,1173.01,1073.07,973.13,,,,,,,,,,
17-Oct-25,28-Oct-25,ABB,Holding,5200,5300,5114.15,1.68,5485.85,5.5,0.63,49.65,-17.19,-17.4,0.21,5360.98,5211.82,5062.66,,,,,,,,,,
17-Oct-25,28-Oct-25,ABCAPITAL,Non-Hld,299.4,300,288.6,3.75,311.4,4.01,0.55,55.77,4.03,4.22,-0.19,308.54,295.3,282.06,,,,,,,,,,
17-Oct-25,28-Oct-25,ADANIENSOL,Non-Hld,928.9,1000,921.6,0.8,1078.4,16.1,0.63,60.99,27.4,27.39,0.01,962.47,913.47,864.47,,,,,,,,,,
17-Oct-25,28-Oct-25,ADANIENT,Non-Hld,2545,2600,2496.15,1.96,2703.85,6.25,0.53,56.26,29.76,37.48,-7.72,2645.47,2559.26,2473.04,,,,,,,,,,
17-Oct-25,28-Oct-25,ADANIGREEN,Non-Hld,1038.9,1100,1016.95,2.16,1183.05,13.88,0.47,50.43,12.59,17.92,-5.34,1124.99,1062.15,999.31,,,,,,,,,,
17-Oct-25,28-Oct-25,ADANIPORTS,Non-Hld,1478,1500,1450.45,1.9,1549.55,4.85,0.65,69.44,19.55,13.37,6.18,1475.89,1422.43,1368.97,,,,,,,,,,
17-Oct-25,28-Oct-25,ALKEM,Non-Hld,5587,5600,5455.15,2.42,5744.85,2.83,0.69,63.15,44.49,44.28,0.2,5592.08,5495.28,5398.47,,,,,,,,,,
17-Oct-25,28-Oct-25,AMBER,Non-Hld,8238,9000,8130.4,1.33,9869.6,19.81,0.49,54.97,91.69,124.86,-33.17,8436.9,8260.78,8084.65,,,,,,,,,,
17-Oct-25,28-Oct-25,AMBUJACEM,Non-Hld,563.8,600,562.9,0.16,637.1,13.01,0.6,42.87,-2.87,-2.5,-0.37,589.33,572.34,555.35,,,,,,,,,,
17-Oct-25,28-Oct-25,ANGELONE,Non-Hld,2495,2500,2391,4.35,2609,4.57,0.88,69.47,32.94,-9.45,42.39,2487.54,2268.96,2050.37,,,,,,,,,,
17-Oct-25,28-Oct-25,APLAPOLLO,Non-Hld,1758,1700,1624.35,8.23,1775.65,1.01,0.56,63.17,18.49,18.2,0.29,1769.67,1714.48,1659.29,,,,,,,,,,
17-Oct-25,28-Oct-25,APOLLOHOSP,Non-Hld,7882.5,8000,7803.2,1.02,8196.8,3.99,0.74,64.5,35.87,3.64,32.22,7933.94,7657.08,7380.21,,,,,,,,,,
17-Oct-25,28-Oct-25,ASHOKLEY,Non-Hld,134.52,140,132.9,1.22,147.1,9.36,0.35,43.93,0.42,1.44,-1.02,144.56,139.43,134.29,,,,,,,,,,
17-Oct-25,28-Oct-25,ASIANPAINT,Non-Hld,2507.8,2500,2433.15,3.07,2566.85,2.36,0.57,64.62,-18.27,-33.88,15.61,2499.81,2383.37,2266.93,,,,,,,,,,
17-Oct-25,28-Oct-25,ASTRAL,Non-Hld,1438.7,1500,1430.9,0.55,1569.1,9.07,0.51,57.57,3.81,-1.46,5.28,1467.91,1412.4,1356.88,,,,,,,,,,
17-Oct-25,28-Oct-25,AUBANK,Non-Hld,799.95,800,761.95,4.99,838.05,4.77,0.96,67.69,16.84,11.38,5.46,804.54,753.21,701.89,,,,,,,,,,
17-Oct-25,28-Oct-25,AUROPHARMA,Non-Hld,1100.2,1100,1060.1,3.79,1139.9,3.61,0.63,50.91,8.04,8.21,-0.16,1137.02,1103.13,1069.24,,,,,,,,,,
17-Oct-25,28-Oct-25,AXISBANK,Non-Hld,1200.4,1200,1173.2,2.32,1226.8,2.2,0.62,63.19,21.74,21.99,-0.25,1213.86,1169.77,1125.68,,,,,,,,,,
17-Oct-25,28-Oct-25,BAJAJ-AUTO,Non-Hld,9146,9200,8945.7,2.24,9454.3,3.38,0.63,60.97,64.31,32.36,31.95,9214.21,8890.45,8566.69,,,,,,,,,,
17-Oct-25,28-Oct-25,BAJAJFINSV,Non-Hld,2081.1,2100,2049.7,1.54,2150.3,3.33,0.8,62.57,12.85,7.6,5.26,2100.87,2038.22,1975.56,,,,,,,,,,
17-Oct-25,28-Oct-25,BAJFINANCE,Non-Hld,1069.1,1020,964.25,10.88,1075.75,0.63,1,71.33,25.63,22.54,3.09,1067.74,1018.38,969.01,,,,,,,,,,
17-Oct-25,28-Oct-25,BANDHANBNK,Non-Hld,161.11,170,159.25,1.17,180.75,12.2,0.68,45.15,-0.46,-0.44,-0.02,169.62,162.82,156.02,,,,,,,,,,
17-Oct-25,28-Oct-25,BANKBARODA,Non-Hld,264.65,285,263.7,0.37,306.3,15.74,0.59,60.93,5.85,5.89,-0.04,272.56,260.04,247.52,,,,,,,,,,
17-Oct-25,28-Oct-25,BANKINDIA,Non-Hld,123.14,130,121.05,1.73,138.95,12.84,0.5,52.68,2.18,2.47,-0.29,129.33,123.38,117.43,,,,,,,,,,
17-Oct-25,28-Oct-25,BDL,Non-Hld,1540,1600,1514,1.72,1686,9.49,0.64,51.4,-9.41,-8.36,-1.06,1621.76,1537.75,1453.74,,,,,,,,,,
17-Oct-25,28-Oct-25,BEL,Holding,412.9,420,405.9,1.73,434.1,5.14,0.55,58.42,4.86,5.23,-0.36,417.21,406.59,395.98,,,,,,,,,,
17-Oct-25,28-Oct-25,BHARATFORG,Non-Hld,1240.2,1300,1229,0.92,1371,10.55,0.52,55.62,9.84,8.07,1.77,1270.52,1225.18,1179.83,,,,,,,,,,
17-Oct-25,28-Oct-25,BHARTIARTL,Non-Hld,2012.9,1960,1898.05,6.06,2021.95,0.45,0.7,70.49,16.96,8.87,8.09,2000.48,1934.62,1868.76,,,,,,,,,,
17-Oct-25,28-Oct-25,BHEL,Non-Hld,232.37,250,231.85,0.23,268.15,15.4,0.51,47,1.55,2.71,-1.16,245.73,237.73,229.72,,,,,,,,,,
17-Oct-25,28-Oct-25,BIOCON,Non-Hld,355.6,360,347.75,2.26,372.25,4.69,0.61,51.74,-1.11,-2.46,1.35,367.25,352.35,337.45,,,,,,,,,,
17-Oct-25,28-Oct-25,BLUESTARCO,Non-Hld,1966,2000,1930.35,1.85,2069.65,5.28,0.56,59.7,10.41,6.72,3.69,1990.67,1920.66,1850.65,,,,,,,,,,
17-Oct-25,28-Oct-25,BOSCHLTD,Non-Hld,38715,39000,37965.3,1.98,40034.7,3.41,0.59,48.77,-259.4,-279.81,20.41,39548.47,38641.25,37734.03,,,,,,,,,,
17-Oct-25,28-Oct-25,BPCL,Non-Hld,335.7,340,327.25,2.59,352.75,5.08,0.61,53.85,3.63,4.59,-0.96,348.12,336.1,324.09,,,,,,,,,,
17-Oct-25,28-Oct-25,BRITANNIA,Non-Hld,6094,6000,5837.8,4.39,6162.2,1.12,0.75,60.22,4.48,2.69,1.79,6102.9,5944.68,5786.45,,,,,,,,,,
17-Oct-25,28-Oct-25,BSE,Holding,2488.2,2500,2387.2,4.24,2612.8,5.01,0.78,67.23,66.46,22.37,44.09,2565.67,2236.01,1906.35,,,,,,,,,,
17-Oct-25,28-Oct-25,CAMS,Holding,3795,4000,3763.1,0.85,4236.9,11.65,0.58,45.16,-17.09,-15.14,-1.95,4021.78,3852,3682.23,,,,,,,,,,
17-Oct-25,28-Oct-25,CANBK,Non-Hld,125.7,130,123.6,1.7,136.4,8.52,0.79,58.83,3.52,3.82,-0.3,130.81,124.17,117.53,,,,,,,,,,
17-Oct-25,28-Oct-25,CDSL,Holding,1613,1640,1573,2.55,1707,5.83,0.67,60.61,21.3,9.27,12.03,1657.17,1546.68,1436.19,,,,,,,,,,
17-Oct-25,28-Oct-25,CGPOWER,Holding,756,840,752.3,0.5,927.7,22.72,0.57,54.96,4.32,5.67,-1.35,777.55,754.38,731.22,,,,,,,,,,
17-Oct-25,28-Oct-25,CHOLAFIN,Non-Hld,1655,1700,1628.8,1.61,1771.2,7.03,0.55,58.82,32.7,30.3,2.4,1684.09,1621.93,1559.77,,,,,,,,,,
17-Oct-25,28-Oct-25,CIPLA,Non-Hld,1574.2,1600,1553.05,1.37,1646.95,4.63,0.43,60.65,5.3,-2.29,7.59,1588.01,1531.58,1475.16,,,,,,,,,,
17-Oct-25,28-Oct-25,COALINDIA,Holding,388.7,390,381.45,1.91,398.55,2.54,0.66,54.53,-0.53,-0.36,-0.17,396.43,387.38,378.32,,,,,,,,,,
17-Oct-25,28-Oct-25,COFORGE,Non-Hld,1737.8,1700,1600.25,8.6,1799.75,3.57,0.69,55.04,10.07,-3.48,13.55,1817.67,1673.68,1529.68,,,,,,,,,,
17-Oct-25,28-Oct-25,COLPAL,Non-Hld,2287.2,2300,2223.1,2.89,2376.9,3.93,0.7,55.1,-17.92,-25.64,7.72,2345.16,2252.54,2159.91,,,,,,,,,,
17-Oct-25,28-Oct-25,CONCOR,Non-Hld,530,540,522.45,1.45,557.55,5.2,0.71,43.57,-4.34,-4.96,0.62,549.33,533.29,517.26,,,,,,,,,,
17-Oct-25,28-Oct-25,CROMPTON,Non-Hld,287.5,300,284.8,0.95,315.2,9.64,0.51,37.03,-7.8,-8.49,0.69,309.83,292.85,275.88,,,,,,,,,,
17-Oct-25,28-Oct-25,CUMMINSIND,Non-Hld,3980,4000,3883.55,2.49,4116.45,3.43,0.7,53.69,8.68,14.6,-5.92,4047.29,3960.64,3873.98,,,,,,,,,,
17-Oct-25,28-Oct-25,CYIENT,Non-Hld,1166.5,1180,1124.05,3.78,1235.95,5.96,0.75,48.02,-10.94,-11.73,0.79,1219.97,1170.51,1121.04,,,,,,,,,,
17-Oct-25,28-Oct-25,DABUR,Non-Hld,508.45,550,509.1,-0.12,590.9,16.22,0.58,52.86,-7.15,-8.96,1.81,526.81,499.5,472.18,,,,,,,,,,
17-Oct-25,28-Oct-25,DALBHARAT,Non-Hld,2250,2300,2213.95,1.63,2386.05,6.05,0.49,42.41,-31.05,-30.51,-0.54,2369.36,2259.54,2149.71,,,,,,,,,,
17-Oct-25,28-Oct-25,DELHIVERY,Non-Hld,465.6,500,464.05,0.34,535.95,15.11,0.51,52.06,0.01,-0.22,0.23,483.11,458.62,434.12,,,,,,,,,,
17-Oct-25,28-Oct-25,DIVISLAB,Non-Hld,6620,6000,5362.1,23.46,6637.9,0.28,1.01,72.61,140.27,54.49,85.79,6777.51,6122.35,5467.19,,,,,,,,,,
17-Oct-25,28-Oct-25,DIXON,Non-Hld,16660,17000,16008.1,4.08,17991.9,8,0.63,42.77,-166.35,-105.98,-60.38,18446.12,17206.6,15967.08,,,,,,,,,,
17-Oct-25,28-Oct-25,DLF,Non-Hld,769.15,800,763.65,0.73,836.35,8.74,0.72,59.73,-0.44,-5.96,5.52,779.76,740.54,701.32,,,,,,,,,,
17-Oct-25,28-Oct-25,DMART,Non-Hld,4292.2,4400,4219,1.74,4581,6.73,0.37,39.08,-87.34,-74.54,-12.8,4755.63,4425.22,4094.8,,,,,,,,,,
17-Oct-25,28-Oct-25,DRREDDY,Non-Hld,1256.6,1260,1220.55,2.96,1299.45,3.41,0.53,48.99,-8.37,-7.61,-0.76,1313.24,1258.96,1204.69,,,,,,,,,,
17-Oct-25,28-Oct-25,EICHERMOT,Non-Hld,7041,7000,6821.05,3.23,7178.95,1.96,0.83,65.27,103.87,134.2,-30.34,7063.84,6961.65,6859.46,,,,,,,,,,
17-Oct-25,28-Oct-25,ETERNAL,Non-Hld,342.75,350,335.8,2.07,364.2,6.26,0.56,56.84,6.6,6.18,0.42,356.13,338.15,320.16,,,,,,,,,,
17-Oct-25,28-Oct-25,EXIDEIND,Non-Hld,399,400,388.4,2.73,411.6,3.16,0.7,51.06,-1.87,-1.81,-0.06,409.77,397.8,385.83,,,,,,,,,,
17-Oct-25,28-Oct-25,FEDERALBNK,Non-Hld,212.5,225,210.55,0.93,239.45,12.69,0.68,68.54,5.03,3.08,1.95,219.06,200.93,182.81,,,,,,,,,,
17-Oct-25,28-Oct-25,FORTIS,Non-Hld,1085.2,1100,1064.6,1.94,1135.4,4.63,0.82,68.38,39.34,33.65,5.69,1132,1018.04,904.07,,,,,,,,,,
17-Oct-25,28-Oct-25,GAIL,Non-Hld,177.4,180,174,1.96,186,4.85,0.58,50.08,0.25,0.21,0.04,182.17,177.49,172.82,,,,,,,,,,
17-Oct-25,28-Oct-25,GLENMARK,Non-Hld,1860,2000,1861.3,-0.06,2138.7,14.99,0.41,30.19,-37.96,-26.89,-11.07,2067.26,1956.45,1845.64,,,,,,,,,,
17-Oct-25,28-Oct-25,GMRAIRPORT,Non-Hld,90.07,95,89.75,0.36,100.25,11.31,0.52,53.33,0.3,0.14,0.16,92.27,89.4,86.53,,,,,,,,,,
17-Oct-25,28-Oct-25,GODREJCP,Non-Hld,1133,1200,1128.2,0.43,1271.8,12.26,0.58,38.62,-28.47,-27.27,-1.2,1230.06,1155.47,1080.87,,,,,,,,,,
17-Oct-25,28-Oct-25,GODREJPROP,Non-Hld,2235,2100,1952.7,14.46,2247.3,0.56,0.85,67.88,34.21,12.88,21.33,2213.24,2067.19,1921.14,,,,,,,,,,
17-Oct-25,28-Oct-25,GRASIM,Non-Hld,2841,2900,2815.9,0.9,2984.1,5.04,0.68,55.7,6.57,1.69,4.88,2872.17,2803.25,2734.33,,,,,,,,,,
17-Oct-25,28-Oct-25,HAL,Non-Hld,4873.8,5000,4798.75,1.57,5201.25,6.72,0.52,60.41,49.44,53.15,-3.71,4916.03,4807.43,4698.83,,,,,,,,,,
17-Oct-25,28-Oct-25,HAVELLS,Non-Hld,1487.3,1500,1447.7,2.74,1552.3,4.38,0.65,44.17,-21.13,-18.99,-2.14,1583.09,1507.76,1432.44,,,,,,,,,,
17-Oct-25,28-Oct-25,HCLTECH,Non-Hld,1484.9,1500,1458.5,1.82,1541.5,3.82,0.53,60.08,12.04,1.26,10.77,1520.57,1435.5,1350.43,,,,,,,,,,
17-Oct-25,28-Oct-25,HDFCAMC,Non-Hld,5717,6000,5686.65,0.54,6313.35,10.44,0.42,53.17,3.75,-12.13,15.88,5913.45,5663.48,5413.5,,,,,,,,,,
17-Oct-25,28-Oct-25,HDFCBANK,Non-Hld,1000.6,1000,971.6,2.99,1028.4,2.78,0.88,70.58,5.97,2,3.97,999.78,969.4,939.01,,,,,,,,,,
17-Oct-25,28-Oct-25,HDFCLIFE,Non-Hld,745.5,800,746,-0.06,854,14.56,0.47,42.7,-6.51,-5.44,-1.07,783.94,759.43,734.92,,,,,,,,,,
17-Oct-25,28-Oct-25,HEROMOTOCO,Non-Hld,5595,5600,5431.95,3.01,5768.05,3.1,0.68,64.42,98.85,107.33,-8.48,5679.22,5474.22,5269.23,,,,,,,,,,
17-Oct-25,28-Oct-25,HFCL,Non-Hld,75.21,80,73.95,1.71,86.05,14.42,0.44,51.85,0.63,0.44,0.19,77.86,75.03,72.2,,,,,,,,,,
17-Oct-25,28-Oct-25,HINDALCO,Non-Hld,772,780,757.35,1.94,802.65,3.98,0.64,59.74,10.36,11.45,-1.1,787.96,761.78,735.61,,,,,,,,,,
17-Oct-25,28-Oct-25,HINDPETRO,Non-Hld,449,450,430.9,4.21,469.1,4.48,0.54,61.91,11.77,12.71,-0.94,469.69,440.41,411.12,,,,,,,,,,
17-Oct-25,28-Oct-25,HINDUNILVR,Non-Hld,2603.4,2600,2528.35,2.97,2671.65,2.63,0.6,60.11,-6.59,-14.23,7.64,2586.42,2531.6,2476.77,,,,,,,,,,
17-Oct-25,28-Oct-25,HINDZINC,Non-Hld,498.9,500,477,4.6,523,4.84,0.47,60.68,15.53,14.77,0.76,525.47,483.89,442.31,,,,,,,,,,
17-Oct-25,28-Oct-25,HUDCO,Non-Hld,224.85,230,219.5,2.44,240.5,6.97,0.48,48.46,1.78,2.7,-0.92,238.78,229.13,219.48,,,,,,,,,,
17-Oct-25,28-Oct-25,ICICIBANK,Non-Hld,1436.6,1400,1347.4,6.63,1452.6,1.12,0.72,68.57,1.27,-6.91,8.19,1424.53,1381.56,1338.6,,,,,,,,,,
17-Oct-25,28-Oct-25,ICICIGI,Non-Hld,2006,1900,1786.7,12.28,2013.3,0.37,1.53,64.15,19.93,6.48,13.44,1995.98,1898.07,1800.15,,,,,,,,,,
17-Oct-25,28-Oct-25,ICICIPRULI,Non-Hld,598,620,591.8,1.05,648.2,8.4,0.51,47.87,-3.65,-3.85,0.21,607.82,596.12,584.42,,,,,,,,,,
17-Oct-25,28-Oct-25,IDEA,Non-Hld,8.71,10,8.55,1.88,11.45,31.46,0.59,55.59,0.31,0.37,-0.06,9.25,8.63,8.01,,,,,,,,,,
17-Oct-25,28-Oct-25,IDFCFIRSTB,Non-Hld,71.95,75,70.75,1.7,79.25,10.15,0.7,51.67,0.49,0.39,0.11,74.56,71.26,67.96,,,,,,,,,,
17-Oct-25,28-Oct-25,IEX,Holding,134.1,150,133.55,0.42,166.45,24.13,0.59,32.37,-2.54,-2.01,-0.54,147.44,140.09,132.73,,,,,,,,,,
17-Oct-25,28-Oct-25,IGL,Non-Hld,208.79,220,206.2,1.26,233.8,11.98,0.56,44.63,0.69,1,-0.31,220.63,211.28,201.92,,,,,,,,,,
17-Oct-25,28-Oct-25,IIFL,Non-Hld,499,500,480.7,3.81,519.3,4.07,0.68,64.06,13.69,9.5,4.18,517.34,467.67,417.99,,,,,,,,,,
17-Oct-25,28-Oct-25,INDHOTEL,Non-Hld,735,800,737.7,-0.36,862.3,17.32,0.5,46.57,-7.94,-9.57,1.63,765.45,734,702.56,,,,,,,,,,
17-Oct-25,28-Oct-25,INDIANB,Non-Hld,781,800,770.45,1.37,829.55,6.22,0.67,69.63,24.13,23.38,0.75,805.09,745.28,685.46,,,,,,,,,,
17-Oct-25,28-Oct-25,INDIGO,Holding,5852,6000,5804.95,0.82,6195.05,5.87,0.77,58.12,24.43,-4,28.43,5880.18,5711.68,5543.17,,,,,,,,,,
17-Oct-25,28-Oct-25,INDUSINDBK,Non-Hld,752.8,750,714.2,5.41,785.8,4.39,0.99,51.09,-1.67,-3.56,1.89,765.57,743.02,720.47,,,,,,,,,,
17-Oct-25,28-Oct-25,INDUSTOWER,Non-Hld,342.6,360,340.5,0.62,379.5,10.78,0.72,42.74,-1.86,-0.66,-1.2,363.09,351.16,339.22,,,,,,,,,,
17-Oct-25,28-Oct-25,INFY,Non-Hld,1440.9,1560,1410.8,2.14,1709.2,18.63,0.38,39.84,-5.58,-3.88,-1.7,1533.63,1478.26,1422.9,,,,,,,,,,
17-Oct-25,28-Oct-25,INOXWIND,Non-Hld,146.4,150,143.2,2.24,156.8,7.11,0.46,51.08,0.22,-0.43,0.65,153.89,144.72,135.55,,,,,,,,,,
17-Oct-25,28-Oct-25,IOC,Non-Hld,152.95,155,149.85,2.07,160.15,4.71,0.66,59.86,2.58,2.71,-0.13,157.51,151.14,144.76,,,,,,,,,,
17-Oct-25,28-Oct-25,IRCTC,Holding,718,750,714.5,0.49,785.5,9.41,0.48,53.24,-1.39,-2.89,1.51,731.19,712.87,694.55,,,,,,,,,,
17-Oct-25,28-Oct-25,IREDA,Non-Hld,151.42,160,149.25,1.46,170.75,12.77,0.39,49.64,0.63,0.61,0.03,159.26,152.24,145.21,,,,,,,,,,
17-Oct-25,28-Oct-25,IRFC,Non-Hld,123.55,130,121.65,1.57,138.35,11.98,0.45,43.7,-0.41,-0.29,-0.12,128.88,125.38,121.88,,,,,,,,,,
17-Oct-25,28-Oct-25,ITC,Non-Hld,411.4,410,403.25,2.03,416.75,1.31,0.82,59.4,-1.15,-2.05,0.91,410.91,403.1,395.28,,,,,,,,,,
17-Oct-25,28-Oct-25,JINDALSTEL,Non-Hld,1007.4,1100,1006.7,0.07,1193.3,18.46,0.48,45.04,-4.23,1.9,-6.13,1081.81,1036.16,990.52,,,,,,,,,,
17-Oct-25,28-Oct-25,JIOFIN,Non-Hld,309.3,320,305.65,1.2,334.35,8.1,0.55,50.77,-0.57,-1.84,1.27,318.92,306.06,293.19,,,,,,,,,,
17-Oct-25,28-Oct-25,JSWENERGY,Non-Hld,540.9,560,528.3,2.39,591.7,9.4,0.39,53.17,4.99,4.98,0.01,554,539.24,524.49,,,,,,,,,,
17-Oct-25,28-Oct-25,JSWSTEEL,Non-Hld,1166,1200,1152.55,1.17,1247.45,6.99,0.62,59.67,18.13,19.7,-1.56,1182.17,1149.48,1116.79,,,,,,,,,,
17-Oct-25,28-Oct-25,JUBLFOOD,Non-Hld,592.5,640,591.65,0.15,688.35,16.18,0.42,37.85,-11.72,-10.16,-1.56,637.78,609.62,581.45,,,,,,,,,,
17-Oct-25,28-Oct-25,KALYANKJIL,Non-Hld,490.25,500,476.9,2.8,523.1,6.71,0.5,50.71,-6.15,-9.1,2.96,511.7,479.51,447.32,,,,,,,,,,
17-Oct-25,28-Oct-25,KAYNES,Non-Hld,7014.5,7000,6632.7,5.76,7367.3,5.03,0.41,49.53,32.39,98.26,-65.87,7580.21,7173.95,6767.69,,,,,,,,,,
17-Oct-25,28-Oct-25,KEI,Non-Hld,4111,4200,4003.3,2.7,4396.7,6.95,0.35,48.31,58.43,61.74,-3.31,4392.48,4175.54,3958.59,,,,,,,,,,
17-Oct-25,28-Oct-25,KFINTECH,Holding,1121.8,1200,1110,1.07,1290,15,0.48,56.67,5.73,-3,8.73,1150.78,1084.04,1017.29,,,,,,,,,,
17-Oct-25,28-Oct-25,KOTAKBANK,Non-Hld,2200,2100,1978.25,11.21,2221.75,0.99,1.05,74.88,47.35,36.29,11.05,2231.92,2091.91,1951.9,,,,,,,,,,
17-Oct-25,28-Oct-25,KPITTECH,Non-Hld,1145.8,1200,1126.2,1.75,1273.8,11.18,0.64,38.8,-21.14,-19.62,-1.53,1281.95,1185.67,1089.39,,,,,,,,,,
17-Oct-25,28-Oct-25,LAURUSLABS,Non-Hld,901,900,854.85,5.4,945.15,4.91,0.58,59.4,1.06,-0.84,1.9,926.55,876.3,826.06,,,,,,,,,,
17-Oct-25,28-Oct-25,LICHSGFIN,Non-Hld,568.95,600,566.3,0.47,633.7,11.39,0.71,48.53,-0.77,-0.37,-0.4,589.13,572.35,555.56,,,,,,,,,,
17-Oct-25,28-Oct-25,LICI,Non-Hld,884.9,900,872,1.48,928,4.88,0.44,44.44,1.67,2.97,-1.3,913.78,896.98,880.17,,,,,,,,,,
17-Oct-25,28-Oct-25,LODHA,Non-Hld,1186.9,1200,1155.35,2.74,1244.65,4.87,0.62,54.21,-7.67,-16.43,8.76,1219.58,1158.55,1097.52,,,,,,,,,,
17-Oct-25,28-Oct-25,LT,Non-Hld,3838,3800,3721.85,3.13,3878.15,1.05,0.57,66.26,53.37,42.44,10.93,3856.27,3728.47,3600.67,,,,,,,,,,
17-Oct-25,28-Oct-25,LTF,Non-Hld,266.56,270,260.5,2.33,279.5,4.86,0.95,63.91,9.28,9.07,0.21,274.48,255.54,236.6,,,,,,,,,,
17-Oct-25,28-Oct-25,LTIM,Non-Hld,5592,5700,5475.85,2.13,5924.15,5.94,0.53,67.5,91.84,53.89,37.95,5682.2,5334.08,4985.95,,,,,,,,,,
17-Oct-25,28-Oct-25,LUPIN,Non-Hld,1936.6,2000,1919.95,0.87,2080.05,7.41,0.58,46.85,-6.95,-5.24,-1.72,2030.19,1958.33,1886.47,,,,,,,,,,
17-Oct-25,28-Oct-25,M%26M,Non-Hld,3656,3700,3590.35,1.83,3809.65,4.21,0.62,65.69,21.16,12.34,8.81,3640.96,3498.86,3356.76,,,,,,,,,,
17-Oct-25,28-Oct-25,MANAPPURAM,Non-Hld,284.8,290,279.3,1.97,300.7,5.59,0.5,48.25,1.31,2.25,-0.94,296.18,286.91,277.65,,,,,,,,,,
17-Oct-25,28-Oct-25,MANKIND,Non-Hld,2480,2600,2460.5,0.8,2739.5,10.47,0.39,47.02,-24.01,-24.29,0.27,2603.41,2486.66,2369.92,,,,,,,,,,
17-Oct-25,28-Oct-25,MARICO,Non-Hld,736,740,722.35,1.89,757.65,2.95,0.76,63.92,0.83,-1.88,2.71,729.57,711.27,692.97,,,,,,,,,,
17-Oct-25,28-Oct-25,MARUTI,Non-Hld,16380,16200,15819.6,3.55,16580.4,1.23,0.59,69.41,332.64,378.9,-46.27,16463.23,16111.4,15759.57,,,,,,,,,,
17-Oct-25,28-Oct-25,MAXHEALTH,Non-Hld,1201,1200,1164.05,3.18,1235.95,2.92,0.86,60.77,0.61,-9.12,9.74,1198.58,1142.87,1087.15,,,,,,,,,,
17-Oct-25,28-Oct-25,MAZDOCK,Non-Hld,2818,3000,2787,1.12,3213,14.02,0.43,47.36,-0.88,6.76,-7.64,2991.59,2864.97,2738.35,,,,,,,,,,
17-Oct-25,28-Oct-25,MCX,Holding,9332,10000,9232.6,1.08,10767.4,15.39,0.73,73.8,386.87,254.04,132.83,9550.3,8418.88,7287.45,,,,,,,,,,
17-Oct-25,28-Oct-25,MFSL,Non-Hld,1550,1640,1545.2,0.32,1734.8,11.93,0.57,42.23,-1.32,1.63,-2.95,1627.22,1581.38,1535.53,,,,,,,,,,
17-Oct-25,28-Oct-25,MOTHERSON,Holding,104.91,110,104,0.88,116,10.58,0.5,50.98,0.69,1.02,-0.33,110.72,106.04,101.35,,,,,,,,,,
17-Oct-25,28-Oct-25,MPHASIS,Non-Hld,2695,2800,2661.3,1.27,2938.7,9.05,0.55,40.71,-19.9,-18.05,-1.86,2914.26,2761.46,2608.66,,,,,,,,,,
17-Oct-25,28-Oct-25,MUTHOOTFIN,Non-Hld,3335,3200,3031.8,10.01,3368.2,1,1.03,73.53,104.72,103.16,1.57,3361.46,3154.64,2947.82,,,,,,,,,,
17-Oct-25,28-Oct-25,NATIONALUM,Non-Hld,224.75,230,219.35,2.47,240.65,7.08,0.73,63.01,6.27,6,0.27,234.08,216.84,199.6,,,,,,,,,,
17-Oct-25,28-Oct-25,NAUKRI,Non-Hld,1330.1,1400,1319.75,0.79,1480.25,11.29,0.54,44.49,-8.68,-7.48,-1.2,1409.84,1351.17,1292.5,,,,,,,,,,
17-Oct-25,28-Oct-25,NBCC,Non-Hld,111.49,115,109.6,1.73,120.4,8,0.53,52.94,1.22,1.29,-0.07,115.79,111.01,106.22,,,,,,,,,,
17-Oct-25,28-Oct-25,NCC,Non-Hld,206.69,210,202.7,1.97,217.3,5.14,0.44,45.1,-1.01,-1.11,0.09,215.72,209.12,202.51,,,,,,,,,,
17-Oct-25,28-Oct-25,NESTLEIND,Non-Hld,1289,1200,1105.45,16.61,1294.55,0.44,1.09,73.66,16.93,5.63,11.3,1259.11,1189.25,1119.39,,,,,,,,,,
17-Oct-25,28-Oct-25,NHPC,Non-Hld,87,90,86,1.17,94,8.05,0.4,55.46,0.78,0.89,-0.11,88.18,86.43,84.69,,,,,,,,,,
17-Oct-25,28-Oct-25,NMDC,Non-Hld,74.85,80,74.6,0.34,85.4,14.1,0.49,46.27,0.51,0.84,-0.33,78.37,76.49,74.6,,,,,,,,,,
17-Oct-25,28-Oct-25,NTPC,Non-Hld,341,345,337.75,0.97,352.25,3.3,0.38,54.93,1.39,1.48,-0.09,345.46,339.85,334.25,,,,,,,,,,
17-Oct-25,28-Oct-25,NUVAMA,Non-Hld,7014,7000,6714.85,4.46,7285.15,3.87,0.75,58.75,178.5,119.32,59.18,7567.59,6706.8,5846.01,,,,,,,,,,
17-Oct-25,28-Oct-25,NYKAA,Non-Hld,258.93,260,251.45,2.98,268.55,3.72,0.69,62.27,7.55,6.79,0.76,273.78,249.02,224.27,,,,,,,,,,
17-Oct-25,28-Oct-25,OBEROIRLTY,Non-Hld,1697,1700,1649,2.92,1751,3.19,0.83,62.93,1.4,-9.23,10.62,1694.3,1616.45,1538.61,,,,,,,,,,
17-Oct-25,28-Oct-25,OFSS,Non-Hld,8755,9500,8598.85,1.82,10401.15,18.81,0.49,46.3,33.33,71.8,-38.46,9473,8941.38,8409.75,,,,,,,,,,
17-Oct-25,28-Oct-25,OIL,Non-Hld,409.75,420,401.45,2.07,438.55,7.03,0.48,46.79,2.48,2.72,-0.24,424.65,414.04,403.44,,,,,,,,,,
17-Oct-25,28-Oct-25,ONGC,Non-Hld,247.55,250,244.25,1.36,255.75,3.32,0.43,64.1,2.83,2.35,0.49,249.97,242.42,234.87,,,,,,,,,,
17-Oct-25,28-Oct-25,PAGEIND,Non-Hld,41050,42000,40529.85,1.29,43470.15,5.9,0.39,38.53,-863.91,-864.01,0.1,43603.41,41791.25,39979.09,,,,,,,,,,
17-Oct-25,28-Oct-25,PATANJALI,Non-Hld,585.55,600,576.2,1.63,623.8,6.54,0.39,45.38,-2.83,-2.41,-0.42,608.25,592.78,577.31,,,,,,,,,,
17-Oct-25,28-Oct-25,PAYTM,Non-Hld,1279.5,1300,1250.4,2.33,1349.6,5.48,0.83,65.6,23.1,13.31,9.79,1308.54,1202.08,1095.63,,,,,,,,,,
17-Oct-25,28-Oct-25,PERSISTENT,Non-Hld,5758.1,5500,5186,11.04,5814,0.98,1.17,66.57,100.59,21.03,79.57,5815.54,5269.81,4724.08,,,,,,,,,,
17-Oct-25,28-Oct-25,PETRONET,Non-Hld,275.75,280,270.3,2.02,289.7,5.06,0.95,45.75,0.29,0.46,-0.17,287.26,277.86,268.45,,,,,,,,,,
17-Oct-25,28-Oct-25,PFC,Holding,397.2,410,391.8,1.38,428.2,7.81,0.63,43.45,-0.69,0.36,-1.05,415.34,405.46,395.59,,,,,,,,,,
17-Oct-25,28-Oct-25,PGEL,Non-Hld,586.8,600,568.35,3.25,631.65,7.65,0.71,60.27,1.79,-7.27,9.06,602.75,544.72,486.7,,,,,,,,,,
17-Oct-25,28-Oct-25,PHOENIXLTD,Non-Hld,1683,1700,1631.2,3.18,1768.8,5.1,0.75,69.8,29.82,20.12,9.71,1693.82,1605.19,1516.56,,,,,,,,,,
17-Oct-25,28-Oct-25,PIDILITIND,Non-Hld,1538.8,1550,1515.3,1.56,1584.7,2.99,0.73,60.33,-0.37,-6.31,5.94,1540.17,1498.4,1456.64,,,,,,,,,,
17-Oct-25,28-Oct-25,PIIND,Non-Hld,3573,3600,3493.5,2.28,3706.5,3.74,0.59,44.77,-46.04,-56.02,9.98,3695.61,3575.4,3455.2,,,,,,,,,,
17-Oct-25,28-Oct-25,PNB,Non-Hld,113.9,115,110.4,3.18,119.6,5.01,0.7,53.69,1.95,2.02,-0.07,118.2,113.55,108.9,,,,,,,,,,
17-Oct-25,28-Oct-25,PNBHOUSING,Non-Hld,838.8,900,831.65,0.86,968.35,15.45,0.67,43.32,0.15,5.87,-5.72,908.87,870.22,831.57,,,,,,,,,,
17-Oct-25,28-Oct-25,POLICYBZR,Non-Hld,1647.6,1800,1636.75,0.67,1963.25,19.16,0.59,35.48,-29.39,-25.08,-4.31,1815.11,1725.59,1636.06,,,,,,,,,,
17-Oct-25,28-Oct-25,POLYCAB,Non-Hld,7450,8000,7399.15,0.69,8600.85,15.45,0.49,48.97,88.53,104.88,-16.35,7801.5,7526.3,7251.1,,,,,,,,,,
17-Oct-25,28-Oct-25,POWERGRID,Holding,289.3,300,288.8,0.18,311.2,7.57,0.44,54.14,1.1,0.54,0.56,294.05,286.76,279.48,,,,,,,,,,
17-Oct-25,28-Oct-25,POWERINDIA,Non-Hld,17410,18000,17079.95,1.94,18920.05,8.68,0.25,35.51,-494.74,-452.66,-42.08,19571.46,18240.2,16908.94,,,,,,,,,,
17-Oct-25,28-Oct-25,PPLPHARMA,Non-Hld,192.9,210,190.45,1.29,229.55,19,0.56,45.09,-0.88,-0.45,-0.43,205.37,196.25,187.14,,,,,,,,,,
17-Oct-25,28-Oct-25,PRESTIGE,Non-Hld,1693.8,1600,1485.9,14,1714.1,1.2,0.79,67.2,22.54,2.73,19.81,1703.75,1582.31,1460.87,,,,,,,,,,
17-Oct-25,28-Oct-25,RBLBANK,Non-Hld,299.7,300,276.15,8.53,323.85,8.06,0.54,67.91,8.54,6.39,2.15,303.96,281.76,259.56,,,,,,,,,,
17-Oct-25,28-Oct-25,RECLTD,Non-Hld,374.9,380,362.45,3.44,397.55,6.05,0.81,49.37,-0.59,-0.59,0.01,386.41,376.26,366.1,,,,,,,,,,
17-Oct-25,28-Oct-25,RELIANCE,Non-Hld,1419.1,1400,1358.25,4.49,1441.75,1.6,0.68,63.16,1.07,-3,4.07,1408.06,1380.83,1353.61,,,,,,,,,,
17-Oct-25,28-Oct-25,RVNL,Non-Hld,331.7,360,329.8,0.58,390.2,17.64,0.36,40.96,-1.86,0,-1.86,361.53,344.87,328.21,,,,,,,,,,
17-Oct-25,28-Oct-25,SAIL,Non-Hld,128.47,140,127.9,0.45,152.1,18.4,0.49,44.47,0.16,1.01,-0.85,138.48,133.32,128.16,,,,,,,,,,
17-Oct-25,28-Oct-25,SAMMAANCAP,Non-Hld,167,160,151.1,10.53,168.9,1.14,1.02,69.34,7.99,7.81,0.18,179.27,155.49,131.72,,,,,,,,,,
17-Oct-25,28-Oct-25,SBICARD,Non-Hld,926.7,900,856.95,8.14,943.05,1.77,0.72,66.56,20.48,18.9,1.58,945.46,898.26,851.07,,,,,,,,,,
17-Oct-25,28-Oct-25,SBILIFE,Non-Hld,1844.3,1800,1733.25,6.41,1866.75,1.22,0.48,59.19,3.56,-2.85,6.42,1858.4,1810.5,1762.6,,,,,,,,,,
17-Oct-25,28-Oct-25,SBIN,Non-Hld,888,890,870.35,2.03,909.65,2.44,0.6,67.14,13.49,12.88,0.61,890.8,870.45,850.09,,,,,,,,,,
17-Oct-25,28-Oct-25,SHREECEM,Non-Hld,29650,30000,29130.85,1.79,30869.15,4.12,0.83,50.18,-33.02,-116.31,83.29,30083.97,29541.75,28999.53,,,,,,,,,,
17-Oct-25,28-Oct-25,SHRIRAMFIN,Non-Hld,676,680,656.95,2.9,703.05,4.01,0.79,66.57,15.56,13.2,2.36,698.03,648.36,598.69,,,,,,,,,,
17-Oct-25,28-Oct-25,SIEMENS,Holding,3123,3300,3102.85,0.65,3497.15,11.99,0.4,44.89,-16.99,-7.52,-9.47,3299.4,3168.61,3037.81,,,,,,,,,,
17-Oct-25,28-Oct-25,SOLARINDS,Non-Hld,13982,15000,14086.6,-0.74,15913.4,13.82,0.65,48.86,-65.07,-98.39,33.32,14636.72,14007.25,13377.78,,,,,,,,,,
17-Oct-25,28-Oct-25,SONACOMS,Non-Hld,461.15,500,457.5,0.8,542.5,17.65,0.67,64.22,5.33,-1.46,6.79,464.09,426.48,388.87,,,,,,,,,,
17-Oct-25,28-Oct-25,SRF,Non-Hld,3165,3200,3089.2,2.46,3310.8,4.61,0.98,73.28,54.38,24.83,29.55,3172.4,2961.7,2751.01,,,,,,,,,,
17-Oct-25,28-Oct-25,SUNPHARMA,Non-Hld,1678.1,1680,1643.3,2.12,1716.7,2.31,0.92,61.72,12.86,9.06,3.79,1691.69,1640.41,1589.13,,,,,,,,,,
17-Oct-25,28-Oct-25,SUPREMEIND,Non-Hld,4220,4600,4168.6,1.24,5031.4,19.23,0.5,44.41,-51.12,-56,4.88,4380.85,4242.48,4104.12,,,,,,,,,,
17-Oct-25,28-Oct-25,SUZLON,Non-Hld,53.07,56,52.7,0.71,59.3,11.74,0.43,31.82,-1.34,-1.32,-0.01,59.64,55.27,50.9,,,,,,,,,,
17-Oct-25,28-Oct-25,SYNGENE,Non-Hld,640,640,619.75,3.27,660.25,3.17,0.56,49.36,-3.9,-5.2,1.31,660.72,635.53,610.34,,,,,,,,,,
17-Oct-25,28-Oct-25,TATACONSUM,Non-Hld,1165.7,1170,1129.1,3.25,1210.9,3.88,0.62,66.09,9.56,8.56,0.99,1155.91,1130.28,1104.65,,,,,,,,,,
17-Oct-25,28-Oct-25,TATAELXSI,Non-Hld,5373.5,5500,5259.35,2.18,5740.65,6.84,0.39,44.04,-57.6,-65.27,7.68,5662.5,5415.75,5169,,,,,,,,,,
17-Oct-25,28-Oct-25,TATAPOWER,Non-Hld,397.35,400,389.6,1.99,410.4,3.29,0.84,59,1.81,1.03,0.77,400.39,391.89,383.39,,,,,,,,,,
17-Oct-25,28-Oct-25,TATASTEEL,Non-Hld,171.5,175,168.5,1.79,181.5,5.84,0.63,53.61,1.7,1.93,-0.23,176.14,171.69,167.23,,,,,,,,,,
17-Oct-25,28-Oct-25,TATATECH,Non-Hld,687.3,700,671.7,2.33,728.3,5.97,0.64,44.86,0.63,2.45,-1.82,727.85,696.26,664.67,,,,,,,,,,
17-Oct-25,28-Oct-25,TCS,Non-Hld,2963,3000,2917.3,1.57,3082.7,4.04,0.56,44.42,-23,-26.86,3.86,3117.59,2977.92,2838.26,,,,,,,,,,
17-Oct-25,28-Oct-25,TECHM,Non-Hld,1446.8,1500,1425.4,1.51,1574.6,8.84,0.69,45.43,-9.31,-13.26,3.95,1505.56,1435.6,1365.64,,,,,,,,,,
17-Oct-25,28-Oct-25,TIINDIA,Non-Hld,3130,3200,3083.5,1.51,3316.5,5.96,0.49,48.01,-4.04,4.12,-8.17,3334.03,3177.96,3021.9,,,,,,,,,,
17-Oct-25,28-Oct-25,TITAGARH,Non-Hld,868,900,849.6,2.17,950.4,9.5,0.42,42.23,-1.75,2.91,-4.65,940.76,898.18,855.6,,,,,,,,,,
17-Oct-25,28-Oct-25,TITAN,Non-Hld,3670,3400,3113.5,17.88,3686.5,0.45,0.73,67.19,24.69,-2.11,26.8,3656.57,3477.23,3297.89,,,,,,,,,,
17-Oct-25,28-Oct-25,TMPV,Non-Hld,396.5,400,383.15,3.49,416.85,5.14,0.41,13.59,-67.35,-30.99,-36.37,867.73,630.26,392.78,,,,,,,,,,
17-Oct-25,28-Oct-25,TORNTPHARM,Non-Hld,3571.9,3500,3384.35,5.55,3615.65,1.23,0.52,53.73,-11.16,-12.15,0.99,3653.14,3566.09,3479.03,,,,,,,,,,
17-Oct-25,28-Oct-25,TORNTPOWER,Non-Hld,1311.1,1300,1260.9,3.99,1339.1,2.14,0.71,59.59,8.55,-4.44,12.99,1328.96,1256.35,1183.74,,,,,,,,,,
17-Oct-25,28-Oct-25,TRENT,Non-Hld,4795,5000,4753.55,0.88,5246.45,9.42,0.47,46.36,-110.1,-136.82,26.72,5013.54,4770.92,4528.3,,,,,,,,,,
17-Oct-25,28-Oct-25,TVSMOTOR,Non-Hld,3653.2,3500,3325.5,9.86,3674.5,0.59,0.97,75.78,54.19,48.65,5.54,3612.07,3496.68,3381.29,,,,,,,,,,
17-Oct-25,28-Oct-25,ULTRACEMCO,Non-Hld,12313,13000,12305.1,0.07,13694.9,11.23,0.71,52.93,-41.73,-76.55,34.82,12557.07,12217.25,11877.43,,,,,,,,,,
17-Oct-25,28-Oct-25,UNIONBANK,Non-Hld,136.77,140,133.4,2.53,146.6,7.19,0.57,49.64,0.98,1.16,-0.18,141.33,138.09,134.86,,,,,,,,,,
17-Oct-25,28-Oct-25,UNITDSPR,Non-Hld,1360,1400,1351.5,0.63,1448.5,6.51,0.61,57.87,4.74,3.08,1.67,1374.13,1335.5,1296.86,,,,,,,,,,
17-Oct-25,28-Oct-25,UNOMINDA,Non-Hld,1217,1300,1207.4,0.8,1392.6,14.43,0.43,42.64,-13.3,0.64,-13.94,1378.54,1281.49,1184.44,,,,,,,,,,
17-Oct-25,28-Oct-25,UPL,Non-Hld,673.55,680,660.25,2.02,699.75,3.89,0.61,46.36,-4.09,-5.69,1.61,693.67,672.9,652.14,,,,,,,,,,
17-Oct-25,28-Oct-25,VBL,Non-Hld,461.9,500,459.9,0.44,540.1,16.94,0.67,53.81,-6.14,-9.55,3.41,468.89,449.18,429.46,,,,,,,,,,
17-Oct-25,28-Oct-25,VEDL,Non-Hld,474.4,480,462.6,2.56,497.4,4.85,0.77,58.14,9.5,9.75,-0.25,490.94,468.02,445.11,,,,,,,,,,
17-Oct-25,28-Oct-25,VOLTAS,Non-Hld,1428,1500,1400.85,1.94,1599.15,11.99,0.73,60.18,8.47,3.14,5.32,1429.34,1381.28,1333.22,,,,,,,,,,
17-Oct-25,28-Oct-25,WIPRO,Non-Hld,240.68,250,237.75,1.24,262.25,8.97,0.56,43.01,-0.25,-0.79,0.53,255.28,245.14,234.99,,,,,,,,,,
17-Oct-25,28-Oct-25,YESBANK,Non-Hld,22.34,24,22.1,1.09,25.9,15.94,0.55,54.03,0.69,0.69,0.01,24.01,22.09,20.17,,,,,,,,,,
17-Oct-25,28-Oct-25,ZYDUSLIFE,Non-Hld,985.25,1000,969.6,1.62,1030.4,4.59,0.51,45.45,-6.7,-4.75,-1.95,1042.38,999.11,955.85,,,,,,,,,,
20-Oct-25,28-Oct-25,360ONE,Non-Hld,1190.6,1200,1157.85,2.83,1242.15,4.33,0.51,73.78,28.73,14.68,14.05,1189.1,1078.2,967.29,,,,,,,,,,
20-Oct-25,28-Oct-25,ABB,Holding,5235,5300,5145.5,1.74,5454.5,4.2,0.63,52.6,-12.34,-16.39,4.05,5310.05,5201.55,5093.05,,,,,,,,,,
20-Oct-25,28-Oct-25,ABCAPITAL,Non-Hld,305.5,300,288.7,5.82,311.3,1.9,0.61,60.66,4.32,4.24,0.08,309.73,296.11,282.5,,,,,,,,,,
20-Oct-25,28-Oct-25,ADANIENSOL,Non-Hld,937,1000,931.05,0.64,1068.95,14.09,0.63,62.72,26.43,27.2,-0.77,963.5,916.47,869.43,,,,,,,,,,
20-Oct-25,28-Oct-25,ADANIENT,Non-Hld,2550,2600,2505.75,1.77,2694.25,5.66,0.52,56.04,28.23,35.63,-7.39,2645.33,2560.46,2475.59,,,,,,,,,,
20-Oct-25,28-Oct-25,ADANIGREEN,Non-Hld,1035.6,1100,1021.05,1.43,1178.95,13.85,0.46,49.83,10.51,16.44,-5.93,1124.83,1062.32,999.81,,,,,,,,,,
20-Oct-25,28-Oct-25,ADANIPORTS,Non-Hld,1464.9,1500,1448.55,1.13,1551.45,5.91,0.59,64.61,20.62,14.82,5.8,1481.26,1424.39,1367.52,,,,,,,,,,
20-Oct-25,28-Oct-25,ALKEM,Non-Hld,5545,5600,5456.7,1.62,5743.3,3.58,0.75,59.96,45.07,44.44,0.62,5594.56,5496.05,5397.54,,,,,,,,,,
20-Oct-25,28-Oct-25,AMBER,Non-Hld,8243,8500,8047.7,2.43,8952.3,8.61,0.49,54.76,85.8,117.05,-31.25,8434.54,8258.7,8082.86,,,,,,,,,,
20-Oct-25,28-Oct-25,AMBUJACEM,Non-Hld,567.05,600,565.9,0.21,634.1,11.83,0.57,44.82,-2.88,-2.58,-0.3,588.07,571.49,554.92,,,,,,,,,,
20-Oct-25,28-Oct-25,ANGELONE,Non-Hld,2498,2500,2409.1,3.7,2590.9,3.72,0.88,69.68,42.04,0.85,41.2,2521.18,2280.6,2040.03,,,,,,,,,,
20-Oct-25,28-Oct-25,APLAPOLLO,Non-Hld,1754,1700,1629.45,7.65,1770.55,0.95,0.54,61.34,18.68,18.3,0.38,1773.44,1717.38,1661.32,,,,,,,,,,
20-Oct-25,28-Oct-25,APOLLOHOSP,Non-Hld,8013.5,8000,7827.25,2.38,8172.75,1.99,0.7,69.29,54.92,13.9,41.02,7978.2,7667.25,7356.3,,,,,,,,,,
20-Oct-25,28-Oct-25,ASHOKLEY,Non-Hld,136,140,134.3,1.27,145.7,7.14,0.35,47.59,0.27,1.21,-0.93,144.49,139.17,133.86,,,,,,,,,,
20-Oct-25,28-Oct-25,ASIANPAINT,Non-Hld,2516,2500,2441.45,3.06,2558.55,1.7,0.71,65.46,-6.79,-28.46,21.67,2508.09,2385.08,2262.08,,,,,,,,,,
20-Oct-25,28-Oct-25,ASTRAL,Non-Hld,1451.9,1500,1445.35,0.46,1554.65,7.08,0.49,59.13,5.53,-0.06,5.6,1467.12,1412.18,1357.25,,,,,,,,,,
20-Oct-25,28-Oct-25,AUBANK,Non-Hld,866.45,860,831.35,4.23,888.65,2.57,1.3,80.66,23.06,13.72,9.34,829.02,760.54,692.06,,,,,,,,,,
20-Oct-25,28-Oct-25,AUROPHARMA,Non-Hld,1101,1100,1067,3.19,1133,2.91,0.62,50.36,6.86,7.94,-1.08,1135.24,1102.14,1069.04,,,,,,,,,,
20-Oct-25,28-Oct-25,AXISBANK,Non-Hld,1225,1160,1093,12.08,1227,0.17,0.76,68.06,23.91,22.37,1.54,1221.87,1174.28,1126.68,,,,,,,,,,
20-Oct-25,28-Oct-25,BAJAJ-AUTO,Non-Hld,9115.5,9200,8966.95,1.66,9433.05,3.49,0.63,59.51,70.58,40,30.58,9236.08,8898.1,8560.12,,,,,,,,,,
20-Oct-25,28-Oct-25,BAJAJFINSV,Non-Hld,2141.8,2100,2042.55,4.86,2157.45,0.74,0.93,70.72,19.34,9.95,9.39,2117.79,2041.84,1965.89,,,,,,,,,,
20-Oct-25,28-Oct-25,BAJFINANCE,Non-Hld,1081.5,1020,952.75,13.52,1087.25,0.54,1.11,73.3,27.45,23.52,3.93,1077.65,1022.8,967.96,,,,,,,,,,
20-Oct-25,28-Oct-25,BANDHANBNK,Non-Hld,167.15,170,163.25,2.39,176.75,5.75,0.79,54.58,-0.13,-0.38,0.25,169.61,162.82,156.03,,,,,,,,,,
20-Oct-25,28-Oct-25,BANKBARODA,Non-Hld,271.5,270,261.5,3.83,278.5,2.58,0.65,67.59,6.07,5.93,0.14,273.9,261,248.11,,,,,,,,,,
20-Oct-25,28-Oct-25,BANKINDIA,Non-Hld,129.9,130,126.15,2.98,133.85,3.05,0.71,65.48,2.44,2.46,-0.02,130.25,123.84,117.44,,,,,,,,,,
20-Oct-25,28-Oct-25,BDL,Non-Hld,1534.5,1600,1520.95,0.9,1679.05,9.43,0.62,50.48,-7.67,-8.22,0.55,1605.04,1532.9,1460.76,,,,,,,,,,
20-Oct-25,28-Oct-25,BEL,Holding,416.5,420,408.75,1.9,431.25,3.55,0.57,60.94,5.16,5.21,-0.05,418.4,406.97,395.54,,,,,,,,,,
20-Oct-25,28-Oct-25,BHARATFORG,Non-Hld,1247.7,1300,1237.95,0.79,1362.05,9.17,0.51,56.93,10.57,8.57,2,1265.16,1223.92,1182.69,,,,,,,,,,
20-Oct-25,28-Oct-25,BHARTIARTL,Non-Hld,2050,1960,1868.75,9.7,2051.25,0.07,0.73,75.58,23.64,11.82,11.81,2021.75,1939.08,1856.4,,,,,,,,,,
20-Oct-25,28-Oct-25,BHEL,Non-Hld,234,250,233.2,0.35,266.8,14.02,0.48,48.74,1.23,2.41,-1.18,245.74,237.56,229.37,,,,,,,,,,
20-Oct-25,28-Oct-25,BIOCON,Non-Hld,363.4,360,349.6,3.95,370.4,1.93,0.73,59.11,-0.15,-2,1.85,366.01,352.1,338.2,,,,,,,,,,
20-Oct-25,28-Oct-25,BLUESTARCO,Non-Hld,1966.2,2000,1934.5,1.64,2065.5,5.06,0.57,59.68,13.43,8.06,5.37,1992.04,1921.04,1850.03,,,,,,,,,,
20-Oct-25,28-Oct-25,BOSCHLTD,Non-Hld,39185,39000,38105.45,2.84,39894.55,1.82,0.71,54.59,-189.17,-261.68,72.52,39400.95,38612.5,37824.05,,,,,,,,,,
20-Oct-25,28-Oct-25,BPCL,Non-Hld,338,340,328.95,2.76,351.05,3.87,0.6,56.02,3.43,4.36,-0.93,348.16,336.51,324.86,,,,,,,,,,
20-Oct-25,28-Oct-25,BRITANNIA,Non-Hld,6076,6000,5845.7,3.94,6154.3,1.29,0.77,59.15,14.33,5.02,9.31,6103.01,5944.7,5786.39,,,,,,,,,,
20-Oct-25,28-Oct-25,BSE,Holding,2495.5,2500,2404.65,3.78,2595.35,4.01,0.75,67.73,71.89,32.27,39.61,2598.65,2251.58,1904.52,,,,,,,,,,
20-Oct-25,28-Oct-25,CAMS,Holding,3829.5,4000,3800.5,0.77,4199.5,9.67,0.58,48.43,-15.74,-15.26,-0.48,3964.07,3838.36,3712.66,,,,,,,,,,
20-Oct-25,28-Oct-25,CANBK,Non-Hld,127.84,130,125.5,1.87,134.5,5.21,0.79,62.61,3.42,3.74,-0.32,130.76,124.66,118.56,,,,,,,,,,
20-Oct-25,28-Oct-25,CDSL,Holding,1602.8,1640,1580.25,1.43,1699.75,6.05,0.67,57.86,21.16,11.65,9.51,1659.47,1547.57,1435.67,,,,,,,,,,
20-Oct-25,28-Oct-25,CGPOWER,Holding,740.15,840,732.2,1.09,947.8,28.06,0.53,45.84,2.91,5.12,-2.21,773.32,752.42,731.52,,,,,,,,,,
20-Oct-25,28-Oct-25,CHOLAFIN,Non-Hld,1675,1700,1644.85,1.84,1755.15,4.79,0.57,61.37,33.1,30.86,2.24,1690.33,1626.05,1561.77,,,,,,,,,,
20-Oct-25,28-Oct-25,CIPLA,Non-Hld,1643,1600,1543.6,6.44,1656.4,0.82,0.54,71.24,12.22,0.61,11.61,1605.91,1534.75,1463.59,,,,,,,,,,
20-Oct-25,28-Oct-25,COALINDIA,Holding,390.5,390,382.25,2.16,397.75,1.86,0.65,57.22,-0.1,-0.31,0.21,395.77,387.18,378.6,,,,,,,,,,
20-Oct-25,28-Oct-25,COFORGE,Non-Hld,1745.4,1700,1596.1,9.36,1803.9,3.36,0.68,56.68,12.19,-0.35,12.53,1808.54,1671.28,1534.02,,,,,,,,,,
20-Oct-25,28-Oct-25,COLPAL,Non-Hld,2249.2,2400,2241.35,0.36,2558.65,13.76,0.63,46.1,-17.01,-23.92,6.91,2331.81,2247.85,2163.89,,,,,,,,,,
20-Oct-25,28-Oct-25,CONCOR,Non-Hld,533.6,540,526.45,1.36,553.55,3.74,0.71,47.33,-3.92,-4.75,0.83,545.32,532.3,519.28,,,,,,,,,,
20-Oct-25,28-Oct-25,CROMPTON,Non-Hld,288.25,300,285.95,0.81,314.05,8.96,0.54,36.6,-7.39,-8.27,0.88,305.6,291.51,277.42,,,,,,,,,,
20-Oct-25,28-Oct-25,CUMMINSIND,Non-Hld,4015,4000,3903.55,2.86,4096.45,2.03,0.76,57.06,12.06,14.09,-2.03,4027.68,3956.94,3886.19,,,,,,,,,,
20-Oct-25,28-Oct-25,CYIENT,Non-Hld,1196,1180,1137.15,5.18,1222.85,2.25,0.69,53.64,-7.86,-10.96,3.1,1207.2,1168.18,1129.15,,,,,,,,,,
20-Oct-25,28-Oct-25,DABUR,Non-Hld,505.85,550,506.2,-0.06,593.8,17.39,0.58,49.94,-6.02,-8.37,2.35,519.93,497.95,475.97,,,,,,,,,,
20-Oct-25,28-Oct-25,DALBHARAT,Non-Hld,2190.7,2300,2179.55,0.52,2420.45,10.49,0.36,33.87,-32.46,-30.9,-1.56,2337.67,2248.84,2160,,,,,,,,,,
20-Oct-25,28-Oct-25,DELHIVERY,Non-Hld,475,500,472.65,0.5,527.35,11.03,0.61,56.16,1.1,0.04,1.05,482.32,458.42,434.52,,,,,,,,,,
20-Oct-25,28-Oct-25,DIVISLAB,Non-Hld,6618,6000,5371.45,23.21,6628.55,0.16,1.06,71.24,149.95,73.58,76.37,6830.15,6142.55,5454.95,,,,,,,,,,
20-Oct-25,28-Oct-25,DIXON,Non-Hld,16115,17000,16016.4,0.62,17983.6,11.6,0.4,35.58,-226.06,-129.99,-96.07,18350.5,17101.5,15852.5,,,,,,,,,,
20-Oct-25,28-Oct-25,DLF,Non-Hld,773.5,800,768.5,0.66,831.5,7.5,0.73,62.03,1.67,-4.43,6.1,778.89,740.35,701.81,,,,,,,,,,
20-Oct-25,28-Oct-25,DMART,Non-Hld,4278,4400,4238.9,0.93,4561.1,6.62,0.36,37.22,-85.31,-76.7,-8.61,4694.59,4400.21,4105.84,,,,,,,,,,
20-Oct-25,28-Oct-25,DRREDDY,Non-Hld,1285,1260,1220.25,5.31,1299.75,1.15,0.51,56.39,-5.22,-7.13,1.91,1304.4,1256.98,1209.56,,,,,,,,,,
20-Oct-25,28-Oct-25,EICHERMOT,Non-Hld,7012,7000,6843.85,2.46,7156.15,2.06,0.78,62.63,101.54,127.67,-26.13,7068.22,6963.65,6859.08,,,,,,,,,,
20-Oct-25,28-Oct-25,ETERNAL,Non-Hld,338.45,350,335.05,1.02,364.95,7.83,0.52,52.07,5.73,6.09,-0.36,356.2,338.23,320.26,,,,,,,,,,
20-Oct-25,28-Oct-25,EXIDEIND,Non-Hld,399.8,400,389.75,2.58,410.25,2.62,0.7,49.05,-1.66,-1.78,0.12,406.25,397.02,387.78,,,,,,,,,,
20-Oct-25,28-Oct-25,FEDERALBNK,Non-Hld,227.9,225,217.7,4.69,232.3,1.94,1.05,79.7,6.21,3.7,2.5,223.72,202.39,181.06,,,,,,,,,,
20-Oct-25,28-Oct-25,FORTIS,Non-Hld,1093,1100,1069.4,2.21,1130.6,3.45,0.85,69.69,39.23,34.77,4.46,1139.43,1024.99,910.55,,,,,,,,,,
20-Oct-25,28-Oct-25,GAIL,Non-Hld,178.39,180,174.65,2.15,185.35,3.91,0.59,51.66,0.28,0.22,0.06,181.63,177.33,173.03,,,,,,,,,,
20-Oct-25,28-Oct-25,GLENMARK,Non-Hld,1855,2000,1853.05,0.11,2146.95,15.74,0.46,29.1,-40.39,-29.59,-10.8,2048.5,1944.96,1841.42,,,,,,,,,,
20-Oct-25,28-Oct-25,GMRAIRPORT,Non-Hld,92.02,95,91.35,0.74,98.65,7.21,0.52,59.51,0.46,0.21,0.25,92.13,89.37,86.62,,,,,,,,,,
20-Oct-25,28-Oct-25,GODREJCP,Non-Hld,1136.8,1200,1131.95,0.43,1268.05,11.55,0.61,40.41,-26.22,-27.06,0.84,1214.69,1150.34,1086,,,,,,,,,,
20-Oct-25,28-Oct-25,GODREJPROP,Non-Hld,2293.5,2100,1895.8,20.98,2304.2,0.47,0.98,71.39,46.24,19.55,26.69,2247.69,2074.52,1901.35,,,,,,,,,,
20-Oct-25,28-Oct-25,GRASIM,Non-Hld,2857.5,2900,2829.9,0.98,2970.1,3.95,0.63,58.43,9.41,3.24,6.18,2866.44,2802.06,2737.67,,,,,,,,,,
20-Oct-25,28-Oct-25,HAL,Non-Hld,4861.4,5000,4798.8,1.31,5201.2,6.99,0.52,58.43,49.16,52.35,-3.19,4904.36,4804.62,4704.88,,,,,,,,,,
20-Oct-25,28-Oct-25,HAVELLS,Non-Hld,1483.9,1600,1479.85,0.28,1720.15,15.93,0.59,42.63,-19.87,-19.17,-0.7,1567.94,1502.5,1437.05,,,,,,,,,,
20-Oct-25,28-Oct-25,HCLTECH,Non-Hld,1496,1520,1479.15,1.14,1560.85,4.34,0.52,62.14,13.64,3.74,9.9,1526.12,1437.48,1348.84,,,,,,,,,,
20-Oct-25,28-Oct-25,HDFCAMC,Non-Hld,5726,6000,5705.15,0.37,6294.85,9.94,0.44,53.19,7.74,-8.16,15.9,5891.8,5656.45,5421.1,,,,,,,,,,
20-Oct-25,28-Oct-25,HDFCBANK,Non-Hld,1003.6,1000,980,2.41,1020,1.64,0.76,70.75,7.32,3.06,4.26,1004.88,971.2,937.52,,,,,,,,,,
20-Oct-25,28-Oct-25,HDFCLIFE,Non-Hld,743,800,741.6,0.19,858.4,15.54,0.46,41.04,-6.84,-5.72,-1.13,780.68,757.44,734.19,,,,,,,,,,
20-Oct-25,28-Oct-25,HEROMOTOCO,Non-Hld,5627.5,5600,5451.8,3.23,5748.2,2.15,0.76,67.11,100.5,105.96,-5.46,5700.73,5485.88,5271.02,,,,,,,,,,
20-Oct-25,28-Oct-25,HFCL,Non-Hld,76.72,80,75.7,1.35,84.3,9.89,0.53,54.37,0.66,0.49,0.17,77.85,75.03,72.2,,,,,,,,,,
20-Oct-25,28-Oct-25,HINDALCO,Non-Hld,787.35,800,777,1.34,823,4.53,0.66,65.45,11.06,11.37,-0.32,790.75,763.94,737.12,,,,,,,,,,
20-Oct-25,28-Oct-25,HINDPETRO,Non-Hld,452.85,450,434.3,4.28,465.7,2.84,0.56,64.4,11.43,12.45,-1.02,469.3,442.4,415.5,,,,,,,,,,
20-Oct-25,28-Oct-25,HINDUNILVR,Non-Hld,2601.1,2700,2580.25,0.81,2819.75,8.41,0.47,58.21,-1.69,-11.72,10.03,2593.55,2533.34,2473.12,,,,,,,,,,
20-Oct-25,28-Oct-25,HINDZINC,Non-Hld,487,500,478.05,1.88,521.95,7.18,0.44,52.86,13.56,14.53,-0.97,524.66,485.56,446.46,,,,,,,,,,
20-Oct-25,28-Oct-25,HUDCO,Non-Hld,228.8,230,222.4,2.88,237.6,3.85,0.48,53.04,1.73,2.5,-0.78,238.77,229.12,219.47,,,,,,,,,,
20-Oct-25,28-Oct-25,ICICIBANK,Non-Hld,1393,1400,1372.8,1.48,1427.2,2.46,0.54,49.16,0.88,-5.35,6.24,1423.09,1380.97,1338.85,,,,,,,,,,
20-Oct-25,28-Oct-25,ICICIGI,Non-Hld,2008.4,1900,1781.85,12.72,2018.15,0.49,1.29,65.23,24.99,10.19,14.81,2011.87,1905.3,1798.73,,,,,,,,,,
20-Oct-25,28-Oct-25,ICICIPRULI,Non-Hld,597.9,620,593.55,0.74,646.45,8.13,0.48,48.68,-3.2,-3.72,0.52,607.16,595.83,584.5,,,,,,,,,,
20-Oct-25,28-Oct-25,IDEA,Non-Hld,8.98,10,8.75,2.63,11.25,25.28,0.59,58.78,0.31,0.35,-0.05,9.28,8.66,8.04,,,,,,,,,,
20-Oct-25,28-Oct-25,IDFCFIRSTB,Non-Hld,76.85,75,72,6.74,78,1.5,0.93,69.25,0.84,0.48,0.37,75.64,71.52,67.39,,,,,,,,,,
20-Oct-25,28-Oct-25,IEX,Holding,139,150,138.2,0.58,161.8,16.41,0.58,44.86,-2.32,-2.07,-0.25,145.68,139.55,133.42,,,,,,,,,,
20-Oct-25,28-Oct-25,IGL,Non-Hld,207.3,220,205.9,0.68,234.1,12.93,0.53,43.25,0.22,0.84,-0.62,220.22,210.88,201.54,,,,,,,,,,
20-Oct-25,28-Oct-25,IIFL,Non-Hld,499.55,500,483.2,3.39,516.8,3.46,0.69,64.47,13.87,10.38,3.49,521.09,469.95,418.81,,,,,,,,,,
20-Oct-25,28-Oct-25,INDHOTEL,Non-Hld,744.5,800,744.4,0.02,855.6,14.93,0.53,51.05,-6.53,-8.96,2.43,757.85,732.38,706.9,,,,,,,,,,
20-Oct-25,28-Oct-25,INDIANB,Non-Hld,813.85,800,774.7,5.06,825.3,1.41,1.01,76.22,26.36,23.97,2.39,814.2,750.89,687.59,,,,,,,,,,
20-Oct-25,28-Oct-25,INDIGO,Holding,5935,5800,5634.55,5.34,5965.45,0.52,0.82,63.09,35.81,3.96,31.85,5917.85,5724.42,5531,,,,,,,,,,
20-Oct-25,28-Oct-25,INDUSINDBK,Non-Hld,758.5,800,755.75,0.37,844.25,11.31,0.97,54.6,-0.49,-2.95,2.46,767.49,743.79,720.08,,,,,,,,,,
20-Oct-25,28-Oct-25,INDUSTOWER,Non-Hld,355.25,350,336.05,5.72,363.95,2.45,0.68,53.8,-1.21,-0.77,-0.44,362.78,351.04,339.29,,,,,,,,,,
20-Oct-25,28-Oct-25,INFY,Non-Hld,1462.7,1560,1438.15,1.71,1681.85,14.99,0.4,45.22,-6.39,-4.38,-2,1522.21,1474.3,1426.39,,,,,,,,,,
20-Oct-25,28-Oct-25,INOXWIND,Non-Hld,147.2,150,144.25,2.05,155.75,5.81,0.48,52.09,0.27,-0.29,0.56,153.21,144.49,135.77,,,,,,,,,,
20-Oct-25,28-Oct-25,IOC,Non-Hld,153.72,155,150.35,2.25,159.65,3.86,0.71,62.19,2.49,2.66,-0.18,157.77,151.4,145.04,,,,,,,,,,
20-Oct-25,28-Oct-25,IRCTC,Holding,721.5,720,703.4,2.58,736.6,2.1,0.47,54.39,-0.67,-2.45,1.78,727.38,712.09,696.8,,,,,,,,,,
20-Oct-25,28-Oct-25,IREDA,Non-Hld,153.42,160,151.75,1.11,168.25,9.67,0.42,53.5,0.69,0.62,0.07,157.69,151.86,146.02,,,,,,,,,,
20-Oct-25,28-Oct-25,IRFC,Non-Hld,125.19,130,123.55,1.33,136.45,9,0.44,48.99,-0.37,-0.3,-0.07,128.04,125.15,122.26,,,,,,,,,,
20-Oct-25,28-Oct-25,ITC,Non-Hld,412.6,410,403.55,2.25,416.45,0.94,0.8,60.29,-0.29,-1.7,1.41,411.55,403.22,394.89,,,,,,,,,,
20-Oct-25,28-Oct-25,JINDALSTEL,Non-Hld,1008.9,1100,1005.05,0.39,1194.95,18.45,0.46,44.55,-5.21,0.48,-5.69,1081.41,1034.14,986.88,,,,,,,,,,
20-Oct-25,28-Oct-25,JIOFIN,Non-Hld,311,320,308.25,0.9,331.75,6.68,0.54,52.54,-0.32,-1.53,1.22,317.8,305.74,293.68,,,,,,,,,,
20-Oct-25,28-Oct-25,JSWENERGY,Non-Hld,525,560,521.7,0.64,598.3,13.97,0.35,43.62,3.32,4.65,-1.33,553.88,538.23,522.57,,,,,,,,,,
20-Oct-25,28-Oct-25,JSWSTEEL,Non-Hld,1147.9,1200,1143.45,0.39,1256.55,9.47,0.58,52.6,15.87,18.93,-3.06,1181.01,1150.6,1120.19,,,,,,,,,,
20-Oct-25,28-Oct-25,JUBLFOOD,Non-Hld,591.35,640,591.05,0.06,688.95,16.51,0.4,37.01,-11.65,-10.46,-1.19,636.04,607.83,579.63,,,,,,,,,,
20-Oct-25,28-Oct-25,KALYANKJIL,Non-Hld,494.85,500,481.9,2.69,518.1,4.7,0.52,53.18,-4.64,-8.21,3.57,508.31,478.68,449.06,,,,,,,,,,
20-Oct-25,28-Oct-25,KAYNES,Non-Hld,6871,7000,6684.65,2.79,7315.35,6.47,0.41,44.55,13.27,81.26,-67.99,7587.88,7159.5,6731.12,,,,,,,,,,
20-Oct-25,28-Oct-25,KEI,Non-Hld,4148,4400,4136,0.3,4664,12.44,0.4,49.26,48.19,59.03,-10.84,4389.83,4172.81,3955.79,,,,,,,,,,
20-Oct-25,28-Oct-25,KFINTECH,Holding,1121.9,1200,1111.4,0.95,1288.6,14.86,0.49,55.78,7.01,-1,8.01,1144.59,1082.57,1020.55,,,,,,,,,,
20-Oct-25,28-Oct-25,KOTAKBANK,Non-Hld,2206.9,2100,1981.45,11.38,2218.55,0.53,1,75.72,49.71,38.98,10.73,2247.67,2101.05,1954.43,,,,,,,,,,
20-Oct-25,28-Oct-25,KPITTECH,Non-Hld,1152,1200,1140.2,1.04,1259.8,9.36,0.6,39.36,-21.12,-19.92,-1.21,1264.78,1178.74,1092.7,,,,,,,,,,
20-Oct-25,28-Oct-25,LAURUSLABS,Non-Hld,921,900,853.1,7.96,946.9,2.82,0.64,64.86,4.51,0.23,4.28,923.62,875.73,827.84,,,,,,,,,,
20-Oct-25,28-Oct-25,LICHSGFIN,Non-Hld,574.4,600,572.2,0.39,627.8,9.3,0.72,52.52,-0.4,-0.38,-0.02,585.3,571.36,557.42,,,,,,,,,,
20-Oct-25,28-Oct-25,LICI,Non-Hld,891.4,900,876.9,1.66,923.1,3.56,0.46,48.71,1.24,2.62,-1.39,913.78,896.89,880,,,,,,,,,,
20-Oct-25,28-Oct-25,LODHA,Non-Hld,1190.6,1200,1161.7,2.49,1238.3,4.01,0.59,53.85,-5.22,-14.19,8.97,1213.59,1157.03,1100.46,,,,,,,,,,
20-Oct-25,28-Oct-25,LT,Non-Hld,3872,3800,3706.45,4.47,3893.55,0.56,0.57,69.03,57.27,45.41,11.86,3878.12,3738.34,3598.55,,,,,,,,,,
20-Oct-25,28-Oct-25,LTF,Non-Hld,267.69,270,261.9,2.22,278.1,3.89,0.93,64.77,9.08,9.07,0.01,275.76,256.59,237.42,,,,,,,,,,
20-Oct-25,28-Oct-25,LTIM,Non-Hld,5606.5,5700,5509.55,1.76,5890.45,5.07,0.55,66.69,96.37,62.38,33.99,5697.22,5338.42,4979.63,,,,,,,,,,
20-Oct-25,28-Oct-25,LUPIN,Non-Hld,1942.1,2000,1931.05,0.58,2068.95,6.54,0.61,47.6,-6.9,-5.57,-1.33,2009.21,1952.74,1896.27,,,,,,,,,,
20-Oct-25,28-Oct-25,M%26M,Non-Hld,3596.7,3700,3574.75,0.62,3825.25,6.36,0.53,60,26.6,15.2,11.41,3642.26,3499.21,3356.16,,,,,,,,,,
20-Oct-25,28-Oct-25,MANAPPURAM,Non-Hld,287.95,290,281,2.48,299,3.84,0.52,52.53,1.29,2.06,-0.76,296.25,286.98,277.72,,,,,,,,,,
20-Oct-25,28-Oct-25,MANKIND,Non-Hld,2457,2500,2414.35,1.77,2585.65,5.24,0.37,43.38,-23.15,-24.06,0.91,2562.16,2476.39,2390.62,,,,,,,,,,
20-Oct-25,28-Oct-25,MARICO,Non-Hld,727,740,722.15,0.68,757.85,4.25,0.71,57.41,1.61,-1.18,2.79,730.87,711.63,692.39,,,,,,,,,,
20-Oct-25,28-Oct-25,MARUTI,Non-Hld,16400,16200,15846.15,3.5,16553.85,0.94,0.54,69.87,328.06,368.73,-40.67,16497.11,16139.4,15781.69,,,,,,,,,,
20-Oct-25,28-Oct-25,MAXHEALTH,Non-Hld,1208.6,1240,1197.4,0.94,1282.6,6.13,0.88,62.02,4.71,-6.36,11.07,1207.91,1145.36,1082.81,,,,,,,,,,
20-Oct-25,28-Oct-25,MAZDOCK,Non-Hld,2840.3,3000,2813.4,0.96,3186.6,12.2,0.43,49.43,-1.19,5.17,-6.37,2971.99,2857.6,2743.21,,,,,,,,,,
20-Oct-25,28-Oct-25,MCX,Holding,9200,10000,9162.25,0.42,10837.75,17.81,0.65,68.83,385.65,280.36,105.28,9642.47,8476.05,7309.63,,,,,,,,,,
20-Oct-25,28-Oct-25,MFSL,Non-Hld,1532,1640,1529.45,0.17,1750.55,14.27,0.59,39.74,-5.08,0.29,-5.37,1629.74,1579.96,1530.17,,,,,,,,,,
20-Oct-25,28-Oct-25,MOTHERSON,Holding,105.88,105,101.4,4.42,108.6,2.57,0.48,53.66,0.69,0.96,-0.26,110.34,105.87,101.4,,,,,,,,,,
20-Oct-25,28-Oct-25,MPHASIS,Non-Hld,2748,2800,2703.3,1.66,2896.7,5.42,0.59,46.68,-19.6,-18.36,-1.24,2858.62,2749.14,2639.67,,,,,,,,,,
20-Oct-25,28-Oct-25,MUTHOOTFIN,Non-Hld,3311.3,3200,3053.75,8.44,3346.25,1.06,1.08,71.72,105.38,103.6,1.78,3366.97,3174,2981.04,,,,,,,,,,
20-Oct-25,28-Oct-25,NATIONALUM,Non-Hld,226.2,230,221.55,2.1,238.45,5.42,0.68,63.67,6.11,6.02,0.09,235.07,217.56,200.06,,,,,,,,,,
20-Oct-25,28-Oct-25,NAUKRI,Non-Hld,1311.8,1400,1310.25,0.12,1489.75,13.57,0.53,41.21,-10.49,-8.08,-2.41,1407.87,1347.94,1288.01,,,,,,,,,,
20-Oct-25,28-Oct-25,NBCC,Non-Hld,113.6,115,111,2.35,119,4.76,0.53,57,1.29,1.29,0,116.05,111.14,106.23,,,,,,,,,,
20-Oct-25,28-Oct-25,NCC,Non-Hld,208.92,210,204.1,2.37,215.9,3.35,0.45,48.54,-0.94,-1.07,0.13,214.23,208.7,203.18,,,,,,,,,,
20-Oct-25,28-Oct-25,NESTLEIND,Non-Hld,1286,1200,1109.95,15.87,1290.05,0.32,1.02,72.14,21.31,8.77,12.55,1275.29,1193.8,1112.3,,,,,,,,,,
20-Oct-25,28-Oct-25,NHPC,Non-Hld,86.5,90,86.2,0.35,93.8,8.44,0.37,54.54,0.73,0.86,-0.13,88,86.37,84.74,,,,,,,,,,
20-Oct-25,28-Oct-25,NMDC,Non-Hld,75.31,80,75.45,-0.18,84.55,12.27,0.5,47.88,0.39,0.75,-0.36,78.39,76.42,74.46,,,,,,,,,,
20-Oct-25,28-Oct-25,NTPC,Non-Hld,341.8,345,338.75,0.91,351.25,2.77,0.38,56.22,1.5,1.49,0.02,345.67,340.02,334.37,,,,,,,,,,
20-Oct-25,28-Oct-25,NUVAMA,Non-Hld,7065,7000,6770.65,4.35,7229.35,2.33,0.73,58.7,167.8,129.02,38.78,7596.93,6737.48,5878.02,,,,,,,,,,
20-Oct-25,28-Oct-25,NYKAA,Non-Hld,257.7,250,239.75,7.49,260.25,0.99,0.76,58.09,7.06,6.84,0.21,274.6,249.72,224.83,,,,,,,,,,
20-Oct-25,28-Oct-25,OBEROIRLTY,Non-Hld,1700,1700,1658.05,2.54,1741.95,2.47,0.79,63.02,7.25,-5.93,13.18,1700.97,1618,1535.03,,,,,,,,,,
20-Oct-25,28-Oct-25,OFSS,Non-Hld,8578,9000,8524.2,0.64,9475.8,10.47,0.43,41.49,2.45,57.93,-55.48,9471.94,8919.75,8367.56,,,,,,,,,,
20-Oct-25,28-Oct-25,OIL,Non-Hld,407.7,420,403.8,0.97,436.2,7,0.45,45.25,1.64,2.51,-0.86,424.31,414.19,404.06,,,,,,,,,,
20-Oct-25,28-Oct-25,ONGC,Non-Hld,248.5,250,245.2,1.35,254.8,2.54,0.44,65.84,2.93,2.47,0.47,250.57,243.03,235.48,,,,,,,,,,
20-Oct-25,28-Oct-25,PAGEIND,Non-Hld,41710,45000,41430.1,0.68,48569.9,16.45,0.36,45.24,-773.8,-845.97,72.17,43316.75,41698.75,40080.75,,,,,,,,,,
20-Oct-25,28-Oct-25,PATANJALI,Non-Hld,590,600,580,1.73,620,5.09,0.42,47.51,-2.63,-2.45,-0.17,605.45,591.84,578.24,,,,,,,,,,
20-Oct-25,28-Oct-25,PAYTM,Non-Hld,1310.9,1300,1253.9,4.55,1346.1,2.69,0.96,68.5,26.51,15.95,10.57,1323.32,1208.5,1093.68,,,,,,,,,,
20-Oct-25,28-Oct-25,PERSISTENT,Non-Hld,5845,5500,5126.35,14.02,5873.65,0.5,1.21,68.85,124.16,41.65,82.51,5879.72,5286.75,4693.77,,,,,,,,,,
20-Oct-25,28-Oct-25,PETRONET,Non-Hld,279.3,270,258.4,8.09,281.6,0.83,0.96,50.48,0.28,0.42,-0.15,287.3,277.89,268.47,,,,,,,,,,
20-Oct-25,28-Oct-25,PFC,Holding,398.4,410,395.3,0.79,424.7,6.61,0.64,45.04,-1,0.09,-1.09,415.15,404.91,394.67,,,,,,,,,,
20-Oct-25,28-Oct-25,PGEL,Non-Hld,583.35,600,571.05,2.16,628.95,7.82,0.69,58.52,3.56,-5.11,8.67,604.82,545.37,485.92,,,,,,,,,,
20-Oct-25,28-Oct-25,PHOENIXLTD,Non-Hld,1655,1700,1635.15,1.22,1764.85,6.64,0.73,61.04,29.53,22,7.53,1697.34,1606.52,1515.69,,,,,,,,,,
20-Oct-25,28-Oct-25,PIDILITIND,Non-Hld,1528.9,1550,1516.9,0.8,1583.1,3.55,0.75,54.81,1.07,-4.83,5.91,1540.55,1498.51,1456.47,,,,,,,,,,
20-Oct-25,28-Oct-25,PIIND,Non-Hld,3532.1,3700,3522.2,0.29,3877.8,9.79,0.52,40.88,-45.18,-53.85,8.67,3663.26,3565.55,3467.84,,,,,,,,,,
20-Oct-25,28-Oct-25,PNB,Non-Hld,118.34,120,116.45,1.63,123.55,4.41,0.89,63.36,2.09,2.04,0.05,118.84,113.79,108.74,,,,,,,,,,
20-Oct-25,28-Oct-25,PNBHOUSING,Non-Hld,870.85,900,854.4,1.93,945.6,8.59,0.8,53.95,1.15,4.93,-3.78,908.86,870.21,831.56,,,,,,,,,,
20-Oct-25,28-Oct-25,POLICYBZR,Non-Hld,1643,1700,1628.3,0.91,1771.7,7.84,0.65,35.07,-32.38,-26.54,-5.84,1804.92,1717.26,1629.61,,,,,,,,,,
20-Oct-25,28-Oct-25,POLYCAB,Non-Hld,7661,8000,7620.7,0.53,8379.3,9.38,0.69,59.31,91.5,102.2,-10.71,7815.03,7532.52,7250.02,,,,,,,,,,
20-Oct-25,28-Oct-25,POWERGRID,Holding,287.95,300,288,-0.01,312,8.36,0.46,51.7,1.02,0.64,0.39,294.17,286.86,279.56,,,,,,,,,,
20-Oct-25,28-Oct-25,POWERINDIA,Non-Hld,17457,18000,17207.5,1.45,18792.5,7.66,0.24,35.77,-489.45,-460.02,-29.43,19483.89,18161.55,16839.21,,,,,,,,,,
20-Oct-25,28-Oct-25,PPLPHARMA,Non-Hld,195.71,210,195.8,-0.04,224.2,14.56,0.57,49.23,-0.79,-0.52,-0.27,202.87,195.62,188.36,,,,,,,,,,
20-Oct-25,28-Oct-25,PRESTIGE,Non-Hld,1720.2,1700,1643.65,4.66,1756.35,2.11,0.88,68.34,28.54,7.89,20.65,1721.57,1587.25,1452.93,,,,,,,,,,
20-Oct-25,28-Oct-25,RBLBANK,Non-Hld,325.15,300,271.6,19.72,328.4,1,0.64,79.08,10.81,7.28,3.53,313.55,284.54,255.53,,,,,,,,,,
20-Oct-25,28-Oct-25,RECLTD,Non-Hld,375,380,365.7,2.55,394.3,5.15,0.8,49.04,-0.55,-0.58,0.03,385.2,375.76,366.33,,,,,,,,,,
20-Oct-25,28-Oct-25,RELIANCE,Non-Hld,1467.9,1400,1328.2,10.52,1471.8,0.27,0.82,73.87,7.47,-0.91,8.37,1429,1383.8,1338.61,,,,,,,,,,
20-Oct-25,28-Oct-25,RVNL,Non-Hld,329.5,350,327.85,0.51,372.15,12.95,0.33,39.12,-2.59,-0.52,-2.07,358.86,343.15,327.43,,,,,,,,,,
20-Oct-25,28-Oct-25,SAIL,Non-Hld,129.89,140,129.25,0.5,150.75,16.06,0.51,46.99,0,0.81,-0.8,138.19,133,127.81,,,,,,,,,,
20-Oct-25,28-Oct-25,SAMMAANCAP,Non-Hld,172.01,160,148.7,15.68,171.3,-0.41,1.12,73.26,8.24,7.9,0.34,181.04,156.93,132.82,,,,,,,,,,
20-Oct-25,28-Oct-25,SBICARD,Non-Hld,938,900,850.5,10.29,949.5,1.23,0.77,69.76,20.86,19.29,1.56,950.12,901.58,853.04,,,,,,,,,,
20-Oct-25,28-Oct-25,SBILIFE,Non-Hld,1839,1800,1739.2,5.74,1860.8,1.19,0.45,57.62,5.04,-1.27,6.31,1858.04,1810.4,1762.76,,,,,,,,,,
20-Oct-25,28-Oct-25,SBIN,Non-Hld,907,880,850.5,6.65,909.5,0.28,0.74,73.28,14.99,13.3,1.69,898.31,872.71,847.1,,,,,,,,,,
20-Oct-25,28-Oct-25,SHREECEM,Non-Hld,28870,30000,28741.9,0.45,31258.1,8.28,0.44,39,-91.16,-111.28,20.12,30082.26,29491.75,28901.24,,,,,,,,,,
20-Oct-25,28-Oct-25,SHRIRAMFIN,Non-Hld,692.1,700,678.95,1.94,721.05,4.19,0.89,72.51,16.83,13.93,2.91,704.31,651.4,598.48,,,,,,,,,,
20-Oct-25,28-Oct-25,SIEMENS,Holding,3098,3300,3086.6,0.37,3513.4,13.41,0.38,42.3,-19.53,-9.92,-9.61,3269.7,3157.15,3044.6,,,,,,,,,,
20-Oct-25,28-Oct-25,SOLARINDS,Non-Hld,14100,15000,14071.45,0.21,15928.55,12.97,0.66,49.54,-55.88,-89.88,34.01,14530.64,13977.85,13425.06,,,,,,,,,,
20-Oct-25,28-Oct-25,SONACOMS,Non-Hld,462,500,458.85,0.69,541.15,17.14,0.64,63.54,6.56,0.14,6.42,468.11,427.73,387.35,,,,,,,,,,
20-Oct-25,28-Oct-25,SRF,Non-Hld,3180,3200,3096.25,2.71,3303.75,3.9,1.12,73.98,61.21,32.11,29.1,3204.5,2973.84,2743.18,,,,,,,,,,
20-Oct-25,28-Oct-25,SUNPHARMA,Non-Hld,1687.6,1680,1648.75,2.36,1711.25,1.41,0.93,63.78,14.73,10.2,4.53,1697.13,1642.04,1586.95,,,,,,,,,,
20-Oct-25,28-Oct-25,SUPREMEIND,Non-Hld,4198,4500,4210.3,-0.29,4789.7,14.1,0.5,43.3,-49.93,-54.78,4.85,4347.54,4231.56,4115.58,,,,,,,,,,
20-Oct-25,28-Oct-25,SUZLON,Non-Hld,53.14,56,52.8,0.65,59.2,11.41,0.45,33.37,-1.32,-1.32,0,58.68,54.9,51.13,,,,,,,,,,
20-Oct-25,28-Oct-25,SYNGENE,Non-Hld,643.95,640,621.2,3.67,658.8,2.31,0.52,51.9,-2.96,-4.75,1.8,656.01,634.45,612.89,,,,,,,,,,
20-Oct-25,28-Oct-25,TATACONSUM,Non-Hld,1180,1170,1137.45,3.75,1202.55,1.92,0.63,68.5,12.37,9.32,3.04,1165.24,1132.76,1100.28,,,,,,,,,,
20-Oct-25,28-Oct-25,TATAELXSI,Non-Hld,5393,5500,5316.35,1.45,5683.65,5.39,0.39,46.01,-53.4,-62.9,9.5,5602.18,5399.5,5196.82,,,,,,,,,,
20-Oct-25,28-Oct-25,TATAPOWER,Non-Hld,399.8,400,391.05,2.24,408.95,2.29,0.84,61.21,2.19,1.26,0.92,401.05,392.06,383.08,,,,,,,,,,
20-Oct-25,28-Oct-25,TATASTEEL,Non-Hld,172.1,175,169.55,1.51,180.45,4.86,0.64,53.02,1.55,1.85,-0.3,176.17,171.71,167.26,,,,,,,,,,
20-Oct-25,28-Oct-25,TATATECH,Non-Hld,680,700,675.3,0.7,724.7,6.58,0.61,43.05,-0.67,1.82,-2.5,723.54,694.08,664.62,,,,,,,,,,
20-Oct-25,28-Oct-25,TCS,Non-Hld,3016.3,3100,2998.75,0.59,3201.25,6.14,0.59,51.45,-18.34,-25.16,6.81,3085.43,2970.81,2856.19,,,,,,,,,,
20-Oct-25,28-Oct-25,TECHM,Non-Hld,1446,1500,1442.6,0.24,1557.4,7.71,0.73,48.73,-8.21,-12.25,4.04,1483.26,1430.93,1378.61,,,,,,,,,,
20-Oct-25,28-Oct-25,TIINDIA,Non-Hld,3125,3200,3093.25,1.03,3306.75,5.82,0.47,47.14,-6.04,2.09,-8.13,3308.76,3167.79,3026.83,,,,,,,,,,
20-Oct-25,28-Oct-25,TITAGARH,Non-Hld,883,900,863,2.32,937,6.12,0.45,47.59,-2.16,1.89,-4.06,928.51,894.57,860.62,,,,,,,,,,
20-Oct-25,28-Oct-25,TITAN,Non-Hld,3737.9,3400,3054.75,22.37,3745.25,0.2,0.73,71.23,38,5.91,32.09,3702.7,3490.73,3278.76,,,,,,,,,,
20-Oct-25,28-Oct-25,TMPV,Non-Hld,399.6,400,386.4,3.42,413.6,3.51,0.41,14.49,-73.92,-39.58,-34.34,869.59,614.87,360.15,,,,,,,,,,
20-Oct-25,28-Oct-25,TORNTPHARM,Non-Hld,3569.5,3500,3396.8,5.09,3603.2,0.95,0.55,51.44,-8.66,-11.45,2.79,3645.31,3563.14,3480.98,,,,,,,,,,
20-Oct-25,28-Oct-25,TORNTPOWER,Non-Hld,1305,1300,1268.4,2.89,1331.6,2.04,0.68,57.59,9.99,-1.55,11.54,1333.84,1258.34,1182.83,,,,,,,,,,
20-Oct-25,28-Oct-25,TRENT,Non-Hld,4801,5000,4772.05,0.61,5227.95,8.9,0.46,45.65,-97.99,-129.05,31.07,4954.99,4757.04,4559.08,,,,,,,,,,
20-Oct-25,28-Oct-25,TVSMOTOR,Non-Hld,3666,3700,3595.35,1.97,3804.65,3.79,0.9,75.34,59.65,50.85,8.8,3636.14,3502.81,3369.48,,,,,,,,,,
20-Oct-25,28-Oct-25,ULTRACEMCO,Non-Hld,12365,13000,12337.9,0.22,13662.1,10.5,0.63,52.06,-30.32,-67.3,36.98,12527.94,12209.15,11890.36,,,,,,,,,,
20-Oct-25,28-Oct-25,UNIONBANK,Non-Hld,141.49,140,134.8,4.97,145.2,2.63,0.58,58.41,1.18,1.16,0.02,141.55,138.15,134.75,,,,,,,,,,
20-Oct-25,28-Oct-25,UNITDSPR,Non-Hld,1363.1,1400,1357.85,0.39,1442.15,5.8,0.59,58.85,6.55,3.77,2.78,1377.97,1337.37,1296.76,,,,,,,,,,
20-Oct-25,28-Oct-25,UNOMINDA,Non-Hld,1233.7,1300,1225.25,0.69,1374.75,11.44,0.42,44.75,-13.96,-2.28,-11.68,1374.88,1276.98,1179.09,,,,,,,,,,
20-Oct-25,28-Oct-25,UPL,Non-Hld,683.25,680,662.1,3.2,697.9,2.15,0.61,50.43,-3.37,-5.23,1.86,691.79,672.39,652.99,,,,,,,,,,
20-Oct-25,28-Oct-25,VBL,Non-Hld,456.8,500,456.65,0.04,543.35,18.95,0.64,49.77,-5.18,-8.68,3.5,464.64,448.27,431.9,,,,,,,,,,
20-Oct-25,28-Oct-25,VEDL,Non-Hld,474.9,480,465.2,2.09,494.8,4.2,0.75,57.99,8.75,9.55,-0.8,491.25,468.94,446.63,,,,,,,,,,
20-Oct-25,28-Oct-25,VOLTAS,Non-Hld,1436,1440,1397.7,2.75,1482.3,3.23,0.9,63.6,11.73,4.86,6.87,1435.56,1382.52,1329.49,,,,,,,,,,
20-Oct-25,28-Oct-25,WIPRO,Non-Hld,241.43,250,239.9,0.64,260.1,7.74,0.56,43.48,-0.64,-0.76,0.12,253.39,244.41,235.42,,,,,,,,,,
20-Oct-25,28-Oct-25,YESBANK,Non-Hld,22.67,24,22.55,0.54,25.45,12.27,0.55,57.85,0.64,0.68,-0.03,24.05,22.16,20.28,,,,,,,,,,
20-Oct-25,28-Oct-25,ZYDUSLIFE,Non-Hld,1005,1100,984.45,2.09,1215.55,20.96,0.55,52.17,-5.25,-4.85,-0.4,1036.99,997.36,957.74,,,,,,,,,,
21-Oct-25,28-Oct-25,360ONE,Non-Hld,1172,1200,1155.3,1.45,1244.7,6.21,0.46,70.8,30.72,17.89,12.84,1202.26,1084.45,966.63,,,,,,,,,,
21-Oct-25,28-Oct-25,ABB,Holding,5232,5300,5151.65,1.56,5448.35,4.14,0.64,53.45,-7.72,-14.65,6.93,5277.37,5195.41,5113.45,,,,,,,,,,
21-Oct-25,28-Oct-25,ABCAPITAL,Non-Hld,303.2,300,291.8,3.91,308.2,1.65,0.63,60.07,4.45,4.28,0.17,310.55,296.95,283.34,,,,,,,,,,
21-Oct-25,28-Oct-25,ADANIENSOL,Non-Hld,934,1000,932.85,0.13,1067.15,14.26,0.64,62.48,25.32,26.82,-1.5,963.37,916.42,869.47,,,,,,,,,,
21-Oct-25,28-Oct-25,ADANIENT,Non-Hld,2548.5,2600,2514.7,1.35,2685.3,5.37,0.52,56.3,26.86,33.88,-7.01,2635.28,2556.48,2477.68,,,,,,,,,,
21-Oct-25,28-Oct-25,ADANIGREEN,Non-Hld,1036.3,1100,1028.2,0.79,1171.8,13.08,0.46,51.25,9.23,15,-5.77,1104.33,1056.71,1009.09,,,,,,,,,,
21-Oct-25,28-Oct-25,ADANIPORTS,Non-Hld,1472,1500,1453.25,1.3,1546.75,5.08,0.59,65.94,21.74,16.2,5.54,1486.1,1425.86,1365.61,,,,,,,,,,
21-Oct-25,28-Oct-25,ALKEM,Non-Hld,5523,5600,5465.75,1.05,5734.25,3.83,0.73,58.73,44.25,44.4,-0.16,5599.7,5498.68,5397.65,,,,,,,,,,
21-Oct-25,28-Oct-25,AMBER,Non-Hld,8244,8500,8064.05,2.24,8935.95,8.4,0.5,54.78,80.24,109.69,-29.45,8429.73,8255.45,8081.17,,,,,,,,,,
21-Oct-25,28-Oct-25,AMBUJACEM,Non-Hld,568,600,565.95,0.37,634.05,11.63,0.57,46.87,-2.69,-2.6,-0.09,584.56,570.35,556.14,,,,,,,,,,
21-Oct-25,28-Oct-25,ANGELONE,Non-Hld,2488,2400,2279.5,9.15,2520.5,1.31,0.88,69.38,48.56,10.39,38.17,2550.92,2293.1,2035.27,,,,,,,,,,
21-Oct-25,28-Oct-25,APLAPOLLO,Non-Hld,1755,1700,1630.1,7.67,1769.9,0.85,0.55,62.05,18.85,18.41,0.44,1776.16,1721.02,1665.88,,,,,,,,,,
21-Oct-25,28-Oct-25,APOLLOHOSP,Non-Hld,8010,8000,7847.1,2.08,8152.9,1.79,0.74,69.38,69.38,25,44.38,8025.4,7680.9,7336.4,,,,,,,,,,
21-Oct-25,28-Oct-25,ASHOKLEY,Non-Hld,136.27,140,134.55,1.28,145.45,6.74,0.36,48.67,0.18,1,-0.82,144.48,139.02,133.55,,,,,,,,,,
21-Oct-25,28-Oct-25,ASIANPAINT,Non-Hld,2500,2400,2293.25,9.02,2506.75,0.27,0.71,63.22,1.36,-22.5,23.86,2512.98,2386.18,2259.38,,,,,,,,,,
21-Oct-25,28-Oct-25,ASTRAL,Non-Hld,1446,1500,1446.7,-0.04,1553.3,7.43,0.5,58.53,6.7,1.29,5.41,1468.44,1412.6,1356.76,,,,,,,,,,
21-Oct-25,28-Oct-25,AUBANK,Non-Hld,861,850,822.9,4.63,877.1,1.87,1.33,78.85,27.37,16.45,10.92,845.03,768.3,691.58,,,,,,,,,,
21-Oct-25,28-Oct-25,AUROPHARMA,Non-Hld,1099,1100,1077.95,1.96,1122.05,2.1,0.63,50.75,5.94,7.54,-1.6,1133.65,1101.3,1068.94,,,,,,,,,,
21-Oct-25,28-Oct-25,AXISBANK,Non-Hld,1233,1160,1086.2,13.52,1233.8,0.07,0.79,69.94,26.24,23.14,3.1,1231.79,1178.92,1126.05,,,,,,,,,,
21-Oct-25,28-Oct-25,BAJAJ-AUTO,Non-Hld,9105.5,9200,8987.95,1.31,9412.05,3.37,0.63,59.13,74.17,46.84,27.33,9246.19,8901.28,8556.36,,,,,,,,,,
21-Oct-25,28-Oct-25,BAJAJFINSV,Non-Hld,2165,2100,2027.1,6.81,2172.9,0.37,1,73.91,26.53,13.26,13.27,2140.39,2046.82,1953.25,,,,,,,,,,
21-Oct-25,28-Oct-25,BAJFINANCE,Non-Hld,1086,1020,952.75,13.99,1087.25,0.12,1.13,74.27,29.01,24.62,4.39,1087.65,1026.8,965.96,,,,,,,,,,
21-Oct-25,28-Oct-25,BANDHANBNK,Non-Hld,165.94,170,163.25,1.65,176.75,6.52,0.78,52.94,0.05,-0.29,0.34,169.88,162.96,156.03,,,,,,,,,,
21-Oct-25,28-Oct-25,BANKBARODA,Non-Hld,270,270,262.65,2.8,277.35,2.73,0.66,65.43,6.07,5.96,0.11,274.61,261.96,249.3,,,,,,,,,,
21-Oct-25,28-Oct-25,BANKINDIA,Non-Hld,130.1,130,126.2,3.1,133.8,2.85,0.73,66.21,2.66,2.5,0.16,131.12,124.33,117.54,,,,,,,,,,
21-Oct-25,28-Oct-25,BDL,Non-Hld,1540,1600,1526.25,0.91,1673.75,8.69,0.64,51.71,-5.66,-7.71,2.05,1586.46,1528.6,1470.74,,,,,,,,,,
21-Oct-25,28-Oct-25,BEL,Holding,417,420,410.3,1.64,429.7,3.05,0.57,61.74,5.43,5.26,0.17,419.88,407.54,395.19,,,,,,,,,,
21-Oct-25,28-Oct-25,BHARATFORG,Non-Hld,1235.2,1300,1240.9,-0.45,1359.1,10.04,0.53,55.69,10.68,8.99,1.68,1262.9,1223.3,1183.69,,,,,,,,,,
21-Oct-25,28-Oct-25,BHARTIARTL,Non-Hld,2041.6,1960,1876.3,8.81,2043.7,0.11,0.74,72.84,27.96,15.05,12.91,2037.68,1943.44,1849.2,,,,,,,,,,
21-Oct-25,28-Oct-25,BHEL,Non-Hld,234.36,250,233.75,0.27,266.25,13.61,0.49,50.04,1.04,2.14,-1.1,245.53,237.31,229.08,,,,,,,,,,
21-Oct-25,28-Oct-25,BIOCON,Non-Hld,364.3,360,350.4,3.97,369.6,1.46,0.74,60.54,0.75,-1.45,2.19,366.87,352.3,337.73,,,,,,,,,,
21-Oct-25,28-Oct-25,BLUESTARCO,Non-Hld,1959,2000,1939,1.04,2061,5.21,0.58,57.98,14.99,9.45,5.54,1984.41,1919.34,1854.28,,,,,,,,,,
21-Oct-25,28-Oct-25,BOSCHLTD,Non-Hld,39200,39000,38278.1,2.41,39721.9,1.34,0.7,54.37,-133.18,-235.98,102.8,39305.31,38594,37882.69,,,,,,,,,,
21-Oct-25,28-Oct-25,BPCL,Non-Hld,339.1,340,330.15,2.72,349.85,3.18,0.6,57.59,3.34,4.16,-0.81,347.7,337.19,326.69,,,,,,,,,,
21-Oct-25,28-Oct-25,BRITANNIA,Non-Hld,6050,6000,5859.9,3.25,6140.1,1.49,0.77,59.45,22.28,8.47,13.81,6106.72,5945.62,5784.53,,,,,,,,,,
21-Oct-25,28-Oct-25,BSE,Holding,2481,2500,2415.2,2.73,2584.8,4.19,0.75,66.91,74.82,40.78,34.04,2626.91,2268.16,1909.42,,,,,,,,,,
21-Oct-25,28-Oct-25,CAMS,Holding,3833,4000,3805.35,0.73,4194.65,9.44,0.59,49.42,-13.71,-14.95,1.24,3926.12,3829.56,3733.01,,,,,,,,,,
21-Oct-25,28-Oct-25,CANBK,Non-Hld,127.03,130,125.55,1.18,134.45,5.85,0.8,61.25,3.27,3.64,-0.38,130.64,125.07,119.5,,,,,,,,,,
21-Oct-25,28-Oct-25,CDSL,Holding,1601.5,1620,1571,1.95,1669,4.22,0.7,58.6,21.14,13.55,7.6,1664.36,1549.84,1435.33,,,,,,,,,,
21-Oct-25,28-Oct-25,CGPOWER,Holding,737.95,840,732.6,0.74,947.4,28.39,0.54,45.31,1.68,4.43,-2.75,770.86,750.86,730.87,,,,,,,,,,
21-Oct-25,28-Oct-25,CHOLAFIN,Non-Hld,1672,1700,1646.35,1.56,1753.65,4.89,0.58,60.73,32.79,31.24,1.55,1695.17,1628.06,1560.96,,,,,,,,,,
21-Oct-25,28-Oct-25,CIPLA,Non-Hld,1665,1680,1631.75,2.04,1728.25,3.8,0.51,74.22,19.46,4.38,15.08,1631.52,1540.82,1450.12,,,,,,,,,,
21-Oct-25,28-Oct-25,COALINDIA,Holding,390.95,400,389.2,0.45,410.8,5.08,0.67,57.96,0.28,-0.19,0.47,395.09,387,378.92,,,,,,,,,,
21-Oct-25,28-Oct-25,COFORGE,Non-Hld,1732.1,1700,1609.45,7.63,1790.55,3.38,0.69,55.65,13.23,2.37,10.87,1811.81,1672.51,1533.21,,,,,,,,,,
21-Oct-25,28-Oct-25,COLPAL,Non-Hld,2259,2400,2248.5,0.47,2551.5,12.95,0.62,48.98,-14.8,-22.09,7.3,2315.27,2243.64,2172.01,,,,,,,,,,
21-Oct-25,28-Oct-25,CONCOR,Non-Hld,534.4,540,527.95,1.23,552.05,3.31,0.72,47.59,-3.52,-4.5,0.99,541.69,531.5,521.3,,,,,,,,,,
21-Oct-25,28-Oct-25,CROMPTON,Non-Hld,288.65,300,286.6,0.72,313.4,8.58,0.54,39.21,-6.86,-7.99,1.13,302.19,290.5,278.81,,,,,,,,,,
21-Oct-25,28-Oct-25,CUMMINSIND,Non-Hld,3978,4000,3906,1.85,4094,2.92,0.76,56.29,14.13,14.1,0.03,4029.38,3957.48,3885.57,,,,,,,,,,
21-Oct-25,28-Oct-25,CYIENT,Non-Hld,1189.6,1180,1143.7,4.02,1216.3,2.25,0.73,52.44,-5.75,-9.92,4.17,1206.48,1167.97,1129.46,,,,,,,,,,
21-Oct-25,28-Oct-25,DABUR,Non-Hld,504.8,550,506.25,-0.28,593.75,17.63,0.58,51.35,-4.92,-7.68,2.76,516.63,497.17,477.71,,,,,,,,,,
21-Oct-25,28-Oct-25,DALBHARAT,Non-Hld,2184,2300,2180.9,0.15,2419.1,10.77,0.35,32.37,-34.03,-31.53,-2.5,2309.62,2239.18,2168.74,,,,,,,,,,
21-Oct-25,28-Oct-25,DELHIVERY,Non-Hld,475.35,500,473.05,0.49,526.95,10.86,0.62,56.85,2.07,0.45,1.62,483.72,458.85,433.98,,,,,,,,,,
21-Oct-25,28-Oct-25,DIVISLAB,Non-Hld,6562,6000,5409.3,21.31,6590.7,0.44,1.05,69.87,154.46,89.76,64.71,6880.97,6167.28,5453.58,,,,,,,,,,
21-Oct-25,28-Oct-25,DIXON,Non-Hld,16100,17000,15999,0.64,18001,11.81,0.39,36.45,-266.52,-157.3,-109.22,18236.86,17003.5,15770.14,,,,,,,,,,
21-Oct-25,28-Oct-25,DLF,Non-Hld,770.15,800,767.35,0.37,832.65,8.12,0.74,60.66,3.12,-2.92,6.04,778.46,740.25,702.05,,,,,,,,,,
21-Oct-25,28-Oct-25,DMART,Non-Hld,4272,4400,4230.15,0.99,4569.85,6.98,0.37,37.17,-82.81,-77.92,-4.89,4651.6,4380.38,4109.16,,,,,,,,,,
21-Oct-25,28-Oct-25,DRREDDY,Non-Hld,1288.3,1260,1215.65,5.98,1304.35,1.25,0.52,58.07,-2.16,-6.14,3.98,1301.66,1256.34,1211.03,,,,,,,,,,
21-Oct-25,28-Oct-25,EICHERMOT,Non-Hld,7025,7000,6866.8,2.31,7133.2,1.55,0.78,62.91,98.96,121.93,-22.97,7074.15,6967.28,6860.4,,,,,,,,,,
21-Oct-25,28-Oct-25,ETERNAL,Non-Hld,338,350,335.35,0.8,364.65,7.89,0.52,52.02,4.97,5.87,-0.89,355.93,338.04,320.15,,,,,,,,,,
21-Oct-25,28-Oct-25,EXIDEIND,Non-Hld,399,400,390.45,2.19,409.55,2.65,0.71,49.56,-1.44,-1.71,0.27,405.56,396.79,388.03,,,,,,,,,,
21-Oct-25,28-Oct-25,FEDERALBNK,Non-Hld,227.45,225,218.5,4.1,231.5,1.79,1.07,79.89,7.08,4.38,2.7,227.65,204.01,180.37,,,,,,,,,,
21-Oct-25,28-Oct-25,FORTIS,Non-Hld,1098,1100,1072.6,2.37,1127.4,2.68,0.86,70.49,39.08,35.63,3.45,1146.89,1031.57,916.26,,,,,,,,,,
21-Oct-25,28-Oct-25,GAIL,Non-Hld,178.3,180,175.15,1.8,184.85,3.68,0.58,51.6,0.3,0.24,0.06,181.21,177.2,173.2,,,,,,,,,,
21-Oct-25,28-Oct-25,GLENMARK,Non-Hld,1863.3,2000,1853.65,0.53,2146.35,15.2,0.46,29.88,-41.63,-32,-9.63,2042.24,1936.97,1831.7,,,,,,,,,,
21-Oct-25,28-Oct-25,GMRAIRPORT,Non-Hld,92.02,95,91.35,0.74,98.65,7.21,0.53,59.66,0.58,0.28,0.3,92.3,89.41,86.53,,,,,,,,,,
21-Oct-25,28-Oct-25,GODREJCP,Non-Hld,1130,1200,1132.15,-0.18,1267.85,12.2,0.63,39.63,-24.38,-26.52,2.14,1197.94,1145.42,1092.91,,,,,,,,,,
21-Oct-25,28-Oct-25,GODREJPROP,Non-Hld,2289,2100,1906.25,20.08,2293.75,0.21,1,71.49,55.27,26.7,28.58,2281.62,2084.01,1886.4,,,,,,,,,,
21-Oct-25,28-Oct-25,GRASIM,Non-Hld,2873,2900,2834.45,1.37,2965.55,3.23,0.64,60.87,12.87,5.16,7.71,2870.29,2802.88,2735.48,,,,,,,,,,
21-Oct-25,28-Oct-25,HAL,Non-Hld,4852,5000,4817.8,0.71,5182.2,6.81,0.52,58.23,48.24,51.53,-3.29,4909.54,4807.09,4704.65,,,,,,,,,,
21-Oct-25,28-Oct-25,HAVELLS,Non-Hld,1485,1600,1479.95,0.35,1720.05,15.83,0.59,42.3,-18.75,-19.09,0.33,1552.54,1497.63,1442.73,,,,,,,,,,
21-Oct-25,28-Oct-25,HCLTECH,Non-Hld,1486.5,1520,1473.4,0.89,1566.6,5.39,0.53,58.8,13.98,5.79,8.2,1531.34,1440.35,1349.37,,,,,,,,,,
21-Oct-25,28-Oct-25,HDFCAMC,Non-Hld,5703.5,6000,5708.65,-0.09,6291.35,10.31,0.44,52.66,10.11,-4.5,14.61,5873.86,5650.45,5427.04,,,,,,,,,,
21-Oct-25,28-Oct-25,HDFCBANK,Non-Hld,1004,1000,983.05,2.14,1016.95,1.29,0.78,72.77,8.68,4.19,4.49,1010.41,973.37,936.33,,,,,,,,,,
21-Oct-25,28-Oct-25,HDFCLIFE,Non-Hld,743.5,800,741.7,0.25,858.3,15.45,0.47,41.99,-6.91,-5.96,-0.95,774.57,755.23,735.89,,,,,,,,,,
21-Oct-25,28-Oct-25,HEROMOTOCO,Non-Hld,5631,5600,5470.85,2.93,5729.15,1.75,0.77,67.42,101.09,104.99,-3.9,5720.82,5496.72,5272.63,,,,,,,,,,
21-Oct-25,28-Oct-25,HFCL,Non-Hld,76.95,80,76.15,1.06,83.85,8.97,0.52,56.45,0.74,0.54,0.2,78.13,75.14,72.16,,,,,,,,,,
21-Oct-25,28-Oct-25,HINDALCO,Non-Hld,784.3,800,777.35,0.9,822.65,4.89,0.67,64.43,11.36,11.37,-0.01,792.83,765.9,738.97,,,,,,,,,,
21-Oct-25,28-Oct-25,HINDPETRO,Non-Hld,453.05,450,435.15,4.12,464.85,2.61,0.57,65.76,11.23,12.21,-0.98,468.27,444.54,420.8,,,,,,,,,,
21-Oct-25,28-Oct-25,HINDUNILVR,Non-Hld,2588,2700,2574.95,0.51,2825.05,9.16,0.46,57.64,1.94,-8.99,10.93,2597.57,2534.31,2471.05,,,,,,,,,,
21-Oct-25,28-Oct-25,HINDZINC,Non-Hld,482.95,500,477.85,1.07,522.15,8.12,0.42,51.55,11.66,13.95,-2.29,524,486.79,449.57,,,,,,,,,,
21-Oct-25,28-Oct-25,HUDCO,Non-Hld,227.99,230,222.7,2.38,237.3,4.09,0.49,52.32,1.62,2.33,-0.71,236.8,228.53,220.26,,,,,,,,,,
21-Oct-25,28-Oct-25,ICICIBANK,Non-Hld,1381.3,1400,1369.55,0.86,1430.45,3.56,0.52,46.62,-0.1,-4.3,4.21,1421.06,1380,1338.93,,,,,,,,,,
21-Oct-25,28-Oct-25,ICICIGI,Non-Hld,2007,1900,1793.6,11.9,2006.4,-0.02,1.31,64.38,28.35,13.82,14.53,2024.89,1911.32,1797.74,,,,,,,,,,
21-Oct-25,28-Oct-25,ICICIPRULI,Non-Hld,595.55,620,594.05,0.26,645.95,8.47,0.47,47.53,-2.93,-3.56,0.64,604.56,595.12,585.69,,,,,,,,,,
21-Oct-25,28-Oct-25,IDEA,Non-Hld,9.04,10,8.85,2.15,11.15,23.35,0.6,59.56,0.31,0.34,-0.04,9.32,8.69,8.06,,,,,,,,,,
21-Oct-25,28-Oct-25,IDFCFIRSTB,Non-Hld,76.66,75,72.35,5.96,77.65,1.3,0.99,68.4,1.09,0.6,0.49,76.51,71.81,67.11,,,,,,,,,,
21-Oct-25,28-Oct-25,IEX,Holding,139.1,150,138.1,0.73,161.9,16.4,0.58,47.03,-2.05,-2.07,0.01,144.55,139.21,133.86,,,,,,,,,,
21-Oct-25,28-Oct-25,IGL,Non-Hld,207.5,220,206.45,0.51,233.55,12.56,0.54,43.67,-0.14,0.64,-0.78,220.13,210.67,201.22,,,,,,,,,,
21-Oct-25,28-Oct-25,IIFL,Non-Hld,498,500,485.35,2.61,514.65,3.35,0.7,64.44,13.85,11.07,2.78,524.27,472.43,420.58,,,,,,,,,,
21-Oct-25,28-Oct-25,INDHOTEL,Non-Hld,742.8,800,744.65,-0.24,855.35,15.16,0.54,51.77,-5.25,-8.22,2.97,751.04,731.12,711.2,,,,,,,,,,
21-Oct-25,28-Oct-25,INDIANB,Non-Hld,811.5,800,778.15,4.29,821.85,1.28,1.01,75.94,27.77,24.73,3.04,821.44,756.33,691.22,,,,,,,,,,
21-Oct-25,28-Oct-25,INDIGO,Holding,5915,5800,5642,4.84,5958,0.73,0.81,61.18,42.64,11.7,30.94,5942.81,5732.7,5522.59,,,,,,,,,,
21-Oct-25,28-Oct-25,INDUSINDBK,Non-Hld,757,800,756,0.14,844,11.5,0.95,53.98,0.34,-2.29,2.63,769.1,744.99,720.89,,,,,,,,,,
21-Oct-25,28-Oct-25,INDUSTOWER,Non-Hld,359.9,350,334.85,7.49,365.15,1.46,0.73,58.29,-0.21,-0.66,0.45,363.5,351.25,339,,,,,,,,,,
21-Oct-25,28-Oct-25,INFY,Non-Hld,1471,1560,1444.65,1.83,1675.35,13.9,0.4,48.12,-6.02,-4.71,-1.31,1519.44,1472.95,1426.45,,,,,,,,,,
21-Oct-25,28-Oct-25,INOXWIND,Non-Hld,149.2,150,144.75,3.08,155.25,4.06,0.49,56.56,0.5,-0.13,0.63,152.55,144.33,136.1,,,,,,,,,,
21-Oct-25,28-Oct-25,IOC,Non-Hld,154,155,150.9,2.06,159.1,3.32,0.72,62.88,2.41,2.61,-0.21,157.99,151.7,145.4,,,,,,,,,,
21-Oct-25,28-Oct-25,IRCTC,Holding,716.5,750,710.65,0.83,789.35,10.17,0.47,51.95,-0.35,-2.03,1.68,725.6,711.64,697.67,,,,,,,,,,
21-Oct-25,28-Oct-25,IREDA,Non-Hld,153,160,151.6,0.93,168.4,10.07,0.43,53.28,0.72,0.64,0.08,156.43,151.56,146.7,,,,,,,,,,
21-Oct-25,28-Oct-25,IRFC,Non-Hld,125.05,130,123.7,1.1,136.3,9,0.44,49.42,-0.33,-0.31,-0.02,127.42,124.98,122.54,,,,,,,,,,
21-Oct-25,28-Oct-25,ITC,Non-Hld,412.5,410,404.05,2.1,415.95,0.84,0.79,59.98,0.36,-1.29,1.65,412.72,403.51,394.3,,,,,,,,,,
21-Oct-25,28-Oct-25,JINDALSTEL,Non-Hld,1005,1100,1005.45,-0.04,1194.55,18.87,0.46,45.87,-5.58,-0.73,-4.85,1081.46,1033.01,984.57,,,,,,,,,,
21-Oct-25,28-Oct-25,JIOFIN,Non-Hld,311.2,320,308.45,0.9,331.55,6.54,0.55,53.94,-0.03,-1.23,1.21,317.46,305.64,293.82,,,,,,,,,,
21-Oct-25,28-Oct-25,JSWENERGY,Non-Hld,527.45,560,522.1,1.03,597.9,13.36,0.35,45.58,2.2,4.16,-1.96,553.58,537.48,521.39,,,,,,,,,,
21-Oct-25,28-Oct-25,JSWSTEEL,Non-Hld,1153,1200,1144.3,0.77,1255.7,8.91,0.6,54.92,14.5,18.05,-3.54,1178.59,1152.38,1126.16,,,,,,,,,,
21-Oct-25,28-Oct-25,JUBLFOOD,Non-Hld,590.85,640,590.35,0.09,689.65,16.73,0.42,36.99,-11.46,-10.66,-0.8,634.5,606.23,577.96,,,,,,,,,,
21-Oct-25,28-Oct-25,KALYANKJIL,Non-Hld,491.3,500,482.95,1.73,517.05,5.25,0.54,51.64,-3.63,-7.29,3.66,505.79,478.02,450.26,,,,,,,,,,
21-Oct-25,28-Oct-25,KAYNES,Non-Hld,6860,7000,6715.15,2.16,7284.85,6.2,0.42,44.72,-1.5,64.71,-66.21,7594.76,7148.68,6702.59,,,,,,,,,,
21-Oct-25,28-Oct-25,KEI,Non-Hld,4139,4400,4138.05,0.03,4661.95,12.64,0.4,49.14,39.49,55.12,-15.64,4390.04,4173.43,3956.82,,,,,,,,,,
21-Oct-25,28-Oct-25,KFINTECH,Holding,1120.7,1200,1113.7,0.63,1286.3,14.78,0.51,57.1,8.47,0.9,7.57,1149.12,1084.24,1019.36,,,,,,,,,,
21-Oct-25,28-Oct-25,KOTAKBANK,Non-Hld,2192,2100,1987.3,10.31,2212.7,0.95,0.99,70.39,49.65,41.11,8.54,2257.37,2109.82,1962.26,,,,,,,,,,
21-Oct-25,28-Oct-25,KPITTECH,Non-Hld,1153.5,1200,1141.7,1.04,1258.3,9.09,0.61,41.24,-20.4,-20.01,-0.39,1250.83,1173.24,1095.65,,,,,,,,,,
21-Oct-25,28-Oct-25,LAURUSLABS,Non-Hld,924.95,900,854.55,8.24,945.45,2.22,0.64,65.65,7.42,1.67,5.75,927.69,876.74,825.78,,,,,,,,,,
21-Oct-25,28-Oct-25,LICHSGFIN,Non-Hld,573.7,600,570.95,0.49,629.05,9.65,0.72,53.01,-0.06,-0.31,0.26,582.62,570.68,558.74,,,,,,,,,,
21-Oct-25,28-Oct-25,LICI,Non-Hld,892,900,879.1,1.47,920.9,3.24,0.45,48.88,0.9,2.28,-1.38,912.9,896.27,879.64,,,,,,,,,,
21-Oct-25,28-Oct-25,LODHA,Non-Hld,1181.2,1200,1161.8,1.67,1238.2,4.83,0.59,53.61,-3.3,-12.01,8.71,1207.95,1155.65,1103.35,,,,,,,,,,
21-Oct-25,28-Oct-25,LT,Non-Hld,3887,3800,3704.4,4.93,3895.6,0.23,0.58,70.25,60.9,48.51,12.4,3897.75,3750.52,3603.29,,,,,,,,,,
21-Oct-25,28-Oct-25,LTF,Non-Hld,267.5,270,262.6,1.87,277.4,3.71,0.9,64.98,8.85,9.02,-0.18,276.93,257.57,238.22,,,,,,,,,,
21-Oct-25,28-Oct-25,LTIM,Non-Hld,5545.5,5700,5505.2,0.74,5894.8,6.3,0.55,63.3,95.98,69.1,26.88,5722.94,5353.48,4984.01,,,,,,,,,,
21-Oct-25,28-Oct-25,LUPIN,Non-Hld,1941,2000,1930.65,0.54,2069.35,6.62,0.61,47.32,-6.91,-5.84,-1.07,2001.01,1949.64,1898.26,,,,,,,,,,
21-Oct-25,28-Oct-25,M%26M,Non-Hld,3606,3700,3586.85,0.54,3813.15,5.75,0.56,61.64,32.33,18.62,13.71,3649.23,3501.03,3352.83,,,,,,,,,,
21-Oct-25,28-Oct-25,MANAPPURAM,Non-Hld,285.9,290,282.4,1.24,297.6,4.1,0.54,50.55,1.12,1.87,-0.75,295.31,286.59,277.88,,,,,,,,,,
21-Oct-25,28-Oct-25,MANKIND,Non-Hld,2441.3,2500,2423.9,0.72,2576.1,5.53,0.37,41.84,-22.97,-23.84,0.87,2536.11,2468.93,2401.74,,,,,,,,,,
21-Oct-25,28-Oct-25,MARICO,Non-Hld,720.8,740,717.2,0.51,762.8,5.83,0.7,53.42,1.78,-0.59,2.37,731.54,711.89,692.23,,,,,,,,,,
21-Oct-25,28-Oct-25,MARUTI,Non-Hld,16335,16200,15946.8,2.44,16453.2,0.73,0.53,68.53,318.5,358.69,-40.19,16510.22,16168.4,15826.58,,,,,,,,,,
21-Oct-25,28-Oct-25,MAXHEALTH,Non-Hld,1204.1,1240,1199.35,0.4,1280.65,6.36,0.89,60.34,7.43,-3.6,11.03,1213.71,1146.98,1080.25,,,,,,,,,,
21-Oct-25,28-Oct-25,MAZDOCK,Non-Hld,2824.9,3000,2786,1.4,3214,13.78,0.44,48.8,-1.9,3.76,-5.66,2951.29,2850.36,2749.44,,,,,,,,,,
21-Oct-25,28-Oct-25,MCX,Holding,9169,10000,9180.9,-0.12,10819.1,18,0.68,68.53,379.65,300.22,79.43,9719.12,8535.92,7352.73,,,,,,,,,,
21-Oct-25,28-Oct-25,MFSL,Non-Hld,1540.9,1640,1530.85,0.66,1749.15,13.52,0.6,41.68,-7.37,-1.24,-6.13,1630.87,1579.16,1527.45,,,,,,,,,,
21-Oct-25,28-Oct-25,MOTHERSON,Holding,105.25,110,104.65,0.58,115.35,9.6,0.49,52.51,0.65,0.9,-0.24,109.71,105.64,101.58,,,,,,,,,,
21-Oct-25,28-Oct-25,MPHASIS,Non-Hld,2740,2800,2705.5,1.28,2894.5,5.64,0.59,46.05,-19.68,-18.62,-1.06,2842.26,2743.56,2644.86,,,,,,,,,,
21-Oct-25,28-Oct-25,MUTHOOTFIN,Non-Hld,3274,3200,3092,5.89,3308,1.04,1.01,65.06,100.9,103.06,-2.16,3373.91,3185.36,2996.81,,,,,,,,,,
21-Oct-25,28-Oct-25,NATIONALUM,Non-Hld,226.65,230,222.3,1.96,237.7,4.88,0.7,64.97,6.02,6.02,0,236.11,218.38,200.66,,,,,,,,,,
21-Oct-25,28-Oct-25,NAUKRI,Non-Hld,1315.9,1400,1323.2,-0.55,1476.8,12.23,0.51,42.7,-11.35,-8.73,-2.62,1394.94,1342.9,1290.87,,,,,,,,,,
21-Oct-25,28-Oct-25,NBCC,Non-Hld,112.59,115,111.55,0.94,118.45,5.21,0.53,55.12,1.28,1.29,-0.01,115.68,111.03,106.38,,,,,,,,,,
21-Oct-25,28-Oct-25,NCC,Non-Hld,207.7,210,205.2,1.22,214.8,3.42,0.43,49.5,-0.82,-1.02,0.21,213.47,208.47,203.48,,,,,,,,,,
21-Oct-25,28-Oct-25,NESTLEIND,Non-Hld,1285,1200,1110.05,15.77,1289.95,0.39,1.04,72.42,24.66,11.95,12.71,1289.77,1198.75,1107.72,,,,,,,,,,
21-Oct-25,28-Oct-25,NHPC,Non-Hld,86.38,90,86.3,0.1,93.7,8.48,0.36,53.42,0.67,0.82,-0.15,87.81,86.3,84.8,,,,,,,,,,
21-Oct-25,28-Oct-25,NMDC,Non-Hld,75.69,80,75.15,0.72,84.85,12.11,0.48,49.71,0.32,0.66,-0.34,78.34,76.36,74.38,,,,,,,,,,
21-Oct-25,28-Oct-25,NTPC,Non-Hld,341.65,345,339,0.79,351,2.74,0.38,56.29,1.57,1.5,0.07,345.86,340.16,334.46,,,,,,,,,,
21-Oct-25,28-Oct-25,NUVAMA,Non-Hld,7250,7400,7123.6,1.78,7676.4,5.89,0.51,65.84,176.69,138.55,38.14,7647.79,6786.45,5925.11,,,,,,,,,,
21-Oct-25,28-Oct-25,NYKAA,Non-Hld,257.2,260,252.95,1.69,267.05,3.83,0.72,57.39,6.54,6.78,-0.24,275.27,250.44,225.6,,,,,,,,,,
21-Oct-25,28-Oct-25,OBEROIRLTY,Non-Hld,1698,1700,1662.85,2.12,1737.15,2.31,0.8,62.97,11.73,-2.4,14.13,1706.57,1619.35,1532.14,,,,,,,,,,
21-Oct-25,28-Oct-25,OFSS,Non-Hld,8625,9000,8562.5,0.73,9437.5,9.43,0.43,42.64,-18.98,42.54,-61.53,9461.14,8897.95,8334.76,,,,,,,,,,
21-Oct-25,28-Oct-25,OIL,Non-Hld,406,420,402.75,0.81,437.25,7.7,0.45,44.97,0.94,2.19,-1.25,424.5,414.06,403.61,,,,,,,,,,
21-Oct-25,28-Oct-25,ONGC,Non-Hld,247.85,250,245.55,0.94,254.45,2.67,0.45,63.87,2.93,2.56,0.37,250.96,243.56,236.15,,,,,,,,,,
21-Oct-25,28-Oct-25,PAGEIND,Non-Hld,41615,45000,41451.7,0.4,48548.3,16.67,0.35,44.21,-705.15,-817.8,112.66,43023.78,41607.75,40191.72,,,,,,,,,,
21-Oct-25,28-Oct-25,PATANJALI,Non-Hld,589,600,580.9,1.4,619.1,5.12,0.42,46.26,-2.56,-2.48,-0.09,604.83,591.41,577.99,,,,,,,,,,
21-Oct-25,28-Oct-25,PAYTM,Non-Hld,1306.8,1300,1259.55,3.76,1340.45,2.58,0.97,68.87,29.11,18.58,10.53,1336.64,1214.1,1091.56,,,,,,,,,,
21-Oct-25,28-Oct-25,PERSISTENT,Non-Hld,5797,5500,5160.2,12.35,5839.8,0.74,1.18,66.41,137.66,60.85,76.81,5946.82,5313.2,4679.58,,,,,,,,,,
21-Oct-25,28-Oct-25,PETRONET,Non-Hld,278.8,270,258.3,7.94,281.7,1.05,1,49.93,0.23,0.38,-0.15,287.4,278.02,268.64,,,,,,,,,,
21-Oct-25,28-Oct-25,PFC,Holding,399,410,395.75,0.83,424.25,6.33,0.65,45.59,-1.2,-0.17,-1.03,414.83,404.39,393.95,,,,,,,,,,
21-Oct-25,28-Oct-25,PGEL,Non-Hld,585,600,572.45,2.2,627.55,7.28,0.7,58.18,4.84,-3.12,7.96,607.85,546.48,485.1,,,,,,,,,,
21-Oct-25,28-Oct-25,PHOENIXLTD,Non-Hld,1649.9,1700,1628.75,1.3,1771.25,7.36,0.73,59.88,28.6,23.32,5.28,1699.15,1607.19,1515.23,,,,,,,,,,
21-Oct-25,28-Oct-25,PIDILITIND,Non-Hld,1530,1550,1517.5,0.83,1582.5,3.44,0.75,56.3,2.65,-3.34,5.99,1542.82,1499.16,1455.5,,,,,,,,,,
21-Oct-25,28-Oct-25,PIIND,Non-Hld,3526,3800,3516.45,0.28,4083.55,15.82,0.51,40.21,-44.55,-51.99,7.44,3645.09,3558.46,3471.83,,,,,,,,,,
21-Oct-25,28-Oct-25,PNB,Non-Hld,117.46,120,116.5,0.83,123.5,5.15,0.91,62,2.14,2.06,0.08,119.33,114.02,108.72,,,,,,,,,,
21-Oct-25,28-Oct-25,PNBHOUSING,Non-Hld,873,900,854.2,2.21,945.8,8.34,0.83,55.85,2.43,4.43,-2,909.4,871.04,832.67,,,,,,,,,,
21-Oct-25,28-Oct-25,POLICYBZR,Non-Hld,1636,1700,1630.55,0.34,1769.45,8.16,0.68,34.29,-34.9,-28.21,-6.68,1795.72,1709.26,1622.79,,,,,,,,,,
21-Oct-25,28-Oct-25,POLYCAB,Non-Hld,7599,8000,7628.45,-0.38,8371.55,10.17,0.69,55.75,87.31,99.23,-11.91,7808.73,7529.92,7251.12,,,,,,,,,,
21-Oct-25,28-Oct-25,POWERGRID,Holding,288.7,300,288.1,0.21,311.9,8.04,0.46,52.3,0.98,0.71,0.28,294.31,286.96,279.62,,,,,,,,,,
21-Oct-25,28-Oct-25,POWERINDIA,Non-Hld,17472,18000,17225.25,1.44,18774.75,7.46,0.25,36.09,-478.52,-463.72,-14.8,19364.31,18080.6,16796.89,,,,,,,,,,
21-Oct-25,28-Oct-25,PPLPHARMA,Non-Hld,196.5,210,195.85,0.34,224.15,14.08,0.61,51.54,-0.57,-0.53,-0.04,201.89,195.35,188.8,,,,,,,,,,
21-Oct-25,28-Oct-25,PRESTIGE,Non-Hld,1712.1,1700,1648.9,3.84,1751.1,2.28,0.88,67.42,32.6,12.83,19.77,1736.79,1592.05,1447.31,,,,,,,,,,
21-Oct-25,28-Oct-25,RBLBANK,Non-Hld,324.15,300,274.55,18.07,325.45,0.41,0.66,76.96,12.3,8.28,4.02,320.29,287.29,254.28,,,,,,,,,,
21-Oct-25,28-Oct-25,RECLTD,Non-Hld,376.55,380,367.8,2.38,392.2,4.16,0.84,52.36,-0.32,-0.53,0.21,384.1,375.42,366.74,,,,,,,,,,
21-Oct-25,28-Oct-25,RELIANCE,Non-Hld,1461,1400,1334.35,9.5,1465.65,0.32,0.82,73.14,12.27,1.73,10.54,1445.01,1387.54,1330.06,,,,,,,,,,
21-Oct-25,28-Oct-25,RVNL,Non-Hld,331.2,350,328.35,0.87,371.65,12.22,0.35,42.29,-2.89,-0.99,-1.9,356.46,341.8,327.14,,,,,,,,,,
21-Oct-25,28-Oct-25,SAIL,Non-Hld,129.7,140,129.3,0.31,150.7,16.2,0.52,47.23,-0.11,0.63,-0.73,137.95,132.73,127.5,,,,,,,,,,
21-Oct-25,28-Oct-25,SAMMAANCAP,Non-Hld,174.55,160,145.05,20.34,174.95,0.23,1.13,75.3,8.59,8.04,0.56,182.84,158.63,134.42,,,,,,,,,,
21-Oct-25,28-Oct-25,SBICARD,Non-Hld,934.1,900,854,9.38,946,1.28,0.77,68.95,20.81,19.6,1.21,953.4,904.96,856.53,,,,,,,,,,
21-Oct-25,28-Oct-25,SBILIFE,Non-Hld,1836.2,1800,1745.75,5.19,1854.25,0.99,0.45,57.98,6.24,0.23,6.01,1854.37,1809.56,1764.76,,,,,,,,,,
21-Oct-25,28-Oct-25,SBIN,Non-Hld,907.05,880,851.9,6.48,908.1,0.12,0.76,73.38,16.03,13.85,2.18,903.86,875.34,846.81,,,,,,,,,,
21-Oct-25,28-Oct-25,SHREECEM,Non-Hld,28890,29500,28721.85,0.59,30278.15,4.81,0.44,40.24,-130.09,-115.04,-15.05,30080.58,29454,28827.42,,,,,,,,,,
21-Oct-25,28-Oct-25,SHRIRAMFIN,Non-Hld,695.5,700,682.25,1.95,717.75,3.2,0.92,72.88,17.74,14.69,3.05,709.8,654.76,599.73,,,,,,,,,,
21-Oct-25,28-Oct-25,SIEMENS,Holding,3105.1,3300,3087.4,0.58,3512.6,13.13,0.39,43.19,-20.81,-12.1,-8.71,3257.67,3150.12,3042.57,,,,,,,,,,
21-Oct-25,28-Oct-25,SOLARINDS,Non-Hld,14120,15000,14081.45,0.28,15918.55,12.74,0.66,50.18,-46.2,-81.15,34.94,14470.26,13960,13449.74,,,,,,,,,,
21-Oct-25,28-Oct-25,SONACOMS,Non-Hld,460.9,500,459.45,0.32,540.55,17.29,0.63,63.85,7.51,1.62,5.9,472.66,429.8,386.94,,,,,,,,,,
21-Oct-25,28-Oct-25,SRF,Non-Hld,3141.6,3200,3088.25,1.73,3311.75,5.42,1.16,68.14,63.32,38.35,24.97,3226.39,2985.54,2744.69,,,,,,,,,,
21-Oct-25,28-Oct-25,SUNPHARMA,Non-Hld,1684,1680,1652,1.94,1708,1.43,0.94,64.2,16.17,11.39,4.78,1703.38,1644.36,1585.35,,,,,,,,,,
21-Oct-25,28-Oct-25,SUPREMEIND,Non-Hld,4190,4500,4211.5,-0.51,4788.5,14.29,0.52,43.12,-48.63,-53.55,4.92,4320.06,4222.48,4124.91,,,,,,,,,,
21-Oct-25,28-Oct-25,SUZLON,Non-Hld,54.17,56,53.65,0.97,58.35,7.72,0.46,42.41,-1.21,-1.3,0.09,57.61,54.62,51.62,,,,,,,,,,
21-Oct-25,28-Oct-25,SYNGENE,Non-Hld,641.9,640,623,3.04,657,2.36,0.51,50.83,-2.35,-4.27,1.92,653.45,633.78,614.11,,,,,,,,,,
21-Oct-25,28-Oct-25,TATACONSUM,Non-Hld,1173.5,1170,1142.25,2.74,1197.75,2.07,0.64,67.61,14.28,10.32,3.97,1172.19,1134.98,1097.78,,,,,,,,,,
21-Oct-25,28-Oct-25,TATAELXSI,Non-Hld,5353,5500,5266.85,1.64,5733.15,7.11,0.37,43.47,-52.93,-60.9,7.97,5566.41,5386.88,5207.34,,,,,,,,,,
21-Oct-25,28-Oct-25,TATAPOWER,Non-Hld,398,400,391.25,1.73,408.75,2.71,0.84,59.48,2.38,1.49,0.89,401.6,392.24,382.88,,,,,,,,,,
21-Oct-25,28-Oct-25,TATASTEEL,Non-Hld,172.68,175,170.15,1.49,179.85,4.16,0.67,54.66,1.48,1.78,-0.3,176.26,171.78,167.31,,,,,,,,,,
21-Oct-25,28-Oct-25,TATATECH,Non-Hld,685.6,700,678.4,1.07,721.6,5.26,0.61,45.31,-1.35,1.19,-2.54,722.68,693.22,663.76,,,,,,,,,,
21-Oct-25,28-Oct-25,TCS,Non-Hld,3000,3100,2990.3,0.33,3209.7,6.99,0.59,50.35,-15.17,-23.16,7.99,3076.14,2968.03,2859.92,,,,,,,,,,
21-Oct-25,28-Oct-25,TECHM,Non-Hld,1446.9,1500,1439.6,0.51,1560.4,7.85,0.73,49.91,-6.91,-11.18,4.27,1474.61,1428.88,1383.15,,,,,,,,,,
21-Oct-25,28-Oct-25,TIINDIA,Non-Hld,3138.2,3200,3097.1,1.33,3302.9,5.25,0.48,47.5,-7.25,0.22,-7.47,3270.92,3156.78,3042.65,,,,,,,,,,
21-Oct-25,28-Oct-25,TITAGARH,Non-Hld,877.55,900,863.65,1.61,936.35,6.71,0.46,47.08,-2.61,0.99,-3.6,921.1,891.94,862.78,,,,,,,,,,
21-Oct-25,28-Oct-25,TITAN,Non-Hld,3743.3,3400,3052.1,22.65,3747.9,0.13,0.75,70.01,47.34,14.2,33.15,3739.52,3504.3,3269.09,,,,,,,,,,
21-Oct-25,28-Oct-25,TMPV,Non-Hld,400.85,400,388.25,3.25,411.75,2.72,0.4,15.13,-78.05,-47.27,-30.78,868.05,600.15,332.25,,,,,,,,,,
21-Oct-25,28-Oct-25,TORNTPHARM,Non-Hld,3568,3500,3400.95,4.92,3599.05,0.88,0.55,54.52,-4.97,-10.16,5.19,3631.6,3559.89,3488.19,,,,,,,,,,
21-Oct-25,28-Oct-25,TORNTPOWER,Non-Hld,1320,1300,1268.2,4.09,1331.8,0.9,0.66,60.42,12.2,1.2,11,1340.83,1260.86,1180.9,,,,,,,,,,
21-Oct-25,28-Oct-25,TRENT,Non-Hld,4779,5000,4753.95,0.53,5246.05,9.78,0.46,44.96,-88.27,-120.9,32.62,4907.58,4746.07,4584.55,,,,,,,,,,
21-Oct-25,28-Oct-25,TVSMOTOR,Non-Hld,3641.5,3700,3605.1,1.01,3794.9,4.22,0.93,75.81,63.74,53.43,10.31,3658.88,3509.44,3360.01,,,,,,,,,,
21-Oct-25,28-Oct-25,ULTRACEMCO,Non-Hld,12271,13000,12343.45,-0.58,13656.55,11.3,0.64,51.9,-21.36,-58.11,36.75,12449.36,12193.75,11938.14,,,,,,,,,,
21-Oct-25,28-Oct-25,UNIONBANK,Non-Hld,141.3,140,135.95,3.94,144.05,1.95,0.63,58.96,1.35,1.2,0.15,142.01,138.29,134.56,,,,,,,,,,
21-Oct-25,28-Oct-25,UNITDSPR,Non-Hld,1359,1400,1351.35,0.57,1448.65,6.6,0.58,56.85,7.42,4.5,2.92,1380.11,1338.36,1296.6,,,,,,,,,,
21-Oct-25,28-Oct-25,UNOMINDA,Non-Hld,1228.1,1320,1226.25,0.16,1413.75,15.12,0.39,44.21,-14.6,-4.74,-9.86,1371.51,1272.65,1173.79,,,,,,,,,,
21-Oct-25,28-Oct-25,UPL,Non-Hld,678.9,680,664.25,2.21,695.75,2.49,0.61,50.52,-2.77,-4.74,1.97,691.51,672.3,653.08,,,,,,,,,,
21-Oct-25,28-Oct-25,VBL,Non-Hld,459.3,500,456.8,0.55,543.2,18.27,0.66,52.08,-4.12,-7.77,3.65,463.65,448.04,432.44,,,,,,,,,,
21-Oct-25,28-Oct-25,VEDL,Non-Hld,475,480,466.25,1.88,493.75,3.95,0.76,59.28,8.2,9.28,-1.08,491.75,469.8,447.85,,,,,,,,,,
21-Oct-25,28-Oct-25,VOLTAS,Non-Hld,1455.8,1440,1401.5,3.88,1478.5,1.56,0.91,65.53,15.03,6.89,8.13,1448.27,1386.5,1324.74,,,,,,,,,,
21-Oct-25,28-Oct-25,WIPRO,Non-Hld,241.19,250,239.25,0.82,260.75,8.11,0.57,43.65,-0.93,-0.79,-0.14,252.6,243.96,235.31,,,,,,,,,,
21-Oct-25,28-Oct-25,YESBANK,Non-Hld,22.75,24,22.6,0.67,25.4,11.65,0.57,58.89,0.6,0.66,-0.06,24.09,22.24,20.4,,,,,,,,,,
21-Oct-25,28-Oct-25,ZYDUSLIFE,Non-Hld,998,1100,984.6,1.37,1215.4,21.79,0.55,50.86,-4.27,-4.73,0.46,1031.11,995.56,960,,,,,,,,,,
23-Oct-25,28-Oct-25,360ONE,Non-Hld,1180,1200,1161.6,1.58,1238.4,4.95,0.61,71.36,32.21,20.75,11.46,1213.11,1092.41,971.71,,,,,,,,,,
23-Oct-25,28-Oct-25,ABB,Holding,5169.5,5300,5135.5,0.66,5464.5,5.71,0.64,47.19,-8.68,-13.46,4.78,5256.52,5189.55,5122.58,,,,,,,,,,
23-Oct-25,28-Oct-25,ABCAPITAL,Non-Hld,308,300,289.1,6.54,310.9,0.94,0.8,62.55,4.76,4.37,0.38,311.94,297.77,283.61,,,,,,,,,,
23-Oct-25,28-Oct-25,ADANIENSOL,Non-Hld,952.8,1000,944.1,0.92,1055.9,10.82,0.66,66.22,25.43,26.54,-1.11,967.19,917.79,868.38,,,,,,,,,,
23-Oct-25,28-Oct-25,ADANIENT,Non-Hld,2544.9,2600,2528.6,0.64,2671.4,4.97,0.52,55.51,25.16,32.13,-6.98,2606.39,2549.95,2493.51,,,,,,,,,,
23-Oct-25,28-Oct-25,ADANIGREEN,Non-Hld,1045.7,1100,1036.6,0.88,1163.4,11.26,0.44,52.41,8.5,13.7,-5.2,1085.61,1052.38,1019.14,,,,,,,,,,
23-Oct-25,28-Oct-25,ADANIPORTS,Non-Hld,1453.8,1500,1446.55,0.5,1553.45,6.85,0.56,58.48,20.74,17.11,3.63,1487.48,1426.43,1365.38,,,,,,,,,,
23-Oct-25,28-Oct-25,ALKEM,Non-Hld,5525,5600,5498.35,0.48,5701.65,3.2,0.8,56.93,42.02,43.93,-1.9,5598.32,5498.15,5397.98,,,,,,,,,,
23-Oct-25,28-Oct-25,AMBER,Non-Hld,8300,9000,8989.2,-7.67,9010.8,8.56,0.54,57.09,79.32,103.62,-24.29,8429.68,8255.42,8081.17,,,,,,,,,,
23-Oct-25,28-Oct-25,AMBUJACEM,Non-Hld,565,600,564.35,0.12,635.65,12.5,0.59,44.09,-2.76,-2.63,-0.13,579.55,568.99,558.43,,,,,,,,,,
23-Oct-25,28-Oct-25,ANGELONE,Non-Hld,2498,2400,2280.8,9.52,2519.2,0.85,0.87,70.39,54.16,19.14,35.02,2579.87,2307.25,2034.63,,,,,,,,,,
23-Oct-25,28-Oct-25,APLAPOLLO,Non-Hld,1750,1700,1637.8,6.85,1762.2,0.7,0.63,62.43,18.89,18.51,0.39,1778.53,1724.55,1670.57,,,,,,,,,,
23-Oct-25,28-Oct-25,APOLLOHOSP,Non-Hld,7970.5,8000,7882.1,1.12,8117.9,1.85,0.81,65.29,76.45,35.29,41.16,8061.75,7695.12,7328.5,,,,,,,,,,
23-Oct-25,28-Oct-25,ASHOKLEY,Non-Hld,137.7,140,136.15,1.14,143.85,4.47,0.41,52.89,0.24,0.85,-0.61,143.67,138.71,133.74,,,,,,,,,,
23-Oct-25,28-Oct-25,ASIANPAINT,Non-Hld,2499.7,2600,2499.05,0.03,2700.95,8.05,0.69,62.77,7.56,-16.48,24.05,2523.16,2388.96,2254.75,,,,,,,,,,
23-Oct-25,28-Oct-25,ASTRAL,Non-Hld,1460,1500,1450.9,0.63,1549.1,6.1,0.53,61.09,8.26,2.68,5.58,1471.66,1413.57,1355.48,,,,,,,,,,
23-Oct-25,28-Oct-25,AUBANK,Non-Hld,870,840,805.4,8.02,874.6,0.53,1.35,80.02,31.18,19.39,11.78,861.99,775.26,688.53,,,,,,,,,,
23-Oct-25,28-Oct-25,AUROPHARMA,Non-Hld,1100,1100,1073.15,2.5,1126.85,2.44,0.59,50.2,5.04,7.04,-2,1132.88,1100.75,1068.63,,,,,,,,,,
23-Oct-25,28-Oct-25,AXISBANK,Non-Hld,1253.6,1160,1066.75,17.52,1253.25,-0.03,0.78,73.17,29.48,24.41,5.07,1246.41,1183.32,1120.23,,,,,,,,,,
23-Oct-25,28-Oct-25,BAJAJ-AUTO,Non-Hld,9036,9200,8977.25,0.65,9422.75,4.28,0.63,54.99,70.48,51.57,18.91,9253.38,8904.4,8555.42,,,,,,,,,,
23-Oct-25,28-Oct-25,BAJAJFINSV,Non-Hld,2176,2100,2021.65,7.63,2178.35,0.11,1.04,74.67,32.46,17.1,15.36,2159.86,2051.43,1943,,,,,,,,,,
23-Oct-25,28-Oct-25,BAJFINANCE,Non-Hld,1091.15,1020,947.2,15.2,1092.8,0.15,1.19,75.58,30.5,25.8,4.71,1097.78,1030.24,962.69,,,,,,,,,,
23-Oct-25,28-Oct-25,BANDHANBNK,Non-Hld,170.38,165,157.9,7.9,172.1,1.01,0.93,59.82,0.62,-0.11,0.73,171.22,163.42,155.61,,,,,,,,,,
23-Oct-25,28-Oct-25,BANKBARODA,Non-Hld,266.75,270,263.4,1.27,276.6,3.69,0.6,59.98,5.74,5.91,-0.18,274.81,262.64,250.48,,,,,,,,,,
23-Oct-25,28-Oct-25,BANKINDIA,Non-Hld,135.28,130,124.15,8.96,135.85,0.42,1.03,72.81,3.22,2.64,0.57,133.25,125.03,116.82,,,,,,,,,,
23-Oct-25,28-Oct-25,BDL,Non-Hld,1515,1600,1511.65,0.22,1688.35,11.44,0.64,46.94,-6.16,-7.4,1.24,1573.85,1524.57,1475.29,,,,,,,,,,
23-Oct-25,28-Oct-25,BEL,Holding,418.4,420,411.8,1.6,428.2,2.34,0.59,62.41,5.65,5.34,0.32,421.41,408.25,395.09,,,,,,,,,,
23-Oct-25,28-Oct-25,BHARATFORG,Non-Hld,1296,1300,1269.6,2.08,1330.4,2.65,0.83,66.2,15.16,10.23,4.94,1276.45,1225.75,1175.05,,,,,,,,,,
23-Oct-25,28-Oct-25,BHARTIARTL,Non-Hld,2009.9,1960,1907.95,5.34,2012.05,0.11,0.63,62.05,28.19,17.68,10.51,2045.19,1946.9,1848.61,,,,,,,,,,
23-Oct-25,28-Oct-25,BHEL,Non-Hld,233.84,250,233.95,-0.05,266.05,13.77,0.47,49.54,0.85,1.88,-1.03,245.38,237.08,228.78,,,,,,,,,,
23-Oct-25,28-Oct-25,BIOCON,Non-Hld,362.4,370,360.6,0.5,379.4,4.69,0.72,56.07,1.13,-0.93,2.07,367.34,352.44,337.55,,,,,,,,,,
23-Oct-25,28-Oct-25,BLUESTARCO,Non-Hld,1975,2060,1976.4,-0.07,2143.6,8.54,0.5,59.36,16.78,10.91,5.86,1986.04,1919.76,1853.47,,,,,,,,,,
23-Oct-25,28-Oct-25,BOSCHLTD,Non-Hld,38860,39000,38372.8,1.27,39627.2,1.97,0.69,50.35,-110.14,-210.81,100.68,39201.59,38570.5,37939.41,,,,,,,,,,
23-Oct-25,28-Oct-25,BPCL,Non-Hld,331.4,335,326.3,1.56,343.7,3.71,0.6,47.18,2.62,3.85,-1.23,347.64,337.24,326.84,,,,,,,,,,
23-Oct-25,28-Oct-25,BRITANNIA,Non-Hld,6049,6600,6599.5,-8.34,6600.5,9.12,0.76,58.8,27.7,12.32,15.38,6121.86,5952.32,5782.79,,,,,,,,,,
23-Oct-25,28-Oct-25,BSE,Holding,2486.5,2500,2428.3,2.4,2571.7,3.43,0.74,66.87,76.24,47.87,28.37,2650.74,2286.43,1922.12,,,,,,,,,,
23-Oct-25,28-Oct-25,CAMS,Holding,3875.6,4000,3851.6,0.62,4148.4,7.04,0.58,52.91,-9.14,-13.79,4.65,3892.34,3823.93,3755.52,,,,,,,,,,
23-Oct-25,28-Oct-25,CANBK,Non-Hld,126.14,130,124.9,0.99,135.1,7.1,0.74,58.69,3.04,3.52,-0.49,130.68,125.29,119.89,,,,,,,,,,
23-Oct-25,28-Oct-25,CDSL,Holding,1601.5,1640,1588.8,0.8,1691.2,5.6,0.71,57.64,20.6,14.96,5.64,1669.11,1552.53,1435.95,,,,,,,,,,
23-Oct-25,28-Oct-25,CGPOWER,Holding,733.8,840,839.75,-12.62,840.25,14.51,0.56,42.48,0.21,3.59,-3.38,767.44,748.83,730.22,,,,,,,,,,
23-Oct-25,28-Oct-25,CHOLAFIN,Non-Hld,1683,1700,1662.5,1.23,1737.5,3.24,0.68,62.73,33.32,31.66,1.66,1702.56,1631.11,1559.66,,,,,,,,,,
23-Oct-25,28-Oct-25,CIPLA,Non-Hld,1645,1700,1634.95,0.61,1765.05,7.3,0.42,68.46,23.43,8.19,15.24,1647.83,1546.72,1445.61,,,,,,,,,,
23-Oct-25,28-Oct-25,COALINDIA,Holding,392.2,400,391.2,0.26,408.8,4.23,0.64,60.26,0.7,-0.01,0.71,394.79,386.93,379.07,,,,,,,,,,
23-Oct-25,28-Oct-25,COFORGE,Non-Hld,1761.7,1800,1707.1,3.2,1892.9,7.45,0.59,57.51,14.96,4.89,10.07,1820.64,1676.85,1533.06,,,,,,,,,,
23-Oct-25,28-Oct-25,COLPAL,Non-Hld,2300,2400,2268.2,1.4,2531.8,10.08,0.68,53.29,-10.8,-19.83,9.04,2306.31,2241.74,2177.17,,,,,,,,,,
23-Oct-25,28-Oct-25,CONCOR,Non-Hld,535.5,540,529.05,1.22,550.95,2.89,0.72,48.19,-3.11,-4.22,1.11,539.71,531.05,522.38,,,,,,,,,,
23-Oct-25,28-Oct-25,CROMPTON,Non-Hld,291.2,300,289.45,0.6,310.55,6.64,0.56,43.04,-6.18,-7.63,1.44,299.3,289.78,280.26,,,,,,,,,,
23-Oct-25,28-Oct-25,CUMMINSIND,Non-Hld,4071.4,4100,4015.65,1.39,4184.35,2.77,0.83,63.37,21.42,15.57,5.86,4046.81,3960.91,3875.01,,,,,,,,,,
23-Oct-25,28-Oct-25,CYIENT,Non-Hld,1210.9,1300,1197.2,1.14,1402.8,15.85,0.8,56.89,-2.35,-8.4,6.05,1209.76,1168.68,1127.59,,,,,,,,,,
23-Oct-25,28-Oct-25,DABUR,Non-Hld,511,550,509.35,0.32,590.65,15.59,0.61,55.03,-3.61,-6.87,3.26,515.84,496.99,478.13,,,,,,,,,,
23-Oct-25,28-Oct-25,DALBHARAT,Non-Hld,2135.3,2300,2135.3,0,2464.7,15.43,0.36,26.23,-38.98,-33.02,-5.97,2297.9,2228.91,2159.92,,,,,,,,,,
23-Oct-25,28-Oct-25,DELHIVERY,Non-Hld,472.95,500,471.45,0.32,528.55,11.76,0.66,55.24,2.58,0.88,1.71,485.28,459.58,433.89,,,,,,,,,,
23-Oct-25,28-Oct-25,DIVISLAB,Non-Hld,6564,6000,5426.6,20.96,6573.4,0.14,1.08,68.08,154.53,102.71,51.82,6924.93,6193,5461.07,,,,,,,,,,
23-Oct-25,28-Oct-25,DIXON,Non-Hld,15650,17000,15625.75,0.16,18374.25,17.41,0.36,31.49,-335.94,-193.03,-142.91,18139.19,16877.55,15615.91,,,,,,,,,,
23-Oct-25,28-Oct-25,DLF,Non-Hld,774,780,764.5,1.24,795.5,2.78,0.78,61.72,4.43,-1.45,5.88,781.19,741,700.8,,,,,,,,,,
23-Oct-25,28-Oct-25,DMART,Non-Hld,4275,4400,4246.6,0.67,4553.4,6.51,0.36,36.68,-80.43,-78.42,-2.01,4610.87,4362.08,4113.3,,,,,,,,,,
23-Oct-25,28-Oct-25,DRREDDY,Non-Hld,1280,1260,1218.55,5.04,1301.45,1.68,0.61,54.91,-0.48,-5.01,4.53,1295.02,1254.9,1214.77,,,,,,,,,,
23-Oct-25,28-Oct-25,EICHERMOT,Non-Hld,6894,7000,6838.95,0.8,7161.05,3.87,0.71,51.8,85.13,114.57,-29.44,7074.1,6961.98,6849.85,,,,,,,,,,
23-Oct-25,28-Oct-25,ETERNAL,Non-Hld,328,350,327.6,0.12,372.4,13.54,0.46,42.96,3.55,5.4,-1.86,355.92,337.54,319.16,,,,,,,,,,
23-Oct-25,28-Oct-25,EXIDEIND,Non-Hld,392.9,400,389.95,0.76,410.05,4.36,0.7,42.91,-1.82,-1.73,-0.09,404.7,396.24,387.78,,,,,,,,,,
23-Oct-25,28-Oct-25,FEDERALBNK,Non-Hld,227,230,223.8,1.43,236.2,4.05,0.92,80.12,7.72,5.05,2.68,231.07,205.65,180.23,,,,,,,,,,
23-Oct-25,28-Oct-25,FORTIS,Non-Hld,1048.95,1100,1049.6,-0.06,1150.4,9.67,0.73,55.04,34.66,35.44,-0.78,1147.37,1035.66,923.95,,,,,,,,,,
23-Oct-25,28-Oct-25,GAIL,Non-Hld,179.95,180,176.3,2.07,183.7,2.08,0.56,55.02,0.44,0.28,0.17,181.43,177.27,173.12,,,,,,,,,,
23-Oct-25,28-Oct-25,GLENMARK,Non-Hld,1849.9,2000,1863.4,-0.72,2136.6,15.5,0.45,29.24,-42.5,-34.1,-8.4,2034.21,1928.79,1823.37,,,,,,,,,,
23-Oct-25,28-Oct-25,GMRAIRPORT,Non-Hld,92.32,95,91.85,0.51,98.15,6.31,0.55,60.66,0.7,0.37,0.33,92.62,89.5,86.38,,,,,,,,,,
23-Oct-25,28-Oct-25,GODREJCP,Non-Hld,1136.7,1200,1137.95,-0.11,1262.05,11.03,0.64,39.17,-22.78,-25.77,3,1190.58,1142.43,1094.28,,,,,,,,,,
23-Oct-25,28-Oct-25,GODREJPROP,Non-Hld,2276,2100,1915.75,18.8,2284.25,0.36,1.04,69.18,60.55,33.47,27.08,2307.83,2092.77,1877.7,,,,,,,,,,
23-Oct-25,28-Oct-25,GRASIM,Non-Hld,2866,2900,2842.85,0.81,2957.15,3.18,0.62,59.5,14.94,7.12,7.82,2877.94,2805.44,2732.94,,,,,,,,,,
23-Oct-25,28-Oct-25,HAL,Non-Hld,4813.4,5000,4788.4,0.52,5211.6,8.27,0.48,53.01,43.14,49.85,-6.71,4910.01,4807.61,4705.21,,,,,,,,,,
23-Oct-25,28-Oct-25,HAVELLS,Non-Hld,1498,1600,1496.05,0.13,1703.95,13.75,0.58,46.6,-16.68,-18.61,1.92,1536.76,1493.84,1450.92,,,,,,,,,,
23-Oct-25,28-Oct-25,HCLTECH,Non-Hld,1524.9,1600,1524.4,0.03,1675.6,9.88,0.65,66.6,17.12,8.05,9.07,1542.92,1445.62,1348.33,,,,,,,,,,
23-Oct-25,28-Oct-25,HDFCAMC,Non-Hld,5618,6000,5675.7,-1.02,6324.3,12.57,0.43,46.98,4.22,-2.76,6.98,5833.37,5636.88,5440.38,,,,,,,,,,
23-Oct-25,28-Oct-25,HDFCBANK,Non-Hld,1006.6,1020,1001.3,0.53,1038.7,3.19,0.88,73.23,9.73,5.3,4.44,1015.25,975.95,936.66,,,,,,,,,,
23-Oct-25,28-Oct-25,HDFCLIFE,Non-Hld,743.6,800,747.85,-0.57,852.15,14.6,0.48,41.97,-6.89,-6.14,-0.75,771.34,753.66,735.98,,,,,,,,,,
23-Oct-25,28-Oct-25,HEROMOTOCO,Non-Hld,5584,5600,5492.65,1.66,5707.35,2.21,0.72,61.07,95.77,103.15,-7.37,5727.26,5507.62,5287.99,,,,,,,,,,
23-Oct-25,28-Oct-25,HFCL,Non-Hld,76.76,80,76.5,0.34,83.5,8.78,0.52,54.74,0.75,0.58,0.17,78.27,75.21,72.15,,,,,,,,,,
23-Oct-25,28-Oct-25,HINDALCO,Non-Hld,790,800,783.8,0.79,816.2,3.32,0.75,67.34,12.07,11.51,0.56,795.87,768.22,740.58,,,,,,,,,,
23-Oct-25,28-Oct-25,HINDPETRO,Non-Hld,440.8,450,435.5,1.22,464.5,5.38,0.65,52.74,9.77,11.72,-1.95,467.3,445.36,423.41,,,,,,,,,,
23-Oct-25,28-Oct-25,HINDUNILVR,Non-Hld,2601,2600,2550.3,1.99,2649.7,1.87,0.51,59.22,5.56,-6.08,11.64,2607.67,2538.28,2468.89,,,,,,,,,,
23-Oct-25,28-Oct-25,HINDZINC,Non-Hld,481.25,500,479.9,0.28,520.1,8.07,0.39,50.64,9.9,13.14,-3.24,523.28,487.82,452.36,,,,,,,,,,
23-Oct-25,28-Oct-25,HUDCO,Non-Hld,229,240,227.85,0.5,252.15,10.11,0.47,52.95,1.56,2.17,-0.62,235.89,228.21,220.53,,,,,,,,,,
23-Oct-25,28-Oct-25,ICICIBANK,Non-Hld,1364.3,1400,1361.45,0.21,1438.55,5.44,0.47,41.51,-2.32,-3.91,1.58,1419.56,1378.46,1337.37,,,,,,,,,,
23-Oct-25,28-Oct-25,ICICIGI,Non-Hld,1985,1900,1810.6,9.63,1989.4,0.22,1.34,60.03,28.96,16.85,12.11,2032.62,1915.85,1799.08,,,,,,,,,,
23-Oct-25,28-Oct-25,ICICIPRULI,Non-Hld,605.65,620,603.55,0.35,636.45,5.09,0.54,56.57,-1.73,-3.2,1.46,605.97,595.44,584.9,,,,,,,,,,
23-Oct-25,28-Oct-25,IDEA,Non-Hld,9.49,10,9.2,3.15,10.8,13.8,0.68,65.65,0.34,0.34,0,9.45,8.73,8.01,,,,,,,,,,
23-Oct-25,28-Oct-25,IDFCFIRSTB,Non-Hld,78.97,80,78.1,1.11,81.9,3.71,1.13,73.23,1.45,0.77,0.68,77.83,72.23,66.64,,,,,,,,,,
23-Oct-25,28-Oct-25,IEX,Holding,144.8,150,143.1,1.19,156.9,8.36,0.6,58.27,-1.39,-1.93,0.54,144.7,139.24,133.77,,,,,,,,,,
23-Oct-25,28-Oct-25,IGL,Non-Hld,214.4,220,212.8,0.75,227.2,5.97,0.49,55,0.17,0.55,-0.38,220.55,210.98,201.41,,,,,,,,,,
23-Oct-25,28-Oct-25,IIFL,Non-Hld,491,500,486.7,0.88,513.3,4.54,0.72,58.86,13.02,11.46,1.56,525.94,474.45,422.95,,,,,,,,,,
23-Oct-25,28-Oct-25,INDHOTEL,Non-Hld,738,800,738.8,-0.11,861.2,16.69,0.55,47.73,-4.72,-7.52,2.8,748.16,730.4,712.63,,,,,,,,,,
23-Oct-25,28-Oct-25,INDIANB,Non-Hld,827,800,770.55,7.33,829.45,0.3,1.07,78.18,29.59,25.7,3.89,828.41,762.88,697.36,,,,,,,,,,
23-Oct-25,28-Oct-25,INDIGO,Holding,5789.5,5900,5740.05,0.86,6059.95,4.67,0.75,51.31,37.61,16.88,20.73,5947.09,5735.55,5524.01,,,,,,,,,,
23-Oct-25,28-Oct-25,INDUSINDBK,Non-Hld,758.5,800,756.85,0.22,843.15,11.16,0.94,54.47,1.07,-1.62,2.69,769.75,745.21,720.67,,,,,,,,,,
23-Oct-25,28-Oct-25,INDUSTOWER,Non-Hld,358.45,360,348.8,2.77,371.2,3.56,0.74,56.73,0.45,-0.43,0.88,363.44,351.23,339.03,,,,,,,,,,
23-Oct-25,28-Oct-25,INFY,Non-Hld,1525,1560,1498,1.8,1622,6.36,0.42,59.41,-1.2,-4.01,2.81,1525.96,1474.5,1423.03,,,,,,,,,,
23-Oct-25,28-Oct-25,INOXWIND,Non-Hld,153,150,146.55,4.4,153.45,0.29,0.5,61.57,0.92,0.08,0.84,153.08,144.46,135.83,,,,,,,,,,
23-Oct-25,28-Oct-25,IOC,Non-Hld,150.29,155,149.15,0.76,160.85,7.03,0.7,49.03,2,2.49,-0.49,157.93,151.79,145.65,,,,,,,,,,
23-Oct-25,28-Oct-25,IRCTC,Holding,719,800,717.9,0.15,882.1,22.68,0.46,52.71,-0.01,-1.63,1.62,724.93,711.46,697.98,,,,,,,,,,
23-Oct-25,28-Oct-25,IREDA,Non-Hld,153.31,160,152.9,0.27,167.1,8.99,0.45,54.02,0.77,0.67,0.1,156.05,151.46,146.87,,,,,,,,,,
23-Oct-25,28-Oct-25,IRFC,Non-Hld,125.25,130,123.7,1.25,136.3,8.82,0.45,49.11,-0.29,-0.31,0.01,127.07,124.87,122.67,,,,,,,,,,
23-Oct-25,28-Oct-25,ITC,Non-Hld,416.25,420,414.1,0.52,425.9,2.32,0.86,63.2,1.12,-0.81,1.93,414.83,404.15,393.47,,,,,,,,,,
23-Oct-25,28-Oct-25,JINDALSTEL,Non-Hld,1008.2,1100,1016.75,-0.84,1183.25,17.36,0.49,45.68,-5.87,-1.76,-4.11,1077.83,1030.33,982.83,,,,,,,,,,
23-Oct-25,28-Oct-25,JIOFIN,Non-Hld,308.9,320,308.35,0.18,331.65,7.36,0.53,49.97,-0.02,-0.99,0.97,316.97,305.47,293.96,,,,,,,,,,
23-Oct-25,28-Oct-25,JSWENERGY,Non-Hld,534.5,560,531.4,0.58,588.6,10.12,0.36,49,1.71,3.67,-1.96,552.87,536.96,521.04,,,,,,,,,,
23-Oct-25,28-Oct-25,JSWSTEEL,Non-Hld,1136,1200,1146.1,-0.88,1253.9,10.38,0.57,49.78,12.12,16.86,-4.74,1178.6,1152.36,1126.13,,,,,,,,,,
23-Oct-25,28-Oct-25,JUBLFOOD,Non-Hld,597.05,650,599.2,-0.36,700.8,17.38,0.47,43.59,-10.49,-10.63,0.13,633.35,605.36,577.37,,,,,,,,,,
23-Oct-25,28-Oct-25,KALYANKJIL,Non-Hld,494.05,500,486.55,1.54,513.45,3.93,0.57,52.72,-2.63,-6.36,3.73,505.65,477.98,450.32,,,,,,,,,,
23-Oct-25,28-Oct-25,KAYNES,Non-Hld,6700,7000,6657.35,0.64,7342.65,9.59,0.36,39.89,-26.06,46.55,-72.61,7605.41,7121.78,6638.14,,,,,,,,,,
23-Oct-25,28-Oct-25,KEI,Non-Hld,4079,4200,4041.6,0.93,4358.4,6.85,0.4,44.98,27.22,49.54,-22.32,4388.08,4167.98,3947.87,,,,,,,,,,
23-Oct-25,28-Oct-25,KFINTECH,Holding,1136,1200,1129.6,0.57,1270.4,11.83,0.59,59.56,10.52,2.82,7.7,1156.43,1087.21,1018,,,,,,,,,,
23-Oct-25,28-Oct-25,KOTAKBANK,Non-Hld,2220.1,2100,1969.55,12.72,2230.45,0.47,1.08,73.77,51.32,43.15,8.17,2271.57,2118.71,1965.85,,,,,,,,,,
23-Oct-25,28-Oct-25,KPITTECH,Non-Hld,1163.6,1200,1158.5,0.44,1241.5,6.69,0.47,44,-18.92,-19.8,0.88,1238.1,1168.8,1099.51,,,,,,,,,,
23-Oct-25,28-Oct-25,LAURUSLABS,Non-Hld,943,900,844.35,11.68,955.65,1.34,0.64,68.12,10.46,3.43,7.03,933.03,877.95,822.88,,,,,,,,,,
23-Oct-25,28-Oct-25,LICHSGFIN,Non-Hld,580,600,579.35,0.11,620.65,7.01,0.64,58.47,0.78,-0.09,0.87,582.18,570.58,558.99,,,,,,,,,,
23-Oct-25,28-Oct-25,LICI,Non-Hld,900.7,900,883.5,1.95,916.5,1.75,0.47,53.93,1.26,2.07,-0.82,913.09,896.38,879.68,,,,,,,,,,
23-Oct-25,28-Oct-25,LODHA,Non-Hld,1178.1,1200,1164.6,1.16,1235.4,4.86,0.53,50.73,-2.52,-10.11,7.59,1202.19,1154.14,1106.1,,,,,,,,,,
23-Oct-25,28-Oct-25,LT,Non-Hld,3916,3800,3679.6,6.42,3920.4,0.11,0.68,72.55,65.49,51.9,13.59,3921.46,3763.58,3605.69,,,,,,,,,,
23-Oct-25,28-Oct-25,LTF,Non-Hld,266.98,270,264.05,1.11,275.95,3.36,0.95,63.77,8.49,8.92,-0.43,277.65,258.6,239.55,,,,,,,,,,
23-Oct-25,28-Oct-25,LTIM,Non-Hld,5602,5700,5555.25,0.84,5844.75,4.33,0.61,66.22,99.06,75.09,23.96,5755.23,5371.2,4987.17,,,,,,,,,,
23-Oct-25,28-Oct-25,LUPIN,Non-Hld,1945,2000,1940.05,0.26,2059.95,5.91,0.61,46.82,-7.03,-6.07,-0.95,1990.49,1946.28,1902.06,,,,,,,,,,
23-Oct-25,28-Oct-25,M%26M,Non-Hld,3627.5,3700,3602.85,0.68,3797.15,4.68,0.61,61.82,36.64,22.23,14.41,3651.1,3501.48,3351.86,,,,,,,,,,
23-Oct-25,28-Oct-25,MANAPPURAM,Non-Hld,283.05,290,280.4,0.95,299.6,5.85,0.57,46.24,0.65,1.63,-0.98,294.4,286.03,277.66,,,,,,,,,,
23-Oct-25,28-Oct-25,MANKIND,Non-Hld,2459,2600,2440.15,0.77,2759.85,12.23,0.36,43.07,-22.14,-23.5,1.36,2514.55,2463.26,2411.97,,,,,,,,,,
23-Oct-25,28-Oct-25,MARICO,Non-Hld,722.1,740,721.2,0.12,758.8,5.08,0.7,55.16,2.11,-0.05,2.16,733.05,712.83,692.6,,,,,,,,,,
23-Oct-25,28-Oct-25,MARUTI,Non-Hld,16410,16200,15916.75,3.1,16483.25,0.45,0.52,68.38,307.15,348.38,-41.23,16536.8,16183.2,15829.6,,,,,,,,,,
23-Oct-25,28-Oct-25,MAXHEALTH,Non-Hld,1210.1,1240,1205.4,0.39,1274.6,5.33,0.81,61.74,10.02,-0.87,10.9,1221.95,1149.68,1077.41,,,,,,,,,,
23-Oct-25,28-Oct-25,MAZDOCK,Non-Hld,2806,3000,2790,0.57,3210,14.4,0.47,46.45,-4.16,2.17,-6.34,2937.46,2843.89,2750.32,,,,,,,,,,
23-Oct-25,28-Oct-25,MCX,Holding,9246,10000,9256.9,-0.12,10743.1,16.19,0.71,69.8,376.38,315.45,60.92,9797,8596.95,7396.9,,,,,,,,,,
23-Oct-25,28-Oct-25,MFSL,Non-Hld,1536.4,1600,1532.85,0.23,1667.15,8.51,0.7,40.01,-9.8,-2.96,-6.85,1632.1,1576.52,1520.95,,,,,,,,,,
23-Oct-25,28-Oct-25,MOTHERSON,Holding,107.4,110,106.2,1.13,113.8,5.96,0.59,57.31,0.77,0.87,-0.1,108.33,105.4,102.48,,,,,,,,,,
23-Oct-25,28-Oct-25,MPHASIS,Non-Hld,2805.1,2800,2726.7,2.88,2873.3,2.43,0.57,52.06,-14.86,-17.87,3.01,2846.41,2745.19,2643.97,,,,,,,,,,
23-Oct-25,28-Oct-25,MUTHOOTFIN,Non-Hld,3178,3300,3169.8,0.26,3430.2,7.94,0.73,54.44,88.86,100.22,-11.36,3371.16,3191.42,3011.69,,,,,,,,,,
23-Oct-25,28-Oct-25,NATIONALUM,Non-Hld,228,230,224.45,1.58,235.55,3.31,0.78,65.9,5.95,6.01,-0.05,237.01,219.35,201.7,,,,,,,,,,
23-Oct-25,28-Oct-25,NAUKRI,Non-Hld,1380.1,1400,1361.4,1.37,1438.6,4.24,0.55,56.33,-6.89,-8.36,1.48,1391.78,1342.2,1292.62,,,,,,,,,,
23-Oct-25,28-Oct-25,NBCC,Non-Hld,111.69,115,110.5,1.08,119.5,6.99,0.52,52.1,1.15,1.26,-0.11,115.54,110.96,106.38,,,,,,,,,,
23-Oct-25,28-Oct-25,NCC,Non-Hld,210.4,210,205.75,2.26,214.25,1.83,0.45,50.15,-0.68,-0.95,0.28,213.13,208.36,203.59,,,,,,,,,,
23-Oct-25,28-Oct-25,NESTLEIND,Non-Hld,1275.8,1200,1121.6,13.75,1278.4,0.2,0.9,66.84,25.84,14.73,11.12,1299.3,1203.96,1108.63,,,,,,,,,,
23-Oct-25,28-Oct-25,NHPC,Non-Hld,85.85,90,85.8,0.06,94.2,9.73,0.35,50.6,0.57,0.77,-0.2,87.77,86.26,84.75,,,,,,,,,,
23-Oct-25,28-Oct-25,NMDC,Non-Hld,74.25,80,74.15,0.13,85.85,15.62,0.49,43.43,0.15,0.56,-0.41,78.2,76.17,74.14,,,,,,,,,,
23-Oct-25,28-Oct-25,NTPC,Non-Hld,342.1,345,339.95,0.63,350.05,2.32,0.34,57.26,1.66,1.53,0.13,345.81,340.14,334.47,,,,,,,,,,
23-Oct-25,28-Oct-25,NUVAMA,Non-Hld,7208,7400,7128.7,1.11,7671.3,6.43,0.66,63.41,177.69,146.38,31.31,7675.19,6835.85,5996.51,,,,,,,,,,
23-Oct-25,28-Oct-25,NYKAA,Non-Hld,254.2,260,252.05,0.85,267.95,5.41,0.78,53.84,5.81,6.59,-0.78,275.41,251.24,227.07,,,,,,,,,,
23-Oct-25,28-Oct-25,OBEROIRLTY,Non-Hld,1680,1700,1663.55,0.99,1736.45,3.36,0.73,57.26,13.12,0.71,12.42,1708.19,1619.85,1531.51,,,,,,,,,,
23-Oct-25,28-Oct-25,OFSS,Non-Hld,8525,9000,8528.1,-0.04,9471.9,11.11,0.44,40.47,-42.62,25.51,-68.13,9445.72,8869.35,8292.98,,,,,,,,,,
23-Oct-25,28-Oct-25,OIL,Non-Hld,416.5,420,407.85,2.12,432.15,3.76,0.46,54.52,1.24,2,-0.76,424.27,414.7,405.13,,,,,,,,,,
23-Oct-25,28-Oct-25,ONGC,Non-Hld,252,250,246.75,2.13,253.25,0.5,0.6,70.33,3.23,2.69,0.54,251.97,244.34,236.71,,,,,,,,,,
23-Oct-25,28-Oct-25,PAGEIND,Non-Hld,41460,45000,44983.15,-7.83,45016.85,8.58,0.35,43.23,-653.3,-784.9,131.6,42852.19,41541.75,40231.31,,,,,,,,,,
23-Oct-25,28-Oct-25,PATANJALI,Non-Hld,594.85,600,585.55,1.59,614.45,3.29,0.43,50.69,-2.09,-2.4,0.31,604.01,591.1,578.19,,,,,,,,,,
23-Oct-25,28-Oct-25,PAYTM,Non-Hld,1282.5,1300,1259,1.87,1341,4.56,0.9,61.76,28.88,20.64,8.24,1344.41,1219.34,1094.26,,,,,,,,,,
23-Oct-25,28-Oct-25,PERSISTENT,Non-Hld,5844,5500,5146.7,13.55,5853.3,0.16,1.1,67.41,149.52,78.59,70.93,6014.92,5342.97,4671.02,,,,,,,,,,
23-Oct-25,28-Oct-25,PETRONET,Non-Hld,279.35,270,259.85,7.5,280.15,0.29,0.99,50.59,0.23,0.35,-0.12,287.51,278.18,268.84,,,,,,,,,,
23-Oct-25,28-Oct-25,PFC,Holding,396.6,410,396,0.15,424,6.91,0.66,43.84,-1.49,-0.43,-1.05,413.77,403.57,393.38,,,,,,,,,,
23-Oct-25,28-Oct-25,PGEL,Non-Hld,572,600,569.75,0.39,630.25,10.18,0.7,54.97,5.2,-1.45,6.65,609.87,547.36,484.84,,,,,,,,,,
23-Oct-25,28-Oct-25,PHOENIXLTD,Non-Hld,1703,1700,1659.6,2.62,1740.4,2.2,0.6,65.96,30.69,24.79,5.9,1709.17,1610.42,1511.68,,,,,,,,,,
23-Oct-25,28-Oct-25,PIDILITIND,Non-Hld,1516,1550,1515.55,0.03,1584.45,4.52,0.79,51.5,2.66,-2.14,4.8,1544.63,1500.55,1456.47,,,,,,,,,,
23-Oct-25,28-Oct-25,PIIND,Non-Hld,3539,3600,3508.35,0.87,3691.65,4.31,0.52,42.27,-42.42,-50.08,7.66,3635.39,3554.23,3473.07,,,,,,,,,,
23-Oct-25,28-Oct-25,PNB,Non-Hld,117.85,120,116.95,0.77,123.05,4.41,0.97,63.09,2.2,2.09,0.11,119.87,114.26,108.66,,,,,,,,,,
23-Oct-25,28-Oct-25,PNBHOUSING,Non-Hld,887,900,865.55,2.48,934.45,5.35,0.82,58.15,4.04,4.35,-0.31,908.27,870.63,832.98,,,,,,,,,,
23-Oct-25,28-Oct-25,POLICYBZR,Non-Hld,1663.5,1800,1674.45,-0.65,1925.55,15.75,0.78,41.17,-33.83,-29.33,-4.49,1779.54,1702.65,1625.76,,,,,,,,,,
23-Oct-25,28-Oct-25,POLYCAB,Non-Hld,7519.5,7700,7472.15,0.63,7927.85,5.43,0.64,51.54,76.14,94.61,-18.47,7800.59,7524.85,7249.11,,,,,,,,,,
23-Oct-25,28-Oct-25,POWERGRID,Holding,289.15,300,289.8,-0.22,310.2,7.28,0.45,53.91,1.02,0.77,0.25,294.42,287.02,279.61,,,,,,,,,,
23-Oct-25,28-Oct-25,POWERINDIA,Non-Hld,17075,18000,17930.15,-4.77,18069.85,5.83,0.17,31.64,-495.78,-470.13,-25.65,19267.59,17984.6,16701.61,,,,,,,,,,
23-Oct-25,28-Oct-25,PPLPHARMA,Non-Hld,203.2,210,203,0.1,217,6.79,0.65,58.95,0.11,-0.4,0.51,202.73,195.52,188.32,,,,,,,,,,
23-Oct-25,28-Oct-25,PRESTIGE,Non-Hld,1739,1800,1728.75,0.59,1871.25,7.6,0.9,69.93,37.29,17.72,19.57,1756.62,1598.66,1440.7,,,,,,,,,,
23-Oct-25,28-Oct-25,RBLBANK,Non-Hld,317.9,300,280.2,13.45,319.8,0.6,0.75,70.11,12.79,9.18,3.61,324.17,289.74,255.3,,,,,,,,,,
23-Oct-25,28-Oct-25,RECLTD,Non-Hld,375,380,367.8,1.96,392.2,4.59,0.85,49.19,-0.31,-0.49,0.17,381.8,374.83,367.86,,,,,,,,,,
23-Oct-25,28-Oct-25,RELIANCE,Non-Hld,1448,1400,1348.5,7.38,1451.5,0.24,0.73,65.76,14.55,4.29,10.25,1453.78,1390.46,1327.15,,,,,,,,,,
23-Oct-25,28-Oct-25,RVNL,Non-Hld,330.35,350,328.6,0.53,371.4,12.43,0.35,40.73,-3.26,-1.45,-1.82,354.04,340.42,326.8,,,,,,,,,,
23-Oct-25,28-Oct-25,SAIL,Non-Hld,129,140,128.75,0.19,151.25,17.25,0.51,45.96,-0.24,0.45,-0.69,137.3,132.33,127.35,,,,,,,,,,
23-Oct-25,28-Oct-25,SAMMAANCAP,Non-Hld,174.08,160,146.55,18.79,173.45,-0.36,1.21,73.91,8.71,8.17,0.54,183.16,160.6,138.04,,,,,,,,,,
23-Oct-25,28-Oct-25,SBICARD,Non-Hld,926.1,1000,919.95,0.67,1080.05,16.62,0.7,63.78,19.89,19.66,0.23,954.6,907.88,861.15,,,,,,,,,,
23-Oct-25,28-Oct-25,SBILIFE,Non-Hld,1848.5,1800,1737.1,6.41,1862.9,0.78,0.5,61.13,8.04,1.79,6.25,1859.69,1811.23,1762.77,,,,,,,,,,
23-Oct-25,28-Oct-25,SBIN,Non-Hld,909.1,880,850.65,6.87,909.35,0.03,0.81,74.49,16.95,14.47,2.48,909.86,877.38,844.9,,,,,,,,,,
23-Oct-25,28-Oct-25,SHREECEM,Non-Hld,28970,30000,28861.25,0.38,31138.75,7.49,0.55,40.61,-157.51,-123.54,-33.98,30053.43,29413,28772.57,,,,,,,,,,
23-Oct-25,28-Oct-25,SHRIRAMFIN,Non-Hld,709,720,701.35,1.09,738.65,4.18,0.99,76.6,19.4,15.63,3.77,717.38,658.81,600.24,,,,,,,,,,
23-Oct-25,28-Oct-25,SIEMENS,Holding,3155.1,3300,3140.4,0.47,3459.6,9.65,0.42,49.59,-17.83,-13.24,-4.59,3244.86,3145.6,3046.33,,,,,,,,,,
23-Oct-25,28-Oct-25,SOLARINDS,Non-Hld,14020,15000,14003.85,0.12,15996.15,14.1,0.61,47.79,-44.88,-73.89,29.02,14448.11,13950.35,13452.59,,,,,,,,,,
23-Oct-25,28-Oct-25,SONACOMS,Non-Hld,477.2,500,470.55,1.41,529.45,10.95,0.78,69.75,9.46,3.19,6.27,480.13,432.63,385.13,,,,,,,,,,
23-Oct-25,28-Oct-25,SRF,Non-Hld,3068.6,3200,3054.8,0.45,3345.2,9.01,1.04,57.35,58.62,42.41,16.21,3235.16,2994.25,2753.34,,,,,,,,,,
23-Oct-25,28-Oct-25,SUNPHARMA,Non-Hld,1695,1680,1654.55,2.44,1705.45,0.62,0.85,63.95,17.08,12.53,4.55,1709.17,1647.3,1585.43,,,,,,,,,,
23-Oct-25,28-Oct-25,SUPREMEIND,Non-Hld,4156.5,4500,4493.4,-7.5,4506.6,8.42,0.48,40.28,-50.2,-52.88,2.68,4303.61,4213.72,4123.83,,,,,,,,,,
23-Oct-25,28-Oct-25,SUZLON,Non-Hld,54.3,56,54.05,0.46,57.95,6.72,0.43,44.99,-1.08,-1.26,0.18,56.72,54.41,52.09,,,,,,,,,,
23-Oct-25,28-Oct-25,SYNGENE,Non-Hld,661.1,680,657.9,0.49,702.1,6.2,0.59,59.36,-0.3,-3.48,3.18,657.36,634.66,611.96,,,,,,,,,,
23-Oct-25,28-Oct-25,TATACONSUM,Non-Hld,1159,1200,1156.05,0.26,1243.95,7.33,0.54,61.12,14.53,11.16,3.37,1175.35,1136.61,1097.87,,,,,,,,,,
23-Oct-25,28-Oct-25,TATAELXSI,Non-Hld,5487.5,5500,5368.15,2.22,5631.85,2.63,0.4,51.32,-42.67,-57.26,14.59,5549.66,5382.65,5215.64,,,,,,,,,,
23-Oct-25,28-Oct-25,TATAPOWER,Non-Hld,396.7,400,392.5,1.07,407.5,2.72,0.85,57.47,2.41,1.67,0.74,401.9,392.34,382.79,,,,,,,,,,
23-Oct-25,28-Oct-25,TATASTEEL,Non-Hld,174,180,173.75,0.14,186.25,7.04,0.7,57.32,1.51,1.72,-0.21,176.38,171.83,167.27,,,,,,,,,,
23-Oct-25,28-Oct-25,TATATECH,Non-Hld,692.4,700,685.3,1.04,714.7,3.22,0.53,48.7,-1.36,0.68,-2.04,722.29,692.9,663.51,,,,,,,,,,
23-Oct-25,28-Oct-25,TCS,Non-Hld,3070,3200,3064.7,0.17,3335.3,8.64,0.65,57.93,-7.2,-19.97,12.77,3081.02,2969.14,2857.26,,,,,,,,,,
23-Oct-25,28-Oct-25,TECHM,Non-Hld,1465.3,1500,1461.05,0.29,1538.95,5.03,0.76,53.85,-4.65,-9.87,5.23,1475.85,1429.22,1382.58,,,,,,,,,,
23-Oct-25,28-Oct-25,TIINDIA,Non-Hld,3209.5,3300,3190.9,0.58,3409.1,6.22,0.38,54.66,-2.01,-0.22,-1.78,3247.61,3151.96,3056.3,,,,,,,,,,
23-Oct-25,28-Oct-25,TITAGARH,Non-Hld,882.8,900,870.25,1.44,929.75,5.32,0.45,46.59,-3.05,0.19,-3.23,916.19,889.87,863.55,,,,,,,,,,
23-Oct-25,28-Oct-25,TITAN,Non-Hld,3763.3,3400,3030.7,24.17,3769.3,0.16,0.74,72.68,57.58,22.87,34.7,3781.22,3520.96,3260.7,,,,,,,,,,
23-Oct-25,28-Oct-25,TMPV,Non-Hld,400.85,400,388.25,3.25,411.75,2.72,0.4,16.4,-80.08,-53.83,-26.25,861.78,585.38,308.97,,,,,,,,,,
23-Oct-25,28-Oct-25,TORNTPHARM,Non-Hld,3620,3500,3376.4,7.21,3623.6,0.1,0.65,57.77,-0.17,-8.16,7.99,3621.56,3558.02,3494.49,,,,,,,,,,
23-Oct-25,28-Oct-25,TORNTPOWER,Non-Hld,1318,1300,1271,3.7,1329,0.83,0.67,62.08,14.53,3.87,10.66,1348.26,1263.32,1178.38,,,,,,,,,,
23-Oct-25,28-Oct-25,TRENT,Non-Hld,4787,5000,4760.35,0.56,5239.65,9.46,0.44,44.45,-80.28,-112.77,32.49,4889.16,4740.68,4592.2,,,,,,,,,,
23-Oct-25,28-Oct-25,TVSMOTOR,Non-Hld,3607,3700,3579.65,0.76,3820.35,5.91,0.92,63.24,61.35,55.01,6.34,3667.94,3513.67,3359.4,,,,,,,,,,
23-Oct-25,28-Oct-25,ULTRACEMCO,Non-Hld,12112,13000,12158.3,-0.38,13841.7,14.28,0.59,44.84,-29.81,-52.45,22.64,12418.79,12180.95,11943.11,,,,,,,,,,
23-Oct-25,28-Oct-25,UNIONBANK,Non-Hld,142.8,145,141.1,1.2,148.9,4.27,0.58,60.96,1.57,1.27,0.29,142.57,138.42,134.27,,,,,,,,,,
23-Oct-25,28-Oct-25,UNITDSPR,Non-Hld,1353.8,1400,1353.25,0.04,1446.75,6.87,0.55,54,7.34,5.07,2.27,1380.97,1338.86,1296.74,,,,,,,,,,
23-Oct-25,28-Oct-25,UNOMINDA,Non-Hld,1197.9,1300,1198.65,-0.06,1401.35,16.98,0.43,40.11,-17.22,-7.24,-9.98,1368.49,1266.66,1164.84,,,,,,,,,,
23-Oct-25,28-Oct-25,UPL,Non-Hld,674.15,680,663.9,1.54,696.1,3.26,0.57,47.21,-2.68,-4.33,1.65,691.37,672.22,653.07,,,,,,,,,,
23-Oct-25,28-Oct-25,VBL,Non-Hld,465.3,500,463.95,0.29,536.05,15.21,0.66,56.33,-2.76,-6.76,4.01,465.2,448.4,431.59,,,,,,,,,,
23-Oct-25,28-Oct-25,VEDL,Non-Hld,483.4,500,480.9,0.52,519.1,7.39,0.77,64.38,8.29,9.08,-0.8,493,471.1,449.2,,,,,,,,,,
23-Oct-25,28-Oct-25,VOLTAS,Non-Hld,1436.3,1440,1408.75,1.96,1471.25,2.43,1.02,58.12,15.48,8.61,6.87,1453.79,1389.43,1325.07,,,,,,,,,,
23-Oct-25,28-Oct-25,WIPRO,Non-Hld,244.3,250,243.45,0.35,256.55,5.01,0.61,47.92,-0.91,-0.82,-0.09,251.94,243.69,235.44,,,,,,,,,,
23-Oct-25,28-Oct-25,YESBANK,Non-Hld,22.73,24,22.65,0.35,25.35,11.53,0.55,58.47,0.56,0.64,-0.08,24.12,22.31,20.49,,,,,,,,,,
23-Oct-25,28-Oct-25,ZYDUSLIFE,Non-Hld,1007,1000,981.85,2.56,1018.15,1.11,0.6,54.92,-2.71,-4.33,1.62,1022.07,993.76,965.45,,,,,,,,,,
24-Oct-25,28-Oct-25,360ONE,Non-Hld,1184.1,1200,1173.4,0.91,1226.6,3.59,0.64,72.45,37.4,25.49,11.91,1223.61,1100.37,977.13,,,,,,,,,,
24-Oct-25,28-Oct-25,ABB,Holding,5180,5300,5146.7,0.65,5453.3,5.28,0.54,47.14,-12.91,-16.89,3.98,5250.07,5186.74,5123.4,,,,,,,,,,
24-Oct-25,28-Oct-25,ABCAPITAL,Non-Hld,305.7,300,292.25,4.6,307.75,0.67,0.78,60.19,5.75,5.38,0.38,312.84,298.49,284.13,,,,,,,,,,
24-Oct-25,28-Oct-25,ADANIENSOL,Non-Hld,944.2,1000,938.4,0.62,1061.6,12.43,0.67,62.77,29.18,30.54,-1.36,969.38,920.55,871.71,,,,,,,,,,
24-Oct-25,28-Oct-25,ADANIENT,Non-Hld,2505.7,2600,2498.6,0.28,2701.4,7.81,0.53,48.16,25.3,35.44,-10.14,2594.11,2544.17,2494.23,,,,,,,,,,
24-Oct-25,28-Oct-25,ADANIGREEN,Non-Hld,1031.8,1100,1025.2,0.64,1174.8,13.86,0.43,48.79,9.07,15.16,-6.09,1077.2,1049.17,1021.13,,,,,,,,,,
24-Oct-25,28-Oct-25,ADANIPORTS,Non-Hld,1426.7,1500,1425.6,0.08,1574.4,10.35,0.58,51.11,20.79,19.89,0.9,1487.31,1426.3,1365.29,,,,,,,,,,
24-Oct-25,28-Oct-25,ALKEM,Non-Hld,5545,5600,5519.3,0.47,5680.7,2.45,0.9,58.05,51.11,54.48,-3.37,5592.78,5496.6,5400.42,,,,,,,,,,
24-Oct-25,28-Oct-25,AMBER,Non-Hld,8326,9000,8996.15,-7.45,9003.85,8.14,0.46,58,102.56,124.99,-22.43,8413.43,8251,8088.57,,,,,,,,,,
24-Oct-25,28-Oct-25,AMBUJACEM,Non-Hld,554.65,600,556.85,-0.4,643.15,15.96,0.61,37.06,-4.13,-3.33,-0.81,577.88,567.61,557.33,,,,,,,,,,
24-Oct-25,28-Oct-25,ANGELONE,Non-Hld,2514,2400,2276.75,10.42,2523.25,0.37,0.9,70.66,60.2,23.75,36.45,2605.23,2322.86,2040.48,,,,,,,,,,
24-Oct-25,28-Oct-25,APLAPOLLO,Non-Hld,1756.7,1700,1640.1,7.11,1759.9,0.18,0.57,62.64,22.2,21.74,0.46,1779.09,1728.46,1677.83,,,,,,,,,,
24-Oct-25,28-Oct-25,APOLLOHOSP,Non-Hld,7836,8000,7828.1,0.1,8171.9,4.29,0.65,54.8,80.78,49.56,31.22,8075.72,7704.83,7333.93,,,,,,,,,,
24-Oct-25,28-Oct-25,ASHOKLEY,Non-Hld,136.59,140,136.15,0.32,143.85,5.32,0.39,48.86,0.39,1.04,-0.65,143.2,138.41,133.62,,,,,,,,,,
24-Oct-25,28-Oct-25,ASIANPAINT,Non-Hld,2501.8,2600,2501.65,0.01,2698.35,7.86,0.63,62.6,11.62,-13.43,25.06,2531.16,2391.18,2251.19,,,,,,,,,,
24-Oct-25,28-Oct-25,ASTRAL,Non-Hld,1427.9,1500,1425.3,0.18,1574.7,10.28,0.5,51.65,8.03,3.75,4.27,1470.51,1413.12,1355.72,,,,,,,,,,
24-Oct-25,28-Oct-25,AUBANK,Non-Hld,860.5,840,816.45,5.4,863.55,0.35,1.25,75.08,36.97,24.52,12.45,873.72,781.47,689.22,,,,,,,,,,
24-Oct-25,28-Oct-25,AUROPHARMA,Non-Hld,1090.9,1100,1075.45,1.44,1124.55,3.08,0.54,44.91,3.91,7.16,-3.24,1133.05,1100.46,1067.87,,,,,,,,,,
24-Oct-25,28-Oct-25,AXISBANK,Non-Hld,1242,1160,1076.15,15.41,1243.85,0.15,0.74,67.07,35.13,29.55,5.58,1254.39,1187.47,1120.55,,,,,,,,,,
24-Oct-25,28-Oct-25,BAJAJ-AUTO,Non-Hld,9080.5,9200,9014.25,0.73,9385.75,3.36,0.67,56.36,82.77,67.8,14.97,9271.65,8916.28,8560.9,,,,,,,,,,
24-Oct-25,28-Oct-25,BAJAJFINSV,Non-Hld,2159,2100,2037.85,5.94,2162.15,0.15,1.02,69.68,40.12,23.89,16.23,2174.04,2055.94,1937.85,,,,,,,,,,
24-Oct-25,28-Oct-25,BAJFINANCE,Non-Hld,1089,1020,949.8,14.66,1090.2,0.11,1.26,73.26,36.39,31.61,4.77,1105.59,1033.24,960.89,,,,,,,,,,
24-Oct-25,28-Oct-25,BANDHANBNK,Non-Hld,169.76,150,129.45,31.14,170.55,0.47,1.01,57.59,0.95,-0.01,0.96,171.96,164,156.03,,,,,,,,,,
24-Oct-25,28-Oct-25,BANKBARODA,Non-Hld,266.1,270,264.3,0.68,275.7,3.61,0.66,58.86,6.37,6.78,-0.41,274.87,263.23,251.6,,,,,,,,,,
24-Oct-25,28-Oct-25,BANKINDIA,Non-Hld,133.8,130,125.9,6.27,134.1,0.22,1.01,68.36,4.05,3.28,0.77,134.53,125.68,116.83,,,,,,,,,,
24-Oct-25,28-Oct-25,BDL,Non-Hld,1539,1600,1528.7,0.67,1671.3,8.6,0.57,52.1,-6.01,-9.08,3.07,1569.81,1523.45,1477.09,,,,,,,,,,
24-Oct-25,28-Oct-25,BEL,Holding,422.4,425,417.95,1.06,432.05,2.28,0.61,64.76,7.09,6.42,0.67,422.67,409.58,396.49,,,,,,,,,,
24-Oct-25,28-Oct-25,BHARATFORG,Non-Hld,1286,1320,1277.15,0.69,1362.85,5.98,0.74,61.69,19.69,13.44,6.25,1285.48,1229.5,1173.51,,,,,,,,,,
24-Oct-25,28-Oct-25,BHARTIARTL,Non-Hld,2028,1960,1892.6,7.15,2027.4,-0.03,0.7,65.37,33.59,22.6,10.99,2056.08,1951.81,1847.54,,,,,,,,,,
24-Oct-25,28-Oct-25,BHEL,Non-Hld,231.26,250,231.3,-0.02,268.7,16.19,0.42,44.38,0.61,1.85,-1.24,245.55,236.83,228.12,,,,,,,,,,
24-Oct-25,28-Oct-25,BIOCON,Non-Hld,359.2,370,359.45,-0.07,380.55,5.94,0.7,52.97,1.09,-0.82,1.91,367.41,352.47,337.53,,,,,,,,,,
24-Oct-25,28-Oct-25,BLUESTARCO,Non-Hld,2009,2060,2055.05,-2.24,2064.95,2.78,0.53,64.05,24.38,16.02,8.36,1998.5,1922.84,1847.19,,,,,,,,,,
24-Oct-25,28-Oct-25,BOSCHLTD,Non-Hld,38600,39000,38309.95,0.76,39690.05,2.82,0.64,45.97,-129.87,-201.73,71.86,39186.92,38561.75,37936.58,,,,,,,,,,
24-Oct-25,28-Oct-25,BPCL,Non-Hld,331.25,340,329.7,0.47,350.3,5.75,0.61,46.2,2.5,4.12,-1.62,347.63,337.24,326.86,,,,,,,,,,
24-Oct-25,28-Oct-25,BRITANNIA,Non-Hld,6055,6600,6599.85,-8.26,6600.15,9,0.76,57.36,37.43,22.66,14.77,6131.48,5956.45,5781.42,,,,,,,,,,
24-Oct-25,28-Oct-25,BSE,Holding,2473.8,2500,2439.85,1.39,2560.15,3.49,0.71,65.07,82.16,55.56,26.6,2666.11,2306.36,1946.61,,,,,,,,,,
24-Oct-25,28-Oct-25,CAMS,Holding,3882,4000,3854.8,0.71,4145.2,6.78,0.58,53.57,-6.97,-14.69,7.73,3891.7,3823.79,3755.87,,,,,,,,,,
24-Oct-25,28-Oct-25,CANBK,Non-Hld,125.75,130,124.95,0.64,135.05,7.4,0.79,57.11,3.39,4,-0.62,130.71,125.43,120.14,,,,,,,,,,
24-Oct-25,28-Oct-25,CDSL,Holding,1588.1,1620,1577.1,0.7,1662.9,4.71,0.64,55,21.12,16.83,4.29,1672.62,1556.34,1440.06,,,,,,,,,,
24-Oct-25,28-Oct-25,CGPOWER,Holding,723,840,719.85,0.44,960.15,32.8,0.59,38.68,-0.78,4.05,-4.83,765.47,746.52,727.57,,,,,,,,,,
24-Oct-25,28-Oct-25,CHOLAFIN,Non-Hld,1747.4,1700,1666.2,4.87,1733.8,-0.78,0.89,68.59,43.53,38.22,5.31,1720.53,1636.28,1552.03,,,,,,,,,,
24-Oct-25,28-Oct-25,CIPLA,Non-Hld,1584.6,1600,1571.65,0.82,1628.35,2.76,0.42,53.72,23.75,11.91,11.84,1651.37,1549.04,1446.71,,,,,,,,,,
24-Oct-25,28-Oct-25,COALINDIA,Holding,394,395,390.3,0.95,399.7,1.45,0.58,62.27,1.34,0.39,0.95,395.05,386.99,378.94,,,,,,,,,,
24-Oct-25,28-Oct-25,COFORGE,Non-Hld,1760,1800,1711.05,2.86,1888.95,7.33,0.58,58.27,17.44,6.73,10.71,1829.62,1683.69,1537.76,,,,,,,,,,
24-Oct-25,28-Oct-25,COLPAL,Non-Hld,2240.1,2300,2228.9,0.5,2371.1,5.85,0.83,45.77,-14.27,-21.5,7.23,2291.74,2237.76,2183.78,,,,,,,,,,
24-Oct-25,28-Oct-25,CONCOR,Non-Hld,536.95,550,535.6,0.25,564.4,5.11,0.71,50.23,-3.47,-4.95,1.48,540.38,531.35,522.32,,,,,,,,,,
24-Oct-25,28-Oct-25,CROMPTON,Non-Hld,294.05,300,291.55,0.86,308.45,4.9,0.57,46.73,-6.7,-8.62,1.92,297.91,289.45,280.99,,,,,,,,,,
24-Oct-25,28-Oct-25,CUMMINSIND,Non-Hld,4197.9,4200,4126.35,1.73,4273.65,1.8,0.82,70.95,43.46,27,16.46,4099.96,3970.63,3841.29,,,,,,,,,,
24-Oct-25,28-Oct-25,CYIENT,Non-Hld,1186.5,1200,1174.95,0.98,1225.05,3.25,0.79,54.23,-1.6,-8.45,6.86,1196.95,1154.27,1111.6,,,,,,,,,,
24-Oct-25,28-Oct-25,DABUR,Non-Hld,507,550,507.15,-0.03,592.85,16.93,0.62,52.5,-3.56,-7.01,3.46,513.68,496.52,479.36,,,,,,,,,,
24-Oct-25,28-Oct-25,DALBHARAT,Non-Hld,2098,2300,2099.5,-0.07,2500.5,19.18,0.41,23.33,-50.57,-39.19,-11.38,2289.83,2213.83,2137.83,,,,,,,,,,
24-Oct-25,28-Oct-25,DELHIVERY,Non-Hld,466.05,500,465.85,0.04,534.15,14.61,0.53,51.49,2.91,1.64,1.27,485.96,460.13,434.3,,,,,,,,,,
24-Oct-25,28-Oct-25,DIVISLAB,Non-Hld,6610,6000,5414.75,22.07,6585.25,-0.37,1.07,69.17,170.87,120.75,50.12,6968.62,6223.45,5478.28,,,,,,,,,,
24-Oct-25,28-Oct-25,DIXON,Non-Hld,15499,17000,15496.7,0.01,18503.3,19.38,0.39,30.44,-432.31,-245.09,-187.22,17999.39,16744,15488.61,,,,,,,,,,
24-Oct-25,28-Oct-25,DLF,Non-Hld,772.6,780,767.35,0.68,792.65,2.6,0.81,60.45,5.09,-0.96,6.05,785.22,742.94,700.66,,,,,,,,,,
24-Oct-25,28-Oct-25,DMART,Non-Hld,4213.1,4400,4218.55,-0.13,4581.45,8.74,0.35,32.86,-92.61,-86.92,-5.69,4560.31,4340.49,4120.67,,,,,,,,,,
24-Oct-25,28-Oct-25,DRREDDY,Non-Hld,1282.7,1300,1256.35,2.1,1343.65,4.75,0.55,56.07,1.02,-4.25,5.27,1291.57,1254.17,1216.77,,,,,,,,,,
24-Oct-25,28-Oct-25,EICHERMOT,Non-Hld,6842.5,7000,6816,0.39,7184,4.99,0.65,48.72,95.99,137.5,-41.51,7074.91,6953.4,6831.89,,,,,,,,,,
24-Oct-25,28-Oct-25,ETERNAL,Non-Hld,326.5,350,326.85,-0.11,373.15,14.29,0.5,41.56,3.19,5.98,-2.79,356.06,337.08,318.1,,,,,,,,,,
24-Oct-25,28-Oct-25,EXIDEIND,Non-Hld,389.85,400,386.9,0.76,413.1,5.96,0.67,40.13,-2.58,-1.93,-0.65,404.61,395.69,386.78,,,,,,,,,,
24-Oct-25,28-Oct-25,FEDERALBNK,Non-Hld,228.15,230,225.75,1.06,234.25,2.67,1.07,79.05,9.09,6.26,2.82,233.8,207.34,180.88,,,,,,,,,,
24-Oct-25,28-Oct-25,FORTIS,Non-Hld,1037,1100,1037.5,-0.05,1162.5,12.1,0.79,51.96,36.07,40.65,-4.57,1145.74,1039.5,933.27,,,,,,,,,,
24-Oct-25,28-Oct-25,GAIL,Non-Hld,181.2,185,180.3,0.5,189.7,4.69,0.54,56.85,0.68,0.36,0.32,181.94,177.53,173.12,,,,,,,,,,
24-Oct-25,28-Oct-25,GLENMARK,Non-Hld,1822.5,2000,1819.2,0.18,2180.8,19.66,0.41,25.37,-51.12,-40.4,-10.72,2026.73,1918.93,1811.13,,,,,,,,,,
24-Oct-25,28-Oct-25,GMRAIRPORT,Non-Hld,93.22,95,92.6,0.67,97.4,4.48,0.64,63.54,0.95,0.51,0.44,93.21,89.71,86.21,,,,,,,,,,
24-Oct-25,28-Oct-25,GODREJCP,Non-Hld,1129.5,1200,1130.85,-0.12,1269.15,12.36,0.67,38.57,-25.52,-28.92,3.4,1183.66,1139.65,1095.64,,,,,,,,,,
24-Oct-25,28-Oct-25,GODREJPROP,Non-Hld,2282.5,2100,1912.6,19.34,2287.4,0.21,1.07,69.83,71.41,42.75,28.66,2334.35,2106.2,1878.05,,,,,,,,,,
24-Oct-25,28-Oct-25,GRASIM,Non-Hld,2844.2,2960,2831.65,0.44,3088.35,8.58,0.6,54.45,16.63,10.09,6.53,2881.31,2807.13,2732.96,,,,,,,,,,
24-Oct-25,28-Oct-25,HAL,Non-Hld,4812.1,5000,4807.2,0.1,5192.8,7.91,0.46,53.39,47.56,56.64,-9.08,4907.05,4812.13,4717.2,,,,,,,,,,
24-Oct-25,28-Oct-25,HAVELLS,Non-Hld,1494,1600,1496.7,-0.18,1703.3,14.01,0.6,46.15,-17.59,-20.33,2.74,1527.48,1491.36,1455.24,,,,,,,,,,
24-Oct-25,28-Oct-25,HCLTECH,Non-Hld,1524.9,1600,1517.4,0.49,1682.6,10.34,0.64,66.57,20.59,10.07,10.52,1553.03,1450.27,1347.51,,,,,,,,,,
24-Oct-25,28-Oct-25,HDFCAMC,Non-Hld,5545,6000,5528.3,0.3,6471.7,16.71,0.42,43.37,-4.65,-1.05,-3.6,5811.78,5624.55,5437.32,,,,,,,,,,
24-Oct-25,28-Oct-25,HDFCBANK,Non-Hld,995.9,1020,991.9,0.4,1048.1,5.24,0.81,59.4,10.25,6.49,3.76,1016.5,978.14,939.78,,,,,,,,,,
24-Oct-25,28-Oct-25,HDFCLIFE,Non-Hld,735.9,760,735.55,0.05,784.45,6.6,0.49,37.73,-8.59,-7.28,-1.31,769.64,751.9,734.15,,,,,,,,,,
24-Oct-25,28-Oct-25,HEROMOTOCO,Non-Hld,5538,5600,5482.5,1.01,5717.5,3.24,0.65,56.34,109.51,124.81,-15.29,5713.48,5520.8,5328.12,,,,,,,,,,
24-Oct-25,28-Oct-25,HFCL,Non-Hld,77.78,80,77.1,0.88,82.9,6.58,0.5,57.56,0.92,0.67,0.25,78.56,75.32,72.07,,,,,,,,,,
24-Oct-25,28-Oct-25,HINDALCO,Non-Hld,825,800,771.75,6.9,828.25,0.39,0.85,76.31,17.87,14.79,3.08,806.74,772.4,738.05,,,,,,,,,,
24-Oct-25,28-Oct-25,HINDPETRO,Non-Hld,438.1,450,435.9,0.5,464.1,5.93,0.67,51.08,10.16,12.97,-2.81,466.18,446.03,425.89,,,,,,,,,,
24-Oct-25,28-Oct-25,HINDUNILVR,Non-Hld,2515,2700,2510.95,0.16,2889.05,14.87,0.39,44.03,1.53,-4.89,6.42,2606.44,2536.63,2466.81,,,,,,,,,,
24-Oct-25,28-Oct-25,HINDZINC,Non-Hld,488.95,500,483.8,1.06,516.2,5.57,0.37,53.02,10.82,14.49,-3.67,521.16,489.51,457.86,,,,,,,,,,
24-Oct-25,28-Oct-25,HUDCO,Non-Hld,226.99,240,226.8,0.08,253.2,11.55,0.46,50.5,1.71,2.43,-0.72,235.36,227.92,220.49,,,,,,,,,,
24-Oct-25,28-Oct-25,ICICIBANK,Non-Hld,1378,1400,1372.65,0.39,1427.35,3.58,0.51,46.35,-3.99,-4.99,0.99,1419.27,1378.22,1337.16,,,,,,,,,,
24-Oct-25,28-Oct-25,ICICIGI,Non-Hld,1995,1900,1806.05,10.46,1993.95,-0.05,1.33,61.94,33.63,21.28,12.35,2041.62,1921.93,1802.23,,,,,,,,,,
24-Oct-25,28-Oct-25,ICICIPRULI,Non-Hld,602,620,600.65,0.22,639.35,6.2,0.5,52.31,-1.8,-3.59,1.79,606.61,595.7,584.8,,,,,,,,,,
24-Oct-25,28-Oct-25,IDEA,Non-Hld,9.63,10,9.25,4.11,10.75,11.63,0.71,66.68,0.45,0.42,0.03,9.6,8.78,7.96,,,,,,,,,,
24-Oct-25,28-Oct-25,IDFCFIRSTB,Non-Hld,78.25,70,61.7,26.82,78.3,0.06,1.16,69.27,1.85,1.06,0.79,78.71,72.64,66.58,,,,,,,,,,
24-Oct-25,28-Oct-25,IEX,Holding,146.98,150,145.7,0.88,154.3,4.98,0.79,62.31,-1.01,-2.15,1.14,146,139.57,133.14,,,,,,,,,,
24-Oct-25,28-Oct-25,IGL,Non-Hld,211.45,220,211.2,0.12,228.8,8.21,0.46,49.72,0.21,0.59,-0.37,220.6,211.16,201.71,,,,,,,,,,
24-Oct-25,28-Oct-25,IIFL,Non-Hld,490,500,488.25,0.36,511.75,4.44,0.7,57.82,13.76,12.87,0.89,526.47,476.85,427.23,,,,,,,,,,
24-Oct-25,28-Oct-25,INDHOTEL,Non-Hld,735,750,732.1,0.4,767.9,4.48,0.54,46.77,-5.49,-8.15,2.66,746.38,729.89,713.4,,,,,,,,,,
24-Oct-25,28-Oct-25,INDIANB,Non-Hld,821.7,800,776.95,5.76,823.05,0.16,1.17,74.61,35.39,31.18,4.21,833.47,768.48,703.49,,,,,,,,,,
24-Oct-25,28-Oct-25,INDIGO,Holding,5765.5,5900,5737.15,0.49,6062.85,5.16,0.66,50.6,34.82,20.14,14.68,5951.26,5740.2,5529.14,,,,,,,,,,
24-Oct-25,28-Oct-25,INDUSINDBK,Non-Hld,755.8,770,750.2,0.75,789.8,4.5,0.87,52.1,0.62,-2.13,2.76,770.74,745.93,721.11,,,,,,,,,,
24-Oct-25,28-Oct-25,INDUSTOWER,Non-Hld,361.2,360,348.05,3.78,371.95,2.98,0.74,58.87,1.12,-0.35,1.47,364.07,351.4,338.73,,,,,,,,,,
24-Oct-25,28-Oct-25,INFY,Non-Hld,1523.9,1560,1495.8,1.88,1624.2,6.58,0.39,58.65,1.96,-3.65,5.61,1531.5,1476.04,1420.57,,,,,,,,,,
24-Oct-25,28-Oct-25,INOXWIND,Non-Hld,153.71,150,146.25,5.1,153.75,0.03,0.53,64.28,1.39,0.2,1.19,154.53,144.95,135.36,,,,,,,,,,
24-Oct-25,28-Oct-25,IOC,Non-Hld,150.55,155,149.8,0.5,160.2,6.41,0.69,49.77,2.06,2.74,-0.69,157.71,151.97,146.23,,,,,,,,,,
24-Oct-25,28-Oct-25,IRCTC,Holding,714.6,800,716.15,-0.22,883.85,23.68,0.45,49.19,-0.47,-1.9,1.43,724.87,711.43,697.98,,,,,,,,,,
24-Oct-25,28-Oct-25,IREDA,Non-Hld,153.47,160,152.95,0.34,167.05,8.85,0.43,53.7,0.89,0.76,0.13,156.13,151.49,146.85,,,,,,,,,,
24-Oct-25,28-Oct-25,IRFC,Non-Hld,123.85,130,123.4,0.36,136.6,10.29,0.46,47.92,-0.38,-0.4,0.02,125.94,123.78,121.63,,,,,,,,,,
24-Oct-25,28-Oct-25,ITC,Non-Hld,417.8,405,392,6.58,418,0.05,0.87,64.06,1.78,-0.5,2.28,416.84,404.94,393.04,,,,,,,,,,
24-Oct-25,28-Oct-25,JINDALSTEL,Non-Hld,1005.2,1100,1007.45,-0.22,1192.55,18.64,0.46,45.41,-5.97,-1.82,-4.15,1075.39,1028.11,980.83,,,,,,,,,,
24-Oct-25,28-Oct-25,JIOFIN,Non-Hld,306.1,320,305.2,0.29,334.8,9.38,0.51,45.88,-0.47,-1.14,0.67,316.91,305.43,293.94,,,,,,,,,,
24-Oct-25,28-Oct-25,JSWENERGY,Non-Hld,531.95,560,530.25,0.32,589.75,10.87,0.34,47.66,1.64,3.84,-2.19,552.86,536.76,520.66,,,,,,,,,,
24-Oct-25,28-Oct-25,JSWSTEEL,Non-Hld,1139.1,1200,1141.6,-0.22,1258.4,10.47,0.56,50.88,13.4,19.07,-5.67,1178.62,1151.98,1125.34,,,,,,,,,,
24-Oct-25,28-Oct-25,JUBLFOOD,Non-Hld,591,650,590.85,0.03,709.15,19.99,0.49,39.1,-12.3,-12.45,0.16,629.56,603.37,577.18,,,,,,,,,,
24-Oct-25,28-Oct-25,KALYANKJIL,Non-Hld,495.75,500,488.55,1.47,511.45,3.17,0.59,53.35,-3.01,-7.2,4.19,507.47,478.79,450.12,,,,,,,,,,
24-Oct-25,28-Oct-25,KAYNES,Non-Hld,6690,7000,6659.45,0.46,7340.55,9.72,0.39,39.47,-35.07,49.94,-85,7576.92,7083.53,6590.13,,,,,,,,,,
24-Oct-25,28-Oct-25,KEI,Non-Hld,4121.1,4400,4132.55,-0.28,4667.45,13.26,0.4,48.33,29,54.16,-25.16,4387.57,4170.3,3953.02,,,,,,,,,,
24-Oct-25,28-Oct-25,KFINTECH,Holding,1148,1200,1138.65,0.82,1261.35,9.87,0.74,61.36,13.28,4.18,9.1,1164.76,1091.65,1018.54,,,,,,,,,,
24-Oct-25,28-Oct-25,KOTAKBANK,Non-Hld,2192.5,2100,1988.5,10.26,2211.5,0.87,1.09,63.27,56.12,49.98,6.14,2276.59,2126.5,1976.4,,,,,,,,,,
24-Oct-25,28-Oct-25,KPITTECH,Non-Hld,1179,1200,1172.1,0.59,1227.9,4.15,0.48,49.29,-19.22,-22.09,2.88,1226.97,1165.71,1104.45,,,,,,,,,,
24-Oct-25,28-Oct-25,LAURUSLABS,Non-Hld,924.5,1000,929.55,-0.54,1070.45,15.79,0.62,64.32,13.9,6.46,7.45,936.21,878.78,821.36,,,,,,,,,,
24-Oct-25,28-Oct-25,LICHSGFIN,Non-Hld,581,600,579.6,0.24,620.4,6.78,0.61,57.21,1.38,0.11,1.27,581.91,570.52,559.14,,,,,,,,,,
24-Oct-25,28-Oct-25,LICI,Non-Hld,890,900,884.4,0.63,915.6,2.88,0.45,47.32,0.87,2.02,-1.15,913.09,896.16,879.22,,,,,,,,,,
24-Oct-25,28-Oct-25,LODHA,Non-Hld,1173,1200,1160.4,1.09,1239.6,5.68,0.5,50,-4.36,-11.74,7.38,1201.26,1153.82,1106.38,,,,,,,,,,
24-Oct-25,28-Oct-25,LT,Non-Hld,3905,3800,3701.05,5.51,3898.95,-0.15,0.65,69.92,77.59,63.3,14.29,3938.76,3775.13,3611.5,,,,,,,,,,
24-Oct-25,28-Oct-25,LTF,Non-Hld,266.7,270,265.55,0.43,274.45,2.91,0.93,63.81,9.87,10.53,-0.66,278.19,259.61,241.03,,,,,,,,,,
24-Oct-25,28-Oct-25,LTIM,Non-Hld,5542,5700,5514.4,0.5,5885.6,6.2,0.62,61.58,110.19,90.09,20.1,5752,5368.13,4984.26,,,,,,,,,,
24-Oct-25,28-Oct-25,LUPIN,Non-Hld,1932.8,2000,1927.45,0.28,2072.55,7.23,0.56,45.05,-8.5,-6.78,-1.72,1982.87,1943.29,1903.71,,,,,,,,,,
24-Oct-25,28-Oct-25,M%26M,Non-Hld,3618.2,3700,3611.6,0.18,3788.4,4.7,0.67,61.94,47.29,32.49,14.8,3659.98,3503.99,3347.99,,,,,,,,,,
24-Oct-25,28-Oct-25,MANAPPURAM,Non-Hld,279.9,290,279.25,0.23,300.75,7.45,0.54,44.28,0.46,1.85,-1.39,294.45,285.68,276.91,,,,,,,,,,
24-Oct-25,28-Oct-25,MANKIND,Non-Hld,2429.9,2600,2424.95,0.2,2775.05,14.2,0.36,39.92,-26.4,-26.57,0.17,2501.33,2458.39,2415.46,,,,,,,,,,
24-Oct-25,28-Oct-25,MARICO,Non-Hld,725.95,740,723.65,0.32,756.35,4.19,0.73,55.84,2.58,0.39,2.19,734.58,713.74,692.91,,,,,,,,,,
24-Oct-25,28-Oct-25,MARUTI,Non-Hld,16267,16200,16032,1.47,16368,0.62,0.52,62.48,362.51,421.08,-58.57,16539.15,16184.45,15829.75,,,,,,,,,,
24-Oct-25,28-Oct-25,MAXHEALTH,Non-Hld,1183.7,1240,1183.15,0.05,1296.85,9.56,0.8,53.89,9.59,-0.14,9.74,1225.57,1152.23,1078.88,,,,,,,,,,
24-Oct-25,28-Oct-25,MAZDOCK,Non-Hld,2804,3000,2785.1,0.68,3214.9,14.65,0.47,45.96,-6.78,0.49,-7.27,2920.9,2837.15,2753.41,,,,,,,,,,
24-Oct-25,28-Oct-25,MCX,Holding,8995,10000,9110.85,-1.27,10889.15,21.06,0.57,60.5,401.45,364.64,36.81,9824.04,8649.35,7474.66,,,,,,,,,,
24-Oct-25,28-Oct-25,MFSL,Non-Hld,1512,1640,1639.75,-7.79,1640.25,8.48,0.72,37.53,-13.8,-5.11,-8.69,1634.13,1573.18,1512.23,,,,,,,,,,
24-Oct-25,28-Oct-25,MOTHERSON,Holding,106.3,110,105.7,0.57,114.3,7.53,0.58,54.09,0.98,1.08,-0.1,108.03,105.32,102.6,,,,,,,,,,
24-Oct-25,28-Oct-25,MPHASIS,Non-Hld,2812.1,2800,2736.85,2.75,2863.15,1.82,0.56,53.92,-11.03,-17.96,6.93,2855.24,2749.09,2642.94,,,,,,,,,,
24-Oct-25,28-Oct-25,MUTHOOTFIN,Non-Hld,3150,3300,3152,-0.06,3448,9.46,0.74,52.55,94.88,114.75,-19.87,3369.18,3195.17,3021.15,,,,,,,,,,
24-Oct-25,28-Oct-25,NATIONALUM,Non-Hld,236,240,233.95,0.88,246.05,4.26,0.91,72.48,7.69,7.25,0.43,238.84,220.86,202.87,,,,,,,,,,
24-Oct-25,28-Oct-25,NAUKRI,Non-Hld,1379,1420,1372.8,0.45,1467.2,6.4,0.53,55.87,-4.69,-8.93,4.23,1390.19,1341.83,1293.46,,,,,,,,,,
24-Oct-25,28-Oct-25,NBCC,Non-Hld,111.6,115,110.75,0.77,119.25,6.85,0.53,52.58,1.24,1.4,-0.15,115.61,111.04,106.47,,,,,,,,,,
24-Oct-25,28-Oct-25,NCC,Non-Hld,209.69,210,206.55,1.52,213.45,1.79,0.45,49.76,-0.79,-1.13,0.34,213.22,208.42,203.63,,,,,,,,,,
24-Oct-25,28-Oct-25,NESTLEIND,Non-Hld,1283,1200,1115.65,15,1284.35,0.11,0.96,68.5,30.62,19.35,11.27,1309.49,1209.14,1108.78,,,,,,,,,,
24-Oct-25,28-Oct-25,NHPC,Non-Hld,84.86,90,84.8,0.07,95.2,12.18,0.35,45.57,0.52,0.83,-0.31,87.83,86.19,84.54,,,,,,,,,,
24-Oct-25,28-Oct-25,NMDC,Non-Hld,74.15,80,74.2,-0.07,85.8,15.71,0.49,43.43,0.12,0.61,-0.49,78.16,76.02,73.87,,,,,,,,,,
24-Oct-25,28-Oct-25,NTPC,Non-Hld,339.85,345,339.95,-0.03,350.05,3,0.28,51.49,1.76,1.8,-0.04,344.26,339.74,335.22,,,,,,,,,,
24-Oct-25,28-Oct-25,NUVAMA,Non-Hld,7175,7400,7144.45,0.43,7655.55,6.7,0.73,61.7,192.92,163.17,29.75,7679.93,6885.85,6091.77,,,,,,,,,,
24-Oct-25,28-Oct-25,NYKAA,Non-Hld,250.55,260,250.7,-0.06,269.3,7.48,0.76,50.49,6.08,7.5,-1.42,275.2,251.92,228.64,,,,,,,,,,
24-Oct-25,28-Oct-25,OBEROIRLTY,Non-Hld,1700,1700,1679.15,1.24,1720.85,1.23,0.69,61.19,16.58,2.65,13.93,1718.9,1623.94,1528.98,,,,,,,,,,
24-Oct-25,28-Oct-25,OFSS,Non-Hld,8569,9000,8536.15,0.38,9463.85,10.44,0.45,41.66,-58.3,15.53,-73.83,9428.37,8844.53,8260.68,,,,,,,,,,
24-Oct-25,28-Oct-25,OIL,Non-Hld,418.55,420,410.65,1.92,429.35,2.58,0.51,56.11,1.79,2.01,-0.23,424.36,415.34,406.32,,,,,,,,,,
24-Oct-25,28-Oct-25,ONGC,Non-Hld,254.68,250,245.45,3.76,254.55,-0.05,0.65,73.55,4.15,3.27,0.88,253.6,245.16,236.72,,,,,,,,,,
24-Oct-25,28-Oct-25,PAGEIND,Non-Hld,41105,45000,41137.35,-0.08,48862.65,18.87,0.36,39.9,-785.41,-908.46,123.05,42738.68,41472.75,40206.82,,,,,,,,,,
24-Oct-25,28-Oct-25,PATANJALI,Non-Hld,580.25,600,577.1,0.55,622.9,7.35,0.46,41.23,-3.13,-2.81,-0.32,602.94,590.11,577.28,,,,,,,,,,
24-Oct-25,28-Oct-25,PAYTM,Non-Hld,1285.2,1300,1270.65,1.15,1329.35,3.44,0.94,62.27,33.46,26.36,7.09,1351.08,1225.58,1100.07,,,,,,,,,,
24-Oct-25,28-Oct-25,PERSISTENT,Non-Hld,5822.4,5500,5152,13.01,5848,0.44,1.07,66.81,172.32,101.14,71.18,6074.39,5374.7,4675,,,,,,,,,,
24-Oct-25,28-Oct-25,PETRONET,Non-Hld,281.9,310,280.85,0.37,339.15,20.31,1.07,53.5,0.34,0.26,0.08,287.48,278.68,269.88,,,,,,,,,,
24-Oct-25,28-Oct-25,PFC,Holding,393.95,410,393.05,0.23,426.95,8.38,0.67,41.1,-2.13,-0.81,-1.33,413.24,402.72,392.19,,,,,,,,,,
24-Oct-25,28-Oct-25,PGEL,Non-Hld,575,600,573.25,0.31,626.75,9,0.7,55.04,4.3,-2.31,6.61,612.65,548.94,485.22,,,,,,,,,,
24-Oct-25,28-Oct-25,PHOENIXLTD,Non-Hld,1689.2,1700,1661.2,1.69,1738.8,2.94,0.6,63.21,36.21,30.33,5.88,1717.65,1615.58,1513.5,,,,,,,,,,
24-Oct-25,28-Oct-25,PIDILITIND,Non-Hld,1509.7,1470,1427.8,5.74,1512.2,0.17,1.07,48.51,1.7,-1.81,3.51,1543.27,1499.93,1456.59,,,,,,,,,,
24-Oct-25,28-Oct-25,PIIND,Non-Hld,3581,3700,3577.95,0.09,3822.05,6.73,0.61,48.04,-47.14,-58.93,11.79,3626.87,3551.94,3477.01,,,,,,,,,,
24-Oct-25,28-Oct-25,PNB,Non-Hld,117,120,116.5,0.43,123.5,5.56,0.99,58.85,2.5,2.45,0.06,120.07,114.56,109.05,,,,,,,,,,
24-Oct-25,28-Oct-25,PNBHOUSING,Non-Hld,911.5,850,784.7,16.16,915.3,0.42,1.06,64.12,7.71,5,2.71,911.61,871.5,831.39,,,,,,,,,,
24-Oct-25,28-Oct-25,POLICYBZR,Non-Hld,1681,1800,1685.3,-0.26,1914.7,13.9,0.82,44.25,-36.74,-34.6,-2.15,1775.9,1700.18,1624.45,,,,,,,,,,
24-Oct-25,28-Oct-25,POLYCAB,Non-Hld,7510,7700,7472.5,0.5,7927.5,5.56,0.59,51.27,84.71,110.06,-25.35,7799.64,7523.88,7248.11,,,,,,,,,,
24-Oct-25,28-Oct-25,POWERGRID,Holding,288.7,300,288.15,0.19,311.85,8.02,0.42,51.84,1.05,0.86,0.19,293.64,286.78,279.91,,,,,,,,,,
24-Oct-25,28-Oct-25,POWERINDIA,Non-Hld,16760,18000,16734.25,0.15,19265.75,14.95,0.18,28.65,-615.07,-556.57,-58.5,19172.28,17873.1,16573.92,,,,,,,,,,
24-Oct-25,28-Oct-25,PPLPHARMA,Non-Hld,202.3,210,202.6,-0.15,217.4,7.46,0.77,57.12,0.56,-0.26,0.82,203.63,195.83,188.03,,,,,,,,,,
24-Oct-25,28-Oct-25,PRESTIGE,Non-Hld,1758,1800,1742.55,0.89,1857.45,5.66,0.89,71.62,45.92,23.98,21.95,1778.96,1607.73,1436.5,,,,,,,,,,
24-Oct-25,28-Oct-25,RBLBANK,Non-Hld,316.55,300,282.05,12.23,317.95,0.44,0.83,68.22,14.82,11.44,3.38,327.04,292.02,256.99,,,,,,,,,,
24-Oct-25,28-Oct-25,RECLTD,Non-Hld,372.95,380,366.9,1.65,393.1,5.4,0.87,46.12,-0.64,-0.66,0.02,380.56,374.36,368.17,,,,,,,,,,
24-Oct-25,28-Oct-25,RELIANCE,Non-Hld,1451.1,1400,1350.3,7.47,1449.7,-0.1,0.76,66.45,17.76,6.87,10.89,1462.44,1393.9,1325.35,,,,,,,,,,
24-Oct-25,28-Oct-25,RVNL,Non-Hld,329.3,350,328.25,0.32,371.75,12.89,0.34,40.34,-4.01,-2.15,-1.86,353.5,339.51,325.52,,,,,,,,,,
24-Oct-25,28-Oct-25,SAIL,Non-Hld,129.45,140,129.25,0.15,150.75,16.45,0.55,46.27,-0.24,0.47,-0.71,136.75,131.98,127.22,,,,,,,,,,
24-Oct-25,28-Oct-25,SAMMAANCAP,Non-Hld,189.19,150,110.3,71.52,189.7,0.27,1.25,81.15,11.46,9.93,1.53,185.74,163.25,140.76,,,,,,,,,,
24-Oct-25,28-Oct-25,SBICARD,Non-Hld,936.45,1000,930.35,0.66,1069.65,14.22,0.85,63.91,22.28,22.54,-0.26,956.41,910.09,863.77,,,,,,,,,,
24-Oct-25,28-Oct-25,SBILIFE,Non-Hld,1845,1800,1745.1,5.72,1854.9,0.54,0.56,56.13,8.93,3.05,5.88,1862.36,1812.36,1762.37,,,,,,,,,,
24-Oct-25,28-Oct-25,SBIN,Non-Hld,904,880,856.15,5.59,903.85,-0.02,0.77,68.62,19.87,17.57,2.3,913.39,879.3,845.2,,,,,,,,,,
24-Oct-25,28-Oct-25,SHREECEM,Non-Hld,28710,30000,29970,-4.2,30030,4.6,0.52,37.3,-234.62,-170.36,-64.26,30065.92,29365.75,28665.58,,,,,,,,,,
24-Oct-25,28-Oct-25,SHRIRAMFIN,Non-Hld,716.5,700,679.35,5.47,720.65,0.58,1.09,77.91,23.85,18.83,5.02,724.68,663.32,601.97,,,,,,,,,,
24-Oct-25,28-Oct-25,SIEMENS,Holding,3160,3300,3143.3,0.53,3456.7,9.39,0.39,49.89,-16.69,-14.49,-2.2,3239.2,3143.15,3047.11,,,,,,,,,,
24-Oct-25,28-Oct-25,SOLARINDS,Non-Hld,14009,15000,14027.35,-0.13,15972.65,14.02,0.57,47.64,-62.25,-90.82,28.57,14447.72,13950.1,13452.48,,,,,,,,,,
24-Oct-25,28-Oct-25,SONACOMS,Non-Hld,478,480,459.35,4.06,500.65,4.74,0.82,69.96,11.64,4.59,7.04,486.64,435.73,384.81,,,,,,,,,,
24-Oct-25,28-Oct-25,SRF,Non-Hld,3077.6,3200,3058.1,0.64,3341.9,8.59,0.92,57.81,61.08,48.88,12.2,3243.31,3003,2762.68,,,,,,,,,,
24-Oct-25,28-Oct-25,SUNPHARMA,Non-Hld,1696.5,1680,1656.35,2.42,1703.65,0.42,0.89,66.09,20.52,15.05,5.47,1715.93,1650.9,1585.86,,,,,,,,,,
24-Oct-25,28-Oct-25,SUPREMEIND,Non-Hld,4011,4500,4094.05,-2.03,4905.95,22.31,0.5,31.84,-72.2,-62.63,-9.57,4306.26,4196.46,4086.66,,,,,,,,,,
24-Oct-25,28-Oct-25,SUZLON,Non-Hld,53.99,60,53.7,0.54,66.3,22.8,0.35,40.98,-1.26,-1.46,0.2,56.06,54.22,52.38,,,,,,,,,,
24-Oct-25,28-Oct-25,SYNGENE,Non-Hld,660.75,680,657.05,0.56,702.95,6.39,0.68,58.57,0.82,-3.3,4.12,660.7,635.6,610.49,,,,,,,,,,
24-Oct-25,28-Oct-25,TATACONSUM,Non-Hld,1154,1200,1149.15,0.42,1250.85,8.39,0.61,58.58,16.53,13.85,2.68,1176.94,1137.37,1097.8,,,,,,,,,,
24-Oct-25,28-Oct-25,TATAELXSI,Non-Hld,5542,6000,5528.85,0.24,6471.15,16.77,0.49,55.49,-39.16,-64.97,25.81,5558.15,5384.63,5211.1,,,,,,,,,,
24-Oct-25,28-Oct-25,TATAPOWER,Non-Hld,396.9,400,392.85,1.03,407.15,2.58,0.84,56.05,2.64,2,0.64,402.37,392.67,382.97,,,,,,,,,,
24-Oct-25,28-Oct-25,TATASTEEL,Non-Hld,174.42,180,174.45,-0.02,185.55,6.38,0.77,57.86,1.92,2.08,-0.16,176.59,171.91,167.23,,,,,,,,,,
24-Oct-25,28-Oct-25,TATATECH,Non-Hld,691,700,686.75,0.62,713.25,3.22,0.52,47.83,-1.53,0.37,-1.9,722.34,693.16,663.97,,,,,,,,,,
24-Oct-25,28-Oct-25,TCS,Non-Hld,3060.6,3200,3054.3,0.21,3345.7,9.32,0.6,56.54,-4.79,-20.99,16.2,3088,2971.09,2854.19,,,,,,,,,,
24-Oct-25,28-Oct-25,TECHM,Non-Hld,1453.7,1500,1450.65,0.21,1549.35,6.58,0.76,51,-5.28,-10.83,5.55,1477.77,1430.03,1382.3,,,,,,,,,,
24-Oct-25,28-Oct-25,TIINDIA,Non-Hld,3158.4,3300,3151.65,0.21,3448.35,9.18,0.39,50.12,0.48,2.64,-2.16,3223.04,3146.09,3069.14,,,,,,,,,,
24-Oct-25,28-Oct-25,TITAGARH,Non-Hld,873.55,900,869.05,0.52,930.95,6.57,0.45,45.01,-3.71,-0.1,-3.61,915.64,888.75,861.85,,,,,,,,,,
24-Oct-25,28-Oct-25,TITAN,Non-Hld,3718,3400,3089,20.36,3711,-0.19,0.73,64.5,66.43,32.73,33.7,3804.62,3535.79,3266.96,,,,,,,,,,
24-Oct-25,28-Oct-25,TMPV,Non-Hld,403.5,420,402.65,0.21,437.35,8.39,0.43,16.4,-80.08,-53.83,-26.25,861.78,585.38,308.97,,,,,,,,,,
24-Oct-25,28-Oct-25,TORNTPHARM,Non-Hld,3587.3,3500,3407.55,5.28,3592.45,0.14,0.78,52.11,0.96,-6.69,7.65,3615.49,3556.36,3497.24,,,,,,,,,,
24-Oct-25,28-Oct-25,TORNTPOWER,Non-Hld,1322.6,1300,1273.55,3.85,1326.45,0.29,0.67,61.3,16.53,5.38,11.15,1355.6,1266.4,1177.19,,,,,,,,,,
24-Oct-25,28-Oct-25,TRENT,Non-Hld,4782.3,5000,4771.25,0.23,5228.75,9.34,0.43,44.99,-92.46,-127.34,34.89,4867.68,4735.31,4602.94,,,,,,,,,,
24-Oct-25,28-Oct-25,TVSMOTOR,Non-Hld,3601.9,3700,3581.3,0.58,3818.7,6.02,0.79,63.52,72.51,69.58,2.93,3676.99,3521.01,3365.03,,,,,,,,,,
24-Oct-25,28-Oct-25,ULTRACEMCO,Non-Hld,11910,12200,11874.3,0.3,12525.7,5.17,0.51,38.36,-63.56,-61.21,-2.35,12429.4,12166.15,11902.9,,,,,,,,,,
24-Oct-25,28-Oct-25,UNIONBANK,Non-Hld,141.72,145,140.4,0.94,149.6,5.56,0.58,58.19,1.88,1.54,0.33,142.94,138.55,134.16,,,,,,,,,,
24-Oct-25,28-Oct-25,UNITDSPR,Non-Hld,1357.6,1400,1353.4,0.31,1446.6,6.56,0.51,55.74,8.51,6.02,2.49,1381.76,1339.18,1296.6,,,,,,,,,,
24-Oct-25,28-Oct-25,UNOMINDA,Non-Hld,1193.5,1300,1191.4,0.18,1408.6,18.02,0.45,39.37,-19.94,-8.3,-11.64,1365.66,1260.83,1155.99,,,,,,,,,,
24-Oct-25,28-Oct-25,UPL,Non-Hld,670.5,690,669.8,0.1,710.2,5.92,0.58,45.06,-3.59,-4.83,1.24,691.08,672.02,652.95,,,,,,,,,,
24-Oct-25,28-Oct-25,VBL,Non-Hld,461.8,500,459.35,0.53,540.65,17.07,0.67,52.89,-3.05,-7.25,4.2,466.5,448.84,431.18,,,,,,,,,,
24-Oct-25,28-Oct-25,VEDL,Non-Hld,494.4,500,488.95,1.11,511.05,3.37,0.77,70.79,11.03,10.81,0.21,495.25,473.46,451.67,,,,,,,,,,
24-Oct-25,28-Oct-25,VOLTAS,Non-Hld,1438.7,1300,1153.85,24.69,1446.15,0.52,1.06,60.13,18.83,11.87,6.96,1460.53,1392.89,1325.24,,,,,,,,,,
24-Oct-25,28-Oct-25,WIPRO,Non-Hld,243.25,250,243.1,0.06,256.9,5.61,0.59,46.23,-1.19,-1.04,-0.15,251.85,243.61,235.37,,,,,,,,,,
24-Oct-25,28-Oct-25,YESBANK,Non-Hld,22.71,24,22.6,0.49,25.4,11.85,0.59,57.72,0.63,0.73,-0.1,24.13,22.38,20.64,,,,,,,,,,
24-Oct-25,28-Oct-25,ZYDUSLIFE,Non-Hld,1004.9,1020,1000.1,0.48,1039.9,3.48,0.61,52.89,-1.84,-3.83,1.99,1013.65,992.21,970.76,,,,,,,,,,
27-Oct-25,28-Oct-25,360ONE,Non-Hld,1167.8,1140,1107.65,5.43,1172.35,0.39,0.67,69.62,33.51,25.26,8.26,1224.26,1102.61,980.95,,,,,,,,,,
27-Oct-25,28-Oct-25,ABB,Holding,5233,5300,5220.9,0.23,5379.1,2.79,0.56,53.31,-5.27,-11.17,5.9,5255.57,5188.6,5121.63,,,,,,,,,,
27-Oct-25,28-Oct-25,ABCAPITAL,Non-Hld,310.75,300,289,7.53,311,0.08,0.95,63.84,5.14,4.6,0.54,313.89,299.7,285.5,,,,,,,,,,
27-Oct-25,28-Oct-25,ADANIENSOL,Non-Hld,945.05,1000,997.95,-5.3,1002.05,6.03,0.62,63.3,23.8,25.68,-1.88,971.65,923.16,874.66,,,,,,,,,,
27-Oct-25,28-Oct-25,ADANIENT,Non-Hld,2490,2600,2494.35,-0.17,2705.65,8.66,0.54,46.35,15.2,26.84,-11.64,2592.38,2539.99,2487.6,,,,,,,,,,
27-Oct-25,28-Oct-25,ADANIGREEN,Non-Hld,1017,1100,1015.35,0.16,1184.65,16.48,0.38,45.32,4.18,10.68,-6.5,1073.76,1046.04,1018.33,,,,,,,,,,
27-Oct-25,28-Oct-25,ADANIPORTS,Non-Hld,1421.7,1500,1422.9,-0.08,1577.1,10.93,0.65,48.81,14.63,16.73,-2.1,1487.42,1426.97,1366.52,,,,,,,,,,
27-Oct-25,28-Oct-25,ALKEM,Non-Hld,5449,5600,5472.5,-0.43,5727.5,5.11,0.83,49.28,33.62,41.35,-7.73,5591.43,5494.98,5398.52,,,,,,,,,,
27-Oct-25,28-Oct-25,AMBER,Non-Hld,8466,9000,8456.3,0.11,9543.7,12.73,0.65,63.94,90.91,97.2,-6.29,8424.52,8252.88,8081.23,,,,,,,,,,
27-Oct-25,28-Oct-25,AMBUJACEM,Non-Hld,561.5,600,561.9,-0.07,638.1,13.64,0.62,42.59,-3.68,-2.99,-0.69,575.87,566.65,557.43,,,,,,,,,,
27-Oct-25,28-Oct-25,ANGELONE,Non-Hld,2580,2400,2231.85,15.6,2568.15,-0.46,0.99,75.11,65.71,34.71,31,2638.47,2341.96,2045.45,,,,,,,,,,
27-Oct-25,28-Oct-25,APLAPOLLO,Non-Hld,1764,1740,1712.85,2.99,1767.15,0.18,0.71,65.88,19.47,18.74,0.73,1782.16,1732.4,1682.63,,,,,,,,,,
27-Oct-25,28-Oct-25,APOLLOHOSP,Non-Hld,7865,8000,7853.4,0.15,8146.6,3.58,0.7,55.28,65.97,47.08,18.88,8089.69,7715.9,7342.11,,,,,,,,,,
27-Oct-25,28-Oct-25,ASHOKLEY,Non-Hld,141,150,141.35,-0.25,158.65,12.52,0.46,58.89,0.45,0.66,-0.21,143.25,138.43,133.61,,,,,,,,,,
27-Oct-25,28-Oct-25,ASIANPAINT,Non-Hld,2514.6,2600,2518.65,-0.16,2681.35,6.63,0.66,64.84,17.19,-5.15,22.34,2547.55,2396.92,2246.28,,,,,,,,,,
27-Oct-25,28-Oct-25,ASTRAL,Non-Hld,1440,1500,1431.8,0.57,1568.2,8.9,0.51,53.02,6.98,4.3,2.69,1472.65,1414.58,1356.51,,,,,,,,,,
27-Oct-25,28-Oct-25,AUBANK,Non-Hld,865.5,750,634.85,36.33,865.15,-0.04,1.27,75.68,34.32,24.55,9.77,884.61,787.6,690.59,,,,,,,,,,
27-Oct-25,28-Oct-25,AUROPHARMA,Non-Hld,1093,1120,1093.1,-0.01,1146.9,4.93,0.54,48.9,2.41,5.49,-3.08,1133,1100.34,1067.69,,,,,,,,,,
27-Oct-25,28-Oct-25,AXISBANK,Non-Hld,1254.2,1160,1067.45,17.49,1252.55,-0.13,0.8,69.07,31.64,26.8,4.83,1263.98,1191.84,1119.71,,,,,,,,,,
27-Oct-25,28-Oct-25,BAJAJ-AUTO,Non-Hld,9090,9200,9088.35,0.02,9311.65,2.44,0.77,57.26,68.8,57.82,10.98,9290.85,8928.92,8567,,,,,,,,,,
27-Oct-25,28-Oct-25,BAJAJFINSV,Non-Hld,2166.7,2100,2029.9,6.74,2170.1,0.16,0.98,70.98,38.11,24.23,13.88,2190.32,2062.68,1935.03,,,,,,,,,,
27-Oct-25,28-Oct-25,BAJFINANCE,Non-Hld,1082.6,1020,954.6,13.41,1085.4,0.26,1.3,70.43,30.57,27.58,2.99,1111.81,1036.82,961.83,,,,,,,,,,
27-Oct-25,28-Oct-25,BANDHANBNK,Non-Hld,172.35,150,127.85,34.81,172.15,-0.12,1.11,60.09,1.36,0.35,1.01,172.8,164.73,156.67,,,,,,,,,,
27-Oct-25,28-Oct-25,BANKBARODA,Non-Hld,275.2,250,224.45,22.61,275.55,0.13,0.84,66.11,5.59,5.76,-0.17,275.72,264.27,252.82,,,,,,,,,,
27-Oct-25,28-Oct-25,BANKINDIA,Non-Hld,140.66,130,120.9,16.34,139.1,-1.11,1.2,74.38,4.12,3.08,1.05,137.01,126.68,116.35,,,,,,,,,,
27-Oct-25,28-Oct-25,BDL,Non-Hld,1537.8,1600,1534.8,0.2,1665.2,8.28,0.67,50.97,-3.02,-6,2.98,1567,1522.54,1478.09,,,,,,,,,,
27-Oct-25,28-Oct-25,BEL,Holding,415.3,420,413.75,0.37,426.25,2.64,0.64,56.97,5.71,5.52,0.19,423.14,410.18,397.22,,,,,,,,,,
27-Oct-25,28-Oct-25,BHARATFORG,Non-Hld,1302.2,1320,1296.25,0.46,1343.75,3.19,0.79,64.5,20.02,13.3,6.71,1297.3,1234.2,1171.1,,,,,,,,,,
27-Oct-25,28-Oct-25,BHARTIARTL,Non-Hld,2083,1960,1844.55,12.93,2075.45,-0.36,0.75,71.7,34.69,23.01,11.68,2076.94,1959.04,1841.13,,,,,,,,,,
27-Oct-25,28-Oct-25,BHEL,Non-Hld,235.75,250,235.1,0.28,264.9,12.36,0.45,51.03,0.41,1.35,-0.94,245.55,236.85,228.15,,,,,,,,,,
27-Oct-25,28-Oct-25,BIOCON,Non-Hld,360.95,370,359,0.54,381,5.55,0.71,53.9,1.32,-0.14,1.46,367.97,352.7,337.42,,,,,,,,,,
27-Oct-25,28-Oct-25,BLUESTARCO,Non-Hld,1979.2,2060,1985.95,-0.34,2134.05,7.82,0.5,58.38,21.39,14.57,6.82,2005.06,1925.46,1845.86,,,,,,,,,,
27-Oct-25,28-Oct-25,BOSCHLTD,Non-Hld,39000,39000,38881.75,0.3,39118.25,0.3,0.61,51.65,-88.51,-171.43,82.92,39239.63,38585.75,37931.87,,,,,,,,,,
27-Oct-25,28-Oct-25,BPCL,Non-Hld,343.15,350,341.4,0.51,358.6,4.5,0.75,59.62,2.41,3.26,-0.85,347.97,337.91,327.85,,,,,,,,,,
27-Oct-25,28-Oct-25,BRITANNIA,Non-Hld,5926,6600,6599.95,-10.21,6600.05,11.37,0.8,45.94,20.98,16.95,4.03,6130.47,5954.38,5778.28,,,,,,,,,,
27-Oct-25,28-Oct-25,BSE,Holding,2510.2,2600,2512.05,-0.07,2687.95,7.08,0.72,67.71,76.84,58.08,18.76,2678.58,2329.7,1980.83,,,,,,,,,,
27-Oct-25,28-Oct-25,CAMS,Holding,3969.9,4000,3912,1.48,4088,2.97,0.75,60.98,5.24,-8.56,13.81,3918.81,3828.64,3738.46,,,,,,,,,,
27-Oct-25,28-Oct-25,CANBK,Non-Hld,129.95,130,127.75,1.72,132.25,1.77,1.06,63.78,2.82,3.26,-0.44,131,125.81,120.63,,,,,,,,,,
27-Oct-25,28-Oct-25,CDSL,Holding,1639,1600,1557,5.27,1643,0.24,0.8,63.31,21.45,16.92,4.53,1681.1,1563.42,1445.75,,,,,,,,,,
27-Oct-25,28-Oct-25,CGPOWER,Holding,728.1,840,719.95,1.13,960.05,31.86,0.6,41.5,-2.76,1.48,-4.23,764.58,744.98,725.38,,,,,,,,,,
27-Oct-25,28-Oct-25,CHOLAFIN,Non-Hld,1726.7,1700,1665.15,3.7,1734.85,0.47,0.97,68.31,39.83,34.19,5.64,1734.76,1643.26,1551.76,,,,,,,,,,
27-Oct-25,28-Oct-25,CIPLA,Non-Hld,1583,1580,1571.45,0.73,1588.55,0.35,0.44,53.64,19.59,12.59,7,1654.5,1552.76,1451.01,,,,,,,,,,
27-Oct-25,28-Oct-25,COALINDIA,Holding,396.95,395,393.35,0.92,396.65,-0.08,0.67,65.8,1.66,0.51,1.16,396.01,387.2,378.4,,,,,,,,,,
27-Oct-25,28-Oct-25,COFORGE,Non-Hld,1831,1760,1688.35,8.45,1831.65,0.04,0.71,66.77,23.26,10.43,12.83,1848.4,1695.66,1542.91,,,,,,,,,,
27-Oct-25,28-Oct-25,COLPAL,Non-Hld,2219,2240,2215.8,0.14,2264.2,2.04,0.81,42.65,-13.44,-17.19,3.75,2286.89,2234.88,2182.86,,,,,,,,,,
27-Oct-25,28-Oct-25,CONCOR,Non-Hld,541.15,550,538.95,0.41,561.05,3.68,0.69,53.74,-1.84,-3.49,1.64,541.78,531.9,522.02,,,,,,,,,,
27-Oct-25,28-Oct-25,CROMPTON,Non-Hld,291.8,300,290.7,0.38,309.3,6,0.55,45.03,-4.8,-6.7,1.9,296.38,289.09,281.79,,,,,,,,,,
27-Oct-25,28-Oct-25,CUMMINSIND,Non-Hld,4310,4100,3874.2,11.25,4325.8,0.37,1.52,76.98,56.55,26.97,29.58,4184.43,3987.36,3790.28,,,,,,,,,,
27-Oct-25,28-Oct-25,CYIENT,Non-Hld,1207,1180,1150.6,4.9,1209.4,0.2,0.95,58.85,2.77,-4.83,7.6,1205.65,1156.94,1108.24,,,,,,,,,,
27-Oct-25,28-Oct-25,DABUR,Non-Hld,506.4,550,507.5,-0.22,592.5,17,0.64,51.3,-2.2,-5.28,3.08,513.8,496.56,479.31,,,,,,,,,,
27-Oct-25,28-Oct-25,DALBHARAT,Non-Hld,2092,2300,2093.95,-0.09,2506.05,19.79,0.45,22.88,-49.41,-38.15,-11.26,2295.16,2205.59,2116.01,,,,,,,,,,
27-Oct-25,28-Oct-25,DELHIVERY,Non-Hld,473.5,500,472.2,0.28,527.8,11.47,0.63,54.47,2.73,1.49,1.24,487.33,461.01,434.69,,,,,,,,,,
27-Oct-25,28-Oct-25,DIVISLAB,Non-Hld,6490,6000,5524.85,17.47,6475.15,-0.23,0.92,60.81,145.4,119.62,25.79,6991.11,6253.1,5515.09,,,,,,,,,,
27-Oct-25,28-Oct-25,DIXON,Non-Hld,15510,17000,15515.4,-0.03,18484.6,19.18,0.4,30.75,-437.62,-274.45,-163.18,17786.07,16609.15,15432.23,,,,,,,,,,
27-Oct-25,28-Oct-25,DLF,Non-Hld,779.5,720,660.95,17.94,779.05,-0.06,0.8,63.53,6.4,1.19,5.21,789.74,745.86,701.98,,,,,,,,,,
27-Oct-25,28-Oct-25,DMART,Non-Hld,4255,4400,4267.15,-0.28,4532.85,6.53,0.36,38.48,-78.71,-79.05,0.33,4518.38,4324.58,4130.77,,,,,,,,,,
27-Oct-25,28-Oct-25,DRREDDY,Non-Hld,1285,1260,1228.95,4.56,1291.05,0.47,0.57,56.27,2.52,-2.51,5.03,1293.24,1254.62,1216.01,,,,,,,,,,
27-Oct-25,28-Oct-25,EICHERMOT,Non-Hld,6905,7000,6888.5,0.24,7111.5,2.99,0.78,53.2,62.24,96.94,-34.7,7071.6,6949.42,6827.25,,,,,,,,,,
27-Oct-25,28-Oct-25,ETERNAL,Non-Hld,333.35,350,333.65,-0.09,366.35,9.9,0.48,48.84,1.77,4.17,-2.4,356.07,337.15,318.23,,,,,,,,,,
27-Oct-25,28-Oct-25,EXIDEIND,Non-Hld,380.5,400,379.95,0.14,420.05,10.39,0.58,34.1,-3.48,-2.19,-1.3,406.26,395.03,383.81,,,,,,,,,,
27-Oct-25,28-Oct-25,FEDERALBNK,Non-Hld,233.82,225,216.4,8.05,233.6,-0.09,1.43,82.66,8.83,6.29,2.54,237.43,209.38,181.32,,,,,,,,,,
27-Oct-25,28-Oct-25,FORTIS,Non-Hld,1053,1100,1052.15,0.08,1147.85,9.01,0.83,55.34,26.92,32.83,-5.92,1141.87,1044.9,947.93,,,,,,,,,,
27-Oct-25,28-Oct-25,GAIL,Non-Hld,180.25,190,179.65,0.33,200.35,11.15,0.57,54.68,0.69,0.42,0.28,182.12,177.82,173.51,,,,,,,,,,
27-Oct-25,28-Oct-25,GLENMARK,Non-Hld,1815.6,2000,1818.8,-0.18,2181.2,20.14,0.42,24.69,-47.36,-38.53,-8.82,2013.19,1908.16,1803.13,,,,,,,,,,
27-Oct-25,28-Oct-25,GMRAIRPORT,Non-Hld,92.35,95,92.35,0,97.65,5.74,0.66,59.04,0.89,0.55,0.34,93.54,89.87,86.2,,,,,,,,,,
27-Oct-25,28-Oct-25,GODREJCP,Non-Hld,1125.1,1200,1126.8,-0.15,1273.2,13.16,0.75,36.75,-20.56,-24.03,3.48,1174.49,1136.42,1098.36,,,,,,,,,,
27-Oct-25,28-Oct-25,GODREJPROP,Non-Hld,2320,2100,1880.1,23.4,2319.9,0,1.04,72.09,69.83,45.74,24.09,2360.75,2123.85,1886.94,,,,,,,,,,
27-Oct-25,28-Oct-25,GRASIM,Non-Hld,2932.7,2960,2913.35,0.66,3006.65,2.52,0.59,65.6,20.64,11.01,9.63,2903.02,2814.4,2725.78,,,,,,,,,,
27-Oct-25,28-Oct-25,HAL,Non-Hld,4757.6,4900,4753.45,0.09,5046.55,6.07,0.43,47.54,30.69,44.28,-13.59,4907.89,4811.2,4714.52,,,,,,,,,,
27-Oct-25,28-Oct-25,HAVELLS,Non-Hld,1489,1600,1490.85,-0.12,1709.15,14.79,0.61,45.42,-13.68,-17.04,3.36,1517.6,1489.01,1460.42,,,,,,,,,,
27-Oct-25,28-Oct-25,HCLTECH,Non-Hld,1534.5,1500,1462.6,4.92,1537.4,0.19,0.66,68.34,21.69,12.59,9.1,1563.62,1456.32,1349.02,,,,,,,,,,
27-Oct-25,28-Oct-25,HDFCAMC,Non-Hld,5555,6000,5582.5,-0.49,6417.5,15.53,0.49,44.41,-12.52,-5.21,-7.31,5794.81,5614.95,5435.09,,,,,,,,,,
27-Oct-25,28-Oct-25,HDFCBANK,Non-Hld,1003.5,1000,989.8,1.38,1010.2,0.67,0.98,63.71,9.56,6.79,2.76,1018.3,980.79,943.29,,,,,,,,,,
27-Oct-25,28-Oct-25,HDFCLIFE,Non-Hld,738,760,738.3,-0.04,781.7,5.92,0.51,39.47,-7.69,-6.67,-1.02,768.27,750.5,732.74,,,,,,,,,,
27-Oct-25,28-Oct-25,HEROMOTOCO,Non-Hld,5640,5400,5139.75,9.73,5660.25,0.36,0.79,63.13,87.03,97.29,-10.26,5719.52,5535.4,5351.28,,,,,,,,,,
27-Oct-25,28-Oct-25,HFCL,Non-Hld,77.3,80,76.55,0.98,83.45,7.96,0.51,54.43,0.82,0.67,0.15,78.62,75.34,72.05,,,,,,,,,,
27-Oct-25,28-Oct-25,HINDALCO,Non-Hld,840.85,800,759,10.78,841,0.02,1.09,79.42,18.51,13.48,5.03,820.55,777.16,733.76,,,,,,,,,,
27-Oct-25,28-Oct-25,HINDPETRO,Non-Hld,453.55,460,450.95,0.58,469.05,3.42,0.71,60.27,8.34,10.5,-2.16,465.06,447.54,430.03,,,,,,,,,,
27-Oct-25,28-Oct-25,HINDUNILVR,Non-Hld,2512.7,2560,2519.3,-0.26,2600.7,3.5,0.4,43.38,-2.01,-4.05,2.04,2605.94,2535.3,2464.66,,,,,,,,,,
27-Oct-25,28-Oct-25,HINDZINC,Non-Hld,482.45,500,482.2,0.05,517.8,7.33,0.4,50.49,7.44,11.3,-3.86,520.39,490.29,460.18,,,,,,,,,,
27-Oct-25,28-Oct-25,HUDCO,Non-Hld,227.25,240,226.95,0.13,253.05,11.35,0.47,50.71,1.17,1.84,-0.67,235.29,227.85,220.41,,,,,,,,,,
27-Oct-25,28-Oct-25,ICICIBANK,Non-Hld,1379.6,1400,1376.45,0.23,1423.55,3.19,0.51,46.32,-3.37,-3.64,0.27,1419.35,1378.3,1337.26,,,,,,,,,,
27-Oct-25,28-Oct-25,ICICIGI,Non-Hld,1981.6,1900,1812.55,9.33,1987.45,0.3,1.27,60.36,30.37,21.7,8.67,2048.33,1927.46,1806.6,,,,,,,,,,
27-Oct-25,28-Oct-25,ICICIPRULI,Non-Hld,601.5,620,601.25,0.04,638.75,6.19,0.5,51.35,-0.86,-2.41,1.55,607.11,595.99,584.87,,,,,,,,,,
27-Oct-25,28-Oct-25,IDEA,Non-Hld,10.02,11,9.9,1.21,12.1,20.76,0.93,70.09,0.43,0.37,0.06,9.81,8.85,7.88,,,,,,,,,,
27-Oct-25,28-Oct-25,IDFCFIRSTB,Non-Hld,78.01,70,61.7,26.43,78.3,0.37,1.25,68.38,1.78,1.12,0.67,79.41,73.05,66.68,,,,,,,,,,
27-Oct-25,28-Oct-25,IEX,Holding,147,150,146.35,0.44,153.65,4.52,0.81,62.45,-0.06,-1.35,1.29,147.16,139.93,132.71,,,,,,,,,,
27-Oct-25,28-Oct-25,IGL,Non-Hld,213.35,220,212.85,0.23,227.15,6.47,0.49,52.84,0.27,0.43,-0.15,220.63,211.58,202.54,,,,,,,,,,
27-Oct-25,28-Oct-25,IIFL,Non-Hld,505.95,520,503.5,0.49,536.5,6.04,0.77,64.43,12.47,11.76,0.71,527.7,480.31,432.91,,,,,,,,,,
27-Oct-25,28-Oct-25,INDHOTEL,Non-Hld,746.5,800,746.45,0.01,853.55,14.34,0.61,53.33,-3.22,-6.16,2.94,748.62,730.61,712.6,,,,,,,,,,
27-Oct-25,28-Oct-25,INDIANB,Non-Hld,833.4,800,763.95,9.09,836.05,0.32,1.35,75.74,30.77,27.43,3.34,838.37,774.15,709.93,,,,,,,,,,
27-Oct-25,28-Oct-25,INDIGO,Holding,5841,5900,5818.35,0.39,5981.65,2.41,0.75,54.4,32.5,22.49,10,5960.89,5748.22,5535.56,,,,,,,,,,
27-Oct-25,28-Oct-25,INDUSINDBK,Non-Hld,770.3,800,770.7,-0.05,829.3,7.66,0.96,58.51,2.61,-0.31,2.92,774.19,747.39,720.59,,,,,,,,,,
27-Oct-25,28-Oct-25,INDUSTOWER,Non-Hld,373.5,370,358.85,4.08,381.15,2.05,0.97,65.31,2.52,0.42,2.11,367.39,352.14,336.9,,,,,,,,,,
27-Oct-25,28-Oct-25,INFY,Non-Hld,1504.9,1560,1503.2,0.11,1616.8,7.44,0.33,59.04,5.2,-1.12,6.31,1514.76,1455.88,1397,,,,,,,,,,
27-Oct-25,28-Oct-25,INOXWIND,Non-Hld,153.09,140,126.45,21.07,153.55,0.3,0.57,61.82,1.65,0.6,1.05,155.59,145.54,135.5,,,,,,,,,,
27-Oct-25,28-Oct-25,IOC,Non-Hld,155.23,155,151.4,2.53,158.6,2.17,0.73,61.46,1.78,2.22,-0.43,157.68,152.42,147.16,,,,,,,,,,
27-Oct-25,28-Oct-25,IRCTC,Holding,723.2,800,722.8,0.06,877.2,21.29,0.46,56.17,0.61,-0.93,1.54,726.36,711.88,697.41,,,,,,,,,,
27-Oct-25,28-Oct-25,IREDA,Non-Hld,153.44,160,153.7,-0.17,166.3,8.38,0.49,53.63,0.79,0.71,0.08,156.32,151.65,146.97,,,,,,,,,,
27-Oct-25,28-Oct-25,IRFC,Non-Hld,123.6,130,123.6,0,136.4,10.36,0.43,46.88,-0.31,-0.3,-0.01,125.94,123.8,121.67,,,,,,,,,,
27-Oct-25,28-Oct-25,ITC,Non-Hld,421,405,388.45,8.38,421.55,0.13,0.99,67.72,2.56,0.28,2.29,419.46,405.97,392.47,,,,,,,,,,
27-Oct-25,28-Oct-25,JINDALSTEL,Non-Hld,1030,1100,1029.7,0.03,1170.3,13.62,0.53,53.84,-4.12,-2.93,-1.2,1073.37,1027.24,981.11,,,,,,,,,,
27-Oct-25,28-Oct-25,JIOFIN,Non-Hld,305.95,320,306.15,-0.07,333.85,9.12,0.48,45.36,-0.48,-0.77,0.29,316.98,305.62,294.27,,,,,,,,,,
27-Oct-25,28-Oct-25,JSWENERGY,Non-Hld,529,560,527.85,0.22,592.15,11.94,0.3,46.52,0.53,2.64,-2.1,552.82,536.79,520.77,,,,,,,,,,
27-Oct-25,28-Oct-25,JSWSTEEL,Non-Hld,1147.8,1300,1299.95,-11.7,1300.05,13.26,0.6,54.02,9.63,14.38,-4.75,1178.69,1152.08,1125.48,,,,,,,,,,
27-Oct-25,28-Oct-25,JUBLFOOD,Non-Hld,595,620,595.6,-0.1,644.4,8.3,0.51,42.79,-9.66,-10.38,0.72,627.05,602.07,577.09,,,,,,,,,,
27-Oct-25,28-Oct-25,KALYANKJIL,Non-Hld,505.35,480,453.65,11.4,506.35,0.2,0.76,58.78,-0.16,-4.38,4.22,510.92,480.96,451,,,,,,,,,,
27-Oct-25,28-Oct-25,KAYNES,Non-Hld,6735,7000,6728,0.1,7272,7.97,0.39,41.62,-57.58,10.89,-68.47,7520.99,7045.25,6569.51,,,,,,,,,,
27-Oct-25,28-Oct-25,KEI,Non-Hld,4085,4400,4092.2,-0.18,4707.8,15.25,0.38,45.59,12.36,37.52,-25.15,4387.07,4166.64,3946.21,,,,,,,,,,
27-Oct-25,28-Oct-25,KFINTECH,Holding,1170.1,1200,1152,1.57,1248,6.66,0.76,64.82,15.94,7.04,8.9,1176.08,1096.94,1017.8,,,,,,,,,,
27-Oct-25,28-Oct-25,KOTAKBANK,Non-Hld,2149.4,2100,2043.55,5.18,2156.45,0.33,1.03,54.9,43.5,44.15,-0.65,2274.28,2133.25,1992.22,,,,,,,,,,
27-Oct-25,28-Oct-25,KPITTECH,Non-Hld,1207,1300,1209.4,-0.2,1390.6,15.21,0.74,56.39,-11.51,-17.55,6.05,1212.77,1163.28,1113.78,,,,,,,,,,
27-Oct-25,28-Oct-25,LAURUSLABS,Non-Hld,940,1000,938.8,0.13,1061.2,12.89,0.75,67.66,14.3,6.98,7.32,943.98,880.98,817.97,,,,,,,,,,
27-Oct-25,28-Oct-25,LICHSGFIN,Non-Hld,584,600,584.3,-0.05,615.7,5.43,0.6,60.75,2.13,0.58,1.55,584.05,571.17,558.29,,,,,,,,,,
27-Oct-25,28-Oct-25,LICI,Non-Hld,898.2,900,887.5,1.21,912.5,1.59,0.44,52.22,0.89,1.62,-0.73,913.18,896.63,880.08,,,,,,,,,,
27-Oct-25,28-Oct-25,LODHA,Non-Hld,1177,1200,1178.05,-0.09,1221.95,3.82,0.52,51.29,-1.37,-7.08,5.71,1203.64,1155.2,1106.76,,,,,,,,,,
27-Oct-25,28-Oct-25,LT,Non-Hld,3921.7,3800,3674.2,6.74,3925.8,0.1,0.67,71.45,69.35,57.85,11.5,3953.41,3789.1,3624.79,,,,,,,,,,
27-Oct-25,28-Oct-25,LTF,Non-Hld,267,280,264.2,1.06,295.8,10.79,0.97,63.94,7.75,8.56,-0.81,278.17,260.77,243.36,,,,,,,,,,
27-Oct-25,28-Oct-25,LTIM,Non-Hld,5633,5700,5620.3,0.23,5779.7,2.6,0.79,66.44,100.37,83.31,17.06,5782.95,5390.45,4997.96,,,,,,,,,,
27-Oct-25,28-Oct-25,LUPIN,Non-Hld,1920,2000,1925.2,-0.27,2074.8,8.06,0.57,43.36,-8.85,-6.9,-1.96,1980.65,1941.26,1901.87,,,,,,,,,,
27-Oct-25,28-Oct-25,M&M,Non-Hld,3616,3700,3619.1,-0.09,3780.9,4.56,0.7,60.08,40.59,28.7,11.9,3670.7,3508.06,3345.43,,,,,,,,,,
27-Oct-25,28-Oct-25,MANAPPURAM,Non-Hld,276.45,290,275.55,0.33,304.45,10.13,0.47,40.96,-0.6,0.94,-1.54,294.92,285.44,275.96,,,,,,,,,,
27-Oct-25,28-Oct-25,MANKIND,Non-Hld,2412.7,2500,2410.75,0.08,2589.25,7.32,0.39,37.43,-24.16,-23.51,-0.65,2486.86,2452.92,2418.98,,,,,,,,,,
27-Oct-25,28-Oct-25,MARICO,Non-Hld,723,740,722.8,0.03,757.2,4.73,0.76,53.96,2.47,0.85,1.62,735.45,714.74,694.03,,,,,,,,,,
27-Oct-25,28-Oct-25,MARUTI,Non-Hld,16382,16200,15970.2,2.58,16429.8,0.29,0.64,65.55,273.95,323.39,-49.45,16554.44,16190.4,15826.36,,,,,,,,,,
27-Oct-25,28-Oct-25,MAXHEALTH,Non-Hld,1187,1240,1189.15,-0.18,1290.85,8.75,0.69,54.42,9.7,2.95,6.75,1229.14,1154.66,1080.18,,,,,,,,,,
27-Oct-25,28-Oct-25,MAZDOCK,Non-Hld,2809.9,3000,2793.6,0.58,3206.4,14.11,0.59,46.62,-7.42,-1.09,-6.33,2905.71,2831.46,2757.22,,,,,,,,,,
27-Oct-25,28-Oct-25,MCX,Holding,9319.5,10000,9293.55,0.28,10706.45,14.88,0.64,66.23,347.91,327.33,20.57,9884.42,8713.48,7542.53,,,,,,,,,,
27-Oct-25,28-Oct-25,MFSL,Non-Hld,1512.7,1640,1521.95,-0.61,1758.05,16.22,0.65,36.75,-15.17,-6.96,-8.21,1636.81,1570.58,1504.35,,,,,,,,,,
27-Oct-25,28-Oct-25,MOTHERSON,Holding,106.95,115,106.35,0.56,123.65,15.61,0.62,55.81,0.81,0.84,-0.03,108.2,105.4,102.59,,,,,,,,,,
27-Oct-25,28-Oct-25,MPHASIS,Non-Hld,2881.4,2800,2705.35,6.51,2894.65,0.46,0.8,59.87,0.67,-12.8,13.46,2878.78,2757.66,2636.53,,,,,,,,,,
27-Oct-25,28-Oct-25,MUTHOOTFIN,Non-Hld,3150,3300,3154.75,-0.15,3445.25,9.37,0.82,50.82,65.27,89.5,-24.23,3362.84,3199.88,3036.92,,,,,,,,,,
27-Oct-25,28-Oct-25,NATIONALUM,Non-Hld,238.3,240,236.65,0.7,243.35,2.12,1.06,73.72,6.92,6.26,0.66,240.48,222.47,204.45,,,,,,,,,,
27-Oct-25,28-Oct-25,NAUKRI,Non-Hld,1366.4,1400,1364.4,0.15,1435.6,5.06,0.51,52.86,-1.8,-6.27,4.47,1390.99,1342.13,1293.27,,,,,,,,,,
27-Oct-25,28-Oct-25,NBCC,Non-Hld,111.6,115,111.25,0.31,118.75,6.41,0.53,52.08,0.96,1.17,-0.21,115.65,111.16,106.66,,,,,,,,,,
27-Oct-25,28-Oct-25,NCC,Non-Hld,213.6,220,213.35,0.12,226.65,6.11,0.63,55.82,-0.18,-0.74,0.56,213.97,208.79,203.61,,,,,,,,,,
27-Oct-25,28-Oct-25,NESTLEIND,Non-Hld,1280,1200,1116.4,14.65,1283.6,0.28,0.94,68.68,28.05,19.39,8.66,1318.48,1214.61,1110.74,,,,,,,,,,
27-Oct-25,28-Oct-25,NHPC,Non-Hld,84.96,90,85.1,-0.16,94.9,11.7,0.35,46.84,0.29,0.62,-0.32,87.83,86.12,84.4,,,,,,,,,,
27-Oct-25,28-Oct-25,NMDC,Non-Hld,74.43,80,74.4,0.04,85.6,15.01,0.46,44.46,-0.08,0.34,-0.42,78.17,75.92,73.66,,,,,,,,,,
27-Oct-25,28-Oct-25,NTPC,Non-Hld,341.5,345,341.65,-0.04,348.35,2.01,0.32,54.94,1.47,1.51,-0.04,344.39,339.8,335.21,,,,,,,,,,
27-Oct-25,28-Oct-25,NUVAMA,Non-Hld,7411,7000,6584.3,12.56,7415.7,0.06,0.86,68.24,188.09,159.09,29,7678.31,6955.25,6232.19,,,,,,,,,,
27-Oct-25,28-Oct-25,NYKAA,Non-Hld,255.2,260,255.05,0.06,264.95,3.82,0.75,54.88,4.53,5.91,-1.38,275.05,252.85,230.65,,,,,,,,,,
27-Oct-25,28-Oct-25,OBEROIRLTY,Non-Hld,1736,1640,1547.25,12.2,1732.75,-0.19,0.81,65.89,21.17,7.27,13.91,1736.69,1630.84,1524.98,,,,,,,,,,
27-Oct-25,28-Oct-25,OFSS,Non-Hld,8700,9000,8718.2,-0.21,9281.8,6.69,0.52,46.25,-59.01,-4.76,-54.26,9420.39,8833.85,8247.31,,,,,,,,,,
27-Oct-25,28-Oct-25,OIL,Non-Hld,421.6,420,412.5,2.21,427.5,1.4,0.67,58.25,2.15,1.97,0.17,425.24,415.72,406.2,,,,,,,,,,
27-Oct-25,28-Oct-25,ONGC,Non-Hld,253.6,250,246.9,2.71,253.1,-0.2,0.61,68.45,3.78,3.06,0.72,254.59,245.84,237.1,,,,,,,,,,
27-Oct-25,28-Oct-25,PAGEIND,Non-Hld,41085,45000,40944.45,0.34,49055.55,19.4,0.41,39.6,-625.35,-729.79,104.44,42555.96,41390.75,40225.54,,,,,,,,,,
27-Oct-25,28-Oct-25,PATANJALI,Non-Hld,591,600,590.15,0.14,609.85,3.19,0.46,48.97,-2.4,-2.45,0.05,601.64,589.63,577.63,,,,,,,,,,
27-Oct-25,28-Oct-25,PAYTM,Non-Hld,1305.6,1300,1284.35,1.65,1315.65,0.77,0.97,65.51,29.6,23.71,5.89,1357.76,1233.82,1109.87,,,,,,,,,,
27-Oct-25,28-Oct-25,PERSISTENT,Non-Hld,5867,5500,5109.8,14.82,5890.2,0.4,1.03,68.39,164.02,108.11,55.91,6134.18,5413.48,4692.77,,,,,,,,,,
27-Oct-25,28-Oct-25,PETRONET,Non-Hld,280,270,259.3,7.98,280.7,0.25,1.02,51.93,0.43,0.37,0.05,287.07,279.18,271.28,,,,,,,,,,
27-Oct-25,28-Oct-25,PFC,Holding,398.6,410,399.55,-0.24,420.45,5.48,0.64,45.17,-2,-0.99,-1.01,413.03,402.29,391.55,,,,,,,,,,
27-Oct-25,28-Oct-25,PGEL,Non-Hld,572,590,569.85,0.38,610.15,6.67,0.72,53.21,5.24,0.99,4.25,614.88,550.55,486.22,,,,,,,,,,
27-Oct-25,28-Oct-25,PHOENIXLTD,Non-Hld,1706.8,1760,1759.65,-3,1760.35,3.14,0.63,67.45,33.56,27.56,6,1730.07,1623,1515.92,,,,,,,,,,
27-Oct-25,28-Oct-25,PIDILITIND,Non-Hld,1504,1550,1504.55,-0.04,1595.45,6.08,0.97,47.7,0.97,-0.88,1.85,1543.7,1500.36,1457.03,,,,,,,,,,
27-Oct-25,28-Oct-25,PIIND,Non-Hld,3601.9,3850,3648.1,-1.27,4051.9,12.49,0.69,51.38,-30.05,-43.97,13.92,3632.43,3553.78,3475.13,,,,,,,,,,
27-Oct-25,28-Oct-25,PNB,Non-Hld,120.19,120,118.75,1.21,121.25,0.88,1.3,64.29,2.25,2.12,0.12,120.7,114.97,109.24,,,,,,,,,,
27-Oct-25,28-Oct-25,PNBHOUSING,Non-Hld,932,850,770.85,20.91,929.15,-0.31,1.05,68.3,11.13,6.15,4.97,916.89,872.49,828.09,,,,,,,,,,
27-Oct-25,28-Oct-25,POLICYBZR,Non-Hld,1748,1800,1729.95,1.04,1870.05,6.98,0.9,54.36,-23.9,-28.57,4.66,1775.57,1700.08,1624.6,,,,,,,,,,
27-Oct-25,28-Oct-25,POLYCAB,Non-Hld,7660,8000,7658.6,0.02,8341.4,8.9,0.76,57.8,69.69,85.06,-15.37,7813.84,7536.82,7259.81,,,,,,,,,,
27-Oct-25,28-Oct-25,POWERGRID,Holding,291,300,291.35,-0.12,308.65,6.07,0.4,55.89,1.09,0.86,0.22,294.12,287.11,280.09,,,,,,,,,,
27-Oct-25,28-Oct-25,POWERINDIA,Non-Hld,16614,18000,16792.75,-1.06,19207.25,15.61,0.23,27.63,-556.55,-496.71,-59.84,18997.09,17745.7,16494.31,,,,,,,,,,
27-Oct-25,28-Oct-25,PPLPHARMA,Non-Hld,202.8,210,203.45,-0.32,216.55,6.78,0.91,58,0.94,0.02,0.92,204.64,196.22,187.81,,,,,,,,,,
27-Oct-25,28-Oct-25,PRESTIGE,Non-Hld,1780,1640,1487.8,19.64,1792.2,0.69,1.19,74.41,47.48,27.54,19.94,1804.34,1620.24,1436.15,,,,,,,,,,
27-Oct-25,28-Oct-25,RBLBANK,Non-Hld,322.45,300,277.15,16.34,322.85,0.12,0.98,70.86,13.28,10.59,2.69,330.83,294.34,257.86,,,,,,,,,,
27-Oct-25,28-Oct-25,RECLTD,Non-Hld,375.3,380,372.5,0.75,387.5,3.25,0.83,53.9,-0.16,-0.42,0.26,376.25,369.89,363.54,,,,,,,,,,
27-Oct-25,28-Oct-25,RELIANCE,Non-Hld,1483.2,1400,1317.9,12.54,1482.1,-0.07,0.84,72.54,20.3,9.43,10.86,1477.63,1399.48,1321.33,,,,,,,,,,
27-Oct-25,28-Oct-25,RVNL,Non-Hld,329.75,350,330.65,-0.27,369.35,12.01,0.31,41.01,-3.7,-2.23,-1.46,352.87,338.68,324.5,,,,,,,,,,
27-Oct-25,28-Oct-25,SAIL,Non-Hld,129.94,140,130.25,-0.24,149.75,15.25,0.6,47.44,-0.36,0.16,-0.53,136.01,131.65,127.29,,,,,,,,,,
27-Oct-25,28-Oct-25,SAMMAANCAP,Non-Hld,187.75,150,110.95,69.22,189.05,0.69,1.37,81.3,10.59,8.92,1.67,187.38,165.86,144.33,,,,,,,,,,
27-Oct-25,28-Oct-25,SBICARD,Non-Hld,898,900,888,1.13,912,1.56,0.7,49.12,15.79,18.77,-2.98,956.1,910.78,865.45,,,,,,,,,,
27-Oct-25,28-Oct-25,SBILIFE,Non-Hld,1898,1800,1704.75,11.34,1895.25,-0.14,0.63,69.36,13.52,5.19,8.34,1880.73,1817.03,1753.33,,,,,,,,,,
27-Oct-25,28-Oct-25,SBIN,Non-Hld,926.9,880,834.65,11.05,925.35,-0.17,0.87,74.27,18.16,15.6,2.56,920.27,882.38,844.48,,,,,,,,,,
27-Oct-25,28-Oct-25,SHREECEM,Non-Hld,28635,30000,28419.6,0.76,31580.4,10.29,0.58,35.93,-237.25,-158.25,-79,30092.54,29319.5,28546.46,,,,,,,,,,
27-Oct-25,28-Oct-25,SHRIRAMFIN,Non-Hld,719.5,660,598.8,20.16,721.2,0.24,1.19,78.83,22.25,17.81,4.44,730.08,668.67,607.26,,,,,,,,,,
27-Oct-25,28-Oct-25,SIEMENS,Holding,3155.6,3300,3148.45,0.23,3451.55,9.38,0.39,50.93,-12.19,-13.33,1.14,3239.49,3143.34,3047.18,,,,,,,,,,
27-Oct-25,28-Oct-25,SOLARINDS,Non-Hld,14016,15000,14019.65,-0.03,15980.35,14.02,0.55,47.71,-42.17,-62.72,20.55,14434.13,13943.65,13453.17,,,,,,,,,,
27-Oct-25,28-Oct-25,SONACOMS,Non-Hld,484.2,480,458.05,5.71,501.95,3.67,0.74,71.67,12.36,6.26,6.1,492.96,439.44,385.92,,,,,,,,,,
27-Oct-25,28-Oct-25,SRF,Non-Hld,3014.9,3200,3009.05,0.19,3390.95,12.47,0.83,49.79,45.9,45.06,0.84,3243.54,3010.01,2776.48,,,,,,,,,,
27-Oct-25,28-Oct-25,SUNPHARMA,Non-Hld,1694.9,1680,1662.35,1.96,1697.65,0.16,0.87,63.67,18.64,14.68,3.97,1720.84,1654.2,1587.57,,,,,,,,,,
27-Oct-25,28-Oct-25,SUPREMEIND,Non-Hld,3995.3,4200,3994.25,0.03,4405.75,10.27,0.68,31.7,-71.84,-58.23,-13.61,4316.59,4182.95,4049.31,,,,,,,,,,
27-Oct-25,28-Oct-25,SUZLON,Non-Hld,53.71,60,53.6,0.21,66.4,23.63,0.31,40.38,-0.97,-1.16,0.19,55.56,54.08,52.6,,,,,,,,,,
27-Oct-25,28-Oct-25,SYNGENE,Non-Hld,660,680,662.3,-0.35,697.7,5.71,0.74,58.8,2.4,-1.55,3.96,664.11,636.77,609.43,,,,,,,,,,
27-Oct-25,28-Oct-25,TATACONSUM,Non-Hld,1167.1,1280,1280,-8.82,1280,9.67,0.62,62.84,14.78,12.36,2.43,1181.14,1139.16,1097.17,,,,,,,,,,
27-Oct-25,28-Oct-25,TATAELXSI,Non-Hld,5574.5,6000,5584.3,-0.18,6415.7,15.09,0.6,57.7,-13.44,-43.86,30.42,5582.78,5390.82,5198.87,,,,,,,,,,
27-Oct-25,28-Oct-25,TATAPOWER,Non-Hld,400.25,390,378.5,5.75,401.5,0.31,0.89,60.51,2.54,1.95,0.59,403.11,393.38,383.66,,,,,,,,,,
27-Oct-25,28-Oct-25,TATASTEEL,Non-Hld,176.61,180,176.4,0.12,183.6,3.96,0.83,61.97,1.74,1.7,0.04,177.25,172.13,167.01,,,,,,,,,,
27-Oct-25,28-Oct-25,TATATECH,Non-Hld,695.85,700,691.3,0.66,708.7,1.85,0.48,51.14,-1.08,-0.02,-1.06,722.52,693.94,665.35,,,,,,,,,,
27-Oct-25,28-Oct-25,TCS,Non-Hld,3083,3200,3080.85,0.07,3319.15,7.66,0.58,58.86,4.4,-12.17,16.57,3104.28,2978.02,2851.75,,,,,,,,,,
27-Oct-25,28-Oct-25,TECHM,Non-Hld,1464.8,1400,1334.85,9.74,1465.15,0.02,0.87,53.48,-2,-7.29,5.3,1481.53,1431.71,1381.88,,,,,,,,,,
27-Oct-25,28-Oct-25,TIINDIA,Non-Hld,3133,3300,3114.75,0.59,3485.25,11.24,0.41,47.82,-3.37,-1.08,-2.29,3212.84,3142.14,3071.44,,,,,,,,,,
27-Oct-25,28-Oct-25,TITAGARH,Non-Hld,895.7,900,891.1,0.52,908.9,1.47,0.49,52.34,-2.59,-1,-1.59,915.04,888.5,861.96,,,,,,,,,,
27-Oct-25,28-Oct-25,TITAN,Non-Hld,3733,3400,3061.65,21.93,3738.35,0.14,0.71,66.27,63.84,37.07,26.78,3826.51,3553.86,3281.2,,,,,,,,,,
27-Oct-25,28-Oct-25,TMPV,Non-Hld,410,400,388.7,5.48,411.3,0.32,0.51,,,,,,,,,,,,,,,,,
27-Oct-25,28-Oct-25,TORNTPHARM,Non-Hld,3587.7,3500,3420.4,4.89,3579.6,-0.23,0.9,54.32,3.08,-4.45,7.53,3620.03,3559.61,3499.18,,,,,,,,,,
27-Oct-25,28-Oct-25,TORNTPOWER,Non-Hld,1319,1300,1275.75,3.39,1324.25,0.4,0.72,60.01,16.61,8.35,8.25,1361.93,1269.75,1177.58,,,,,,,,,,
27-Oct-25,28-Oct-25,TRENT,Non-Hld,4800,5000,4797.4,0.05,5202.6,8.39,0.44,45.8,-65.03,-96.8,31.76,4873.34,4738.12,4602.9,,,,,,,,,,
27-Oct-25,28-Oct-25,TVSMOTOR,Non-Hld,3630,3700,3608.6,0.59,3791.4,4.45,0.8,67.58,59.66,56.58,3.08,3687.78,3532.58,3377.39,,,,,,,,,,
27-Oct-25,28-Oct-25,ULTRACEMCO,Non-Hld,11993,12200,11948.2,0.37,12451.8,3.83,0.57,42.2,-64.95,-55.23,-9.72,12431.11,12159.85,11888.59,,,,,,,,,,
27-Oct-25,28-Oct-25,UNIONBANK,Non-Hld,145.5,145,143.15,1.64,146.85,0.93,0.67,63.47,1.91,1.46,0.46,144.07,138.86,133.65,,,,,,,,,,
27-Oct-25,28-Oct-25,UNITDSPR,Non-Hld,1352.5,1400,1352.35,0.01,1447.65,7.04,0.5,54.21,7.53,5.98,1.55,1382.75,1340.96,1299.16,,,,,,,,,,
27-Oct-25,28-Oct-25,UNOMINDA,Non-Hld,1200,1300,1201.8,-0.15,1398.2,16.52,0.5,41.13,-20.44,-11.84,-8.59,1361.46,1255.55,1149.64,,,,,,,,,,
27-Oct-25,28-Oct-25,UPL,Non-Hld,678.75,700,680.3,-0.23,719.7,6.03,0.65,50.35,-2.36,-3.7,1.34,691.86,672.55,653.24,,,,,,,,,,
27-Oct-25,28-Oct-25,VBL,Non-Hld,460.3,500,460.25,0.01,539.75,17.26,0.69,51.23,-1.53,-4.95,3.43,467.42,449.21,431,,,,,,,,,,
27-Oct-25,28-Oct-25,VEDL,Non-Hld,504.85,500,494.6,2.07,505.4,0.11,1.12,74.63,10.66,9.42,1.23,500.74,475.64,450.54,,,,,,,,,,
27-Oct-25,28-Oct-25,VOLTAS,Non-Hld,1430,1300,1163.5,22.91,1436.5,0.45,1.07,58.7,16.68,11.48,5.2,1465.61,1396.09,1326.58,,,,,,,,,,
27-Oct-25,28-Oct-25,WIPRO,Non-Hld,243.9,250,244.35,-0.18,255.65,4.82,0.62,47.63,-0.97,-0.88,-0.09,251.92,243.7,235.49,,,,,,,,,,
27-Oct-25,28-Oct-25,YESBANK,Non-Hld,22.77,24,22.75,0.09,25.25,10.89,0.56,58.85,0.49,0.59,-0.1,24.14,22.45,20.77,,,,,,,,,,
27-Oct-25,28-Oct-25,ZYDUSLIFE,Non-Hld,1012.25,1050,1012,0.02,1088,7.48,0.7,56.66,-0.31,-3.12,2.81,1012.11,991.94,971.76,,,,,,,,,,
28-Oct-25,28-Oct-25,360ONE,Non-Hld,1169.8,1140,1107.65,5.61,1172.35,0.22,0.67,69.1,33.14,26.83,6.3,1226.29,1111.36,996.42,,,,,,,,,,
28-Oct-25,28-Oct-25,ABB,Holding,5182.5,5400,5157.95,0.48,5642.05,8.87,0.64,46.85,-6.97,-10.33,3.36,5255.58,5188.7,5121.83,,,,,,,,,,
28-Oct-25,28-Oct-25,ABCAPITAL,Non-Hld,313.45,300,285.95,9.62,314.05,0.19,1.09,65.23,5.5,4.78,0.72,313.08,301.38,289.68,,,,,,,,,,
28-Oct-25,28-Oct-25,ADANIENSOL,Non-Hld,923,1000,926.35,-0.36,1073.65,16.32,0.65,53.48,20.91,24.73,-3.82,969.4,925.25,881.11,,,,,,,,,,
28-Oct-25,28-Oct-25,ADANIENT,Non-Hld,2499,2600,2484.4,0.59,2715.6,8.67,0.57,46.66,11.23,23.72,-12.49,2593.5,2537.52,2481.55,,,,,,,,,,
28-Oct-25,28-Oct-25,ADANIGREEN,Non-Hld,1005,1100,1004.95,0,1195.05,18.91,0.38,42.33,1.09,8.76,-7.67,1077.04,1043.88,1010.73,,,,,,,,,,
28-Oct-25,28-Oct-25,ADANIPORTS,Non-Hld,1418.9,1500,1419.85,-0.07,1580.15,11.36,0.66,48.05,11.76,15.73,-3.97,1486.74,1428.26,1369.79,,,,,,,,,,
28-Oct-25,28-Oct-25,ALKEM,Non-Hld,5440,5600,5414.95,0.46,5785.05,6.34,0.64,44.72,24.24,37.92,-13.69,5591.51,5494.92,5398.34,,,,,,,,,,
28-Oct-25,28-Oct-25,AMBER,Non-Hld,8548,8000,7566.95,12.96,8433.05,-1.34,0.76,65.65,102.9,98.34,4.56,8474.73,8271.08,8067.42,,,,,,,,,,
28-Oct-25,28-Oct-25,AMBUJACEM,Non-Hld,555,600,555.2,-0.04,644.8,16.18,0.46,38.85,-4.18,-3.22,-0.95,576.68,566.14,555.59,,,,,,,,,,
28-Oct-25,28-Oct-25,ANGELONE,Non-Hld,2541,2400,2259.85,12.44,2540.15,-0.03,0.96,68.15,67.71,41.31,26.4,2654.5,2362.04,2069.57,,,,,,,,,,
28-Oct-25,28-Oct-25,APLAPOLLO,Non-Hld,1776,1740,1704.15,4.22,1775.85,-0.01,0.86,68.23,20.59,19.11,1.48,1779.38,1738.24,1697.1,,,,,,,,,,
28-Oct-25,28-Oct-25,APOLLOHOSP,Non-Hld,7861.5,7600,7318.85,7.41,7881.15,0.25,0.87,57.37,64.33,50.53,13.79,8102.24,7734.42,7366.61,,,,,,,,,,
28-Oct-25,28-Oct-25,ASHOKLEY,Non-Hld,140.25,150,140.05,0.14,159.95,14.05,0.48,56.98,0.62,0.65,-0.03,142.95,138.34,133.72,,,,,,,,,,
28-Oct-25,28-Oct-25,ASIANPAINT,Non-Hld,2501.2,2600,2504.45,-0.13,2695.55,7.77,0.62,62.61,20.09,-0.1,20.19,2561.3,2405.24,2249.18,,,,,,,,,,
28-Oct-25,28-Oct-25,ASTRAL,Non-Hld,1451,1500,1454.65,-0.25,1545.35,6.5,0.53,57.47,7.78,4.99,2.79,1475.28,1418.4,1361.52,,,,,,,,,,
28-Oct-25,28-Oct-25,AUBANK,Non-Hld,880,750,617.7,42.46,882.3,0.26,1.45,78.01,36.24,26.89,9.35,897.06,794.43,691.8,,,,,,,,,,
28-Oct-25,28-Oct-25,AUROPHARMA,Non-Hld,1103.5,1140,1091.95,1.06,1188.05,7.66,0.51,50.76,2.18,4.83,-2.65,1133.13,1100.82,1068.5,,,,,,,,,,
28-Oct-25,28-Oct-25,AXISBANK,Non-Hld,1247,1160,1077.15,15.77,1242.85,-0.33,0.78,66.3,31.67,27.78,3.89,1270.11,1196.46,1122.81,,,,,,,,,,
28-Oct-25,28-Oct-25,BAJAJ-AUTO,Non-Hld,9057,10000,9054.95,0.02,10945.05,20.85,0.82,54.83,64.73,59.21,5.53,9297.03,8946.7,8596.37,,,,,,,,,,
28-Oct-25,28-Oct-25,BAJAJFINSV,Non-Hld,2138.1,2100,2059.95,3.79,2140.05,0.09,0.9,62.81,37.43,26.87,10.56,2198.37,2069.52,1940.68,,,,,,,,,,
28-Oct-25,28-Oct-25,BAJFINANCE,Non-Hld,1075.95,1020,962.05,11.84,1077.95,0.19,1.24,64.57,28.97,27.86,1.11,1113.79,1041.2,968.61,,,,,,,,,,
28-Oct-25,28-Oct-25,BANDHANBNK,Non-Hld,175.21,150,126.55,38.45,173.45,-1,1.42,64.08,1.95,0.67,1.28,173.87,165.76,157.66,,,,,,,,,,
28-Oct-25,28-Oct-25,BANKBARODA,Non-Hld,277,250,223.25,24.08,276.75,-0.09,1.08,68.74,5.97,5.8,0.17,275.95,265.7,255.45,,,,,,,,,,
28-Oct-25,28-Oct-25,BANKINDIA,Non-Hld,141.23,130,119.75,17.94,140.25,-0.69,1.61,75.56,4.69,3.4,1.29,138.9,127.92,116.93,,,,,,,,,,
28-Oct-25,28-Oct-25,BDL,Non-Hld,1520.1,1600,1513.95,0.41,1686.05,10.92,0.82,47.35,-3.72,-5.55,1.83,1566.6,1523.54,1480.47,,,,,,,,,,
28-Oct-25,28-Oct-25,BEL,Holding,413.85,420,413.6,0.06,426.4,3.03,0.67,55.31,5.27,5.47,-0.2,422.3,411.06,399.82,,,,,,,,,,
28-Oct-25,28-Oct-25,BHARATFORG,Non-Hld,1307.2,1240,1169.95,11.73,1310.05,0.22,0.87,65.54,22.52,15.15,7.38,1306.49,1240.55,1174.61,,,,,,,,,,
28-Oct-25,28-Oct-25,BHARTIARTL,Non-Hld,2088,1960,1836.5,13.69,2083.5,-0.22,0.78,72.77,38.97,26.21,12.77,2096.87,1967.71,1838.56,,,,,,,,,,
28-Oct-25,28-Oct-25,BHEL,Non-Hld,237,250,237.6,-0.25,262.4,10.72,0.48,54.42,0.58,1.2,-0.62,245.44,237.17,228.89,,,,,,,,,,
28-Oct-25,28-Oct-25,BIOCON,Non-Hld,367.35,350,331.6,10.78,368.4,0.29,0.8,58.81,1.82,0.25,1.57,368.94,354.04,339.13,,,,,,,,,,
28-Oct-25,28-Oct-25,BLUESTARCO,Non-Hld,1949.5,2060,1986.1,-1.84,2133.9,9.46,0.64,53.03,19.48,15.55,3.92,2007.18,1928.54,1849.89,,,,,,,,,,
28-Oct-25,28-Oct-25,BOSCHLTD,Non-Hld,38480,38000,37499.8,2.61,38500.2,0.05,0.76,45.9,-101.85,-157.51,55.66,39228.53,38605.25,37981.97,,,,,,,,,,
28-Oct-25,28-Oct-25,BPCL,Non-Hld,340.65,390,340.95,-0.09,439.05,28.89,0.88,56.76,2.55,3.12,-0.56,346.68,338.72,330.77,,,,,,,,,,
28-Oct-25,28-Oct-25,BRITANNIA,Non-Hld,5885,6600,6599.95,-10.83,6600.05,12.15,0.71,42.63,9.26,15.41,-6.15,6131.65,5951.4,5771.15,,,,,,,,,,
28-Oct-25,28-Oct-25,BSE,Holding,2422.9,2600,2420.85,0.08,2779.15,14.7,0.65,56,69.81,60.43,9.38,2673.33,2348.53,2023.73,,,,,,,,,,
28-Oct-25,28-Oct-25,CAMS,Holding,3989.9,4000,3974.95,0.38,4025.05,0.88,0.93,62.48,14.73,-3.91,18.63,3949.82,3837.89,3725.97,,,,,,,,,,
28-Oct-25,28-Oct-25,CANBK,Non-Hld,130.1,115,100.85,29,129.15,-0.73,1.39,65.22,2.89,3.19,-0.3,130.53,126.41,122.28,,,,,,,,,,
28-Oct-25,28-Oct-25,CDSL,Holding,1628,1500,1362.95,19.45,1637.05,0.56,0.92,62.32,22.74,18.09,4.65,1684.39,1571.68,1458.97,,,,,,,,,,
28-Oct-25,28-Oct-25,CGPOWER,Holding,722,840,714.55,1.04,965.45,33.72,0.49,38.99,-4.05,0.37,-4.42,765.96,744.14,722.32,,,,,,,,,,
28-Oct-25,28-Oct-25,CHOLAFIN,Non-Hld,1729,1700,1674.95,3.23,1725.05,-0.23,1.17,66.05,40.65,35.48,5.17,1742.25,1650.92,1559.6,,,,,,,,,,
28-Oct-25,28-Oct-25,CIPLA,Non-Hld,1570,1660,1559.35,0.68,1760.65,12.14,0.39,50.35,16.66,13.4,3.25,1655.09,1556.19,1457.29,,,,,,,,,,
28-Oct-25,28-Oct-25,COALINDIA,Holding,391.5,395,391.2,0.08,398.8,1.86,0.62,54.77,1.64,0.73,0.91,396.27,387.31,378.36,,,,,,,,,,
28-Oct-25,28-Oct-25,COFORGE,Non-Hld,1810,1700,1594.95,13.48,1805.05,-0.27,0.9,62.72,26.58,13.66,12.92,1851.56,1709.22,1566.88,,,,,,,,,,
28-Oct-25,28-Oct-25,COLPAL,Non-Hld,2234.2,2400,2232.85,0.06,2567.15,14.9,0.73,45.48,-13.65,-16.49,2.83,2287.09,2235.3,2183.5,,,,,,,,,,
28-Oct-25,28-Oct-25,CONCOR,Non-Hld,542,550,543.95,-0.36,556.05,2.59,0.73,54.15,-1.2,-3.03,1.83,542.82,532.72,522.62,,,,,,,,,,
28-Oct-25,28-Oct-25,CROMPTON,Non-Hld,289.4,300,289,0.14,311,7.46,0.51,42.77,-4.43,-6.25,1.81,296.11,288.97,281.83,,,,,,,,,,
28-Oct-25,28-Oct-25,CUMMINSIND,Non-Hld,4290,4100,3897.4,10.07,4302.6,0.29,1.37,73.66,70.24,35.62,34.62,4239.14,4004.26,3769.37,,,,,,,,,,
28-Oct-25,28-Oct-25,CYIENT,Non-Hld,1190,1240,1195.95,-0.5,1284.05,7.9,0.93,53.57,3.65,-3.13,6.79,1207.58,1160.37,1113.17,,,,,,,,,,
28-Oct-25,28-Oct-25,DABUR,Non-Hld,502.5,550,502.45,0.01,597.55,18.92,0.62,48.2,-2.01,-4.62,2.61,514.19,496.74,479.29,,,,,,,,,,
28-Oct-25,28-Oct-25,DALBHARAT,Non-Hld,2128.9,2200,2116.15,0.6,2283.85,7.28,0.47,32.32,-49.64,-40.45,-9.19,2297.09,2201.42,2105.76,,,,,,,,,,
28-Oct-25,28-Oct-25,DELHIVERY,Non-Hld,478.05,500,472.25,1.23,527.75,10.4,0.72,55.82,3.18,1.83,1.35,488.6,462.52,436.43,,,,,,,,,,
28-Oct-25,28-Oct-25,DIVISLAB,Non-Hld,6430,6000,5502.35,16.86,6497.65,1.05,0.84,57.1,132.11,122.12,10,6985.09,6290.55,5596.01,,,,,,,,,,
28-Oct-25,28-Oct-25,DIXON,Non-Hld,15373,17000,15379.95,-0.05,18620.05,21.12,0.44,29.5,-475.73,-314.7,-161.03,17719.92,16502.2,15284.48,,,,,,,,,,
28-Oct-25,28-Oct-25,DLF,Non-Hld,775,720,667.4,16.12,772.6,-0.31,0.88,59.66,6.8,2.31,4.48,792.03,748.76,705.49,,,,,,,,,,
28-Oct-25,28-Oct-25,DMART,Non-Hld,4233.9,4400,4221.95,0.28,4578.05,8.13,0.4,35.77,-78.23,-78.88,0.65,4486.82,4309.73,4132.64,,,,,,,,,,
28-Oct-25,28-Oct-25,DRREDDY,Non-Hld,1293.9,1260,1233.25,4.92,1286.75,-0.55,0.51,57.8,3.95,-1.22,5.17,1297.91,1256.44,1214.97,,,,,,,,,,
28-Oct-25,28-Oct-25,EICHERMOT,Non-Hld,6985.5,6200,5363.45,30.24,7036.55,0.73,0.91,58.79,63.29,90.21,-26.91,7063.68,6947.2,6830.72,,,,,,,,,,
28-Oct-25,28-Oct-25,ETERNAL,Non-Hld,335,350,334.55,0.13,365.45,9.09,0.47,49.69,1.45,3.63,-2.18,355.3,337.83,320.36,,,,,,,,,,
28-Oct-25,28-Oct-25,EXIDEIND,Non-Hld,380,400,379.95,0.01,420.05,10.54,0.45,35,-4.25,-2.6,-1.65,407.22,394.63,382.03,,,,,,,,,,
28-Oct-25,28-Oct-25,FEDERALBNK,Non-Hld,235.05,210,183.8,27.88,236.2,0.49,1.74,83.46,9.45,6.93,2.52,240.65,211.57,182.5,,,,,,,,,,
28-Oct-25,28-Oct-25,FORTIS,Non-Hld,1061,1100,1055.3,0.54,1144.7,7.89,0.77,56.3,24.69,31.21,-6.52,1133.35,1051.12,968.88,,,,,,,,,,
28-Oct-25,28-Oct-25,GAIL,Non-Hld,178.7,190,178.25,0.25,201.75,12.9,0.57,50.52,0.6,0.45,0.15,181.53,178.14,174.75,,,,,,,,,,
28-Oct-25,28-Oct-25,GLENMARK,Non-Hld,1823.2,2000,1813.9,0.51,2186.1,19.9,0.45,25.53,-48.28,-40.48,-7.8,2008.99,1900.46,1791.92,,,,,,,,,,
28-Oct-25,28-Oct-25,GMRAIRPORT,Non-Hld,92.56,95,92.6,-0.04,97.4,5.23,0.73,60.28,0.94,0.63,0.32,93.8,90.14,86.48,,,,,,,,,,
28-Oct-25,28-Oct-25,GODREJCP,Non-Hld,1116.4,1200,1118.1,-0.15,1281.9,14.82,0.77,33.96,-20.39,-23.3,2.92,1170.91,1134,1097.1,,,,,,,,,,
28-Oct-25,28-Oct-25,GODREJPROP,Non-Hld,2295,2100,1901.9,20.67,2298.1,0.14,1.08,68.08,71.15,50.82,20.33,2376.2,2140.8,1905.39,,,,,,,,,,
28-Oct-25,28-Oct-25,GRASIM,Non-Hld,2931,2960,2932.5,-0.05,2987.5,1.93,0.63,66.56,25.91,13.99,11.92,2920.67,2823.7,2726.74,,,,,,,,,,
28-Oct-25,28-Oct-25,HAL,Non-Hld,4727.9,5000,4724.75,0.07,5275.25,11.58,0.39,44.57,21.27,39.68,-18.41,4909.22,4810.62,4712.03,,,,,,,,,,
28-Oct-25,28-Oct-25,HAVELLS,Non-Hld,1481,1600,1477.05,0.27,1722.95,16.34,0.55,41.72,-13.45,-16.32,2.87,1515.17,1487.67,1460.17,,,,,,,,,,
28-Oct-25,28-Oct-25,HCLTECH,Non-Hld,1522,1600,1517.95,0.27,1682.05,10.52,0.68,64.03,22.35,14.55,7.81,1568.81,1463.21,1357.62,,,,,,,,,,
28-Oct-25,28-Oct-25,HDFCAMC,Non-Hld,5664,6000,5641.7,0.4,6358.3,12.26,0.63,50,-10.59,-6.29,-4.3,5796.6,5616.22,5435.85,,,,,,,,,,
28-Oct-25,28-Oct-25,HDFCBANK,Non-Hld,1004.9,950,896.15,12.14,1003.85,-0.1,1.02,64.01,9.67,7.37,2.3,1018.65,983.72,948.78,,,,,,,,,,
28-Oct-25,28-Oct-25,HDFCLIFE,Non-Hld,747,800,747.45,-0.06,852.55,14.13,0.38,46.32,-6.98,-6.73,-0.25,766.26,749.64,733.01,,,,,,,,,,
28-Oct-25,28-Oct-25,HEROMOTOCO,Non-Hld,5611,6300,6299.95,-10.94,6300.05,12.28,0.72,59.64,83.36,94.5,-11.14,5709.49,5549.48,5389.46,,,,,,,,,,
28-Oct-25,28-Oct-25,HFCL,Non-Hld,75.49,80,75.25,0.32,84.75,12.27,0.51,50.49,0.7,0.68,0.03,78.44,75.52,72.59,,,,,,,,,,
28-Oct-25,28-Oct-25,HINDALCO,Non-Hld,849.75,800,750.95,13.16,849.05,-0.08,1.27,80.77,21.66,15.11,6.55,833.22,782.41,731.6,,,,,,,,,,
28-Oct-25,28-Oct-25,HINDPETRO,Non-Hld,452.9,460,451.95,0.21,468.05,3.35,0.76,59.02,8.12,10.02,-1.91,462.24,449.04,435.84,,,,,,,,,,
28-Oct-25,28-Oct-25,HINDUNILVR,Non-Hld,2500,2560,2502.25,-0.09,2617.75,4.71,0.37,41.29,-5.93,-4.42,-1.51,2606.46,2534.56,2462.67,,,,,,,,,,
28-Oct-25,28-Oct-25,HINDZINC,Non-Hld,471.5,520,471.45,0.01,568.55,20.58,0.35,44.68,5.43,10.13,-4.7,516.59,491.39,466.19,,,,,,,,,,
28-Oct-25,28-Oct-25,HUDCO,Non-Hld,226.2,240,225.6,0.27,254.4,12.47,0.47,49.21,0.93,1.66,-0.73,234.75,228.14,221.54,,,,,,,,,,
28-Oct-25,28-Oct-25,ICICIBANK,Non-Hld,1366.2,1400,1365.95,0.02,1434.05,4.97,0.49,42.14,-4.83,-3.88,-0.95,1419.23,1378.48,1337.73,,,,,,,,,,
28-Oct-25,28-Oct-25,ICICIGI,Non-Hld,2024.4,1900,1773.95,14.12,2026.05,0.08,1.38,64.6,32.69,23.9,8.8,2059.71,1934.02,1808.32,,,,,,,,,,
28-Oct-25,28-Oct-25,ICICIPRULI,Non-Hld,600.4,620,597.9,0.42,642.1,6.95,0.5,51.14,-0.6,-2.05,1.45,606.91,596.74,586.57,,,,,,,,,,
28-Oct-25,28-Oct-25,IDEA,Non-Hld,9.44,11,9.3,1.51,12.7,34.53,0.96,60.07,0.42,0.38,0.04,9.84,8.92,8,,,,,,,,,,
28-Oct-25,28-Oct-25,IDFCFIRSTB,Non-Hld,79.2,70,60.85,30.16,79.15,-0.06,1.44,71.13,1.96,1.28,0.67,80.13,73.58,67.02,,,,,,,,,,
28-Oct-25,28-Oct-25,IEX,Holding,147.26,140,132.35,11.27,147.65,0.26,0.88,63.08,0.44,-0.99,1.43,148.29,140.42,132.56,,,,,,,,,,
28-Oct-25,28-Oct-25,IGL,Non-Hld,210.58,220,210.45,0.06,229.55,9.01,0.5,48.46,0.14,0.37,-0.23,219.99,211.99,203.98,,,,,,,,,,
28-Oct-25,28-Oct-25,IIFL,Non-Hld,513.3,480,450.95,13.83,509.05,-0.83,1.32,67.41,13.3,12.07,1.23,525.51,485.03,444.55,,,,,,,,,,
28-Oct-25,28-Oct-25,INDHOTEL,Non-Hld,741.8,800,741.55,0.03,858.45,15.73,0.58,50.32,-2.65,-5.46,2.8,748.09,732.21,716.33,,,,,,,,,,
28-Oct-25,28-Oct-25,INDIANB,Non-Hld,855.4,800,736.95,16.07,863.05,0.89,1.93,80.16,33.04,28.55,4.48,846.52,781.48,716.43,,,,,,,,,,
28-Oct-25,28-Oct-25,INDIGO,Holding,5834.5,5700,5604.85,4.1,5795.15,-0.67,0.78,52.39,30.09,24.01,6.08,5956.43,5760.62,5564.82,,,,,,,,,,
28-Oct-25,28-Oct-25,INDUSINDBK,Non-Hld,798,700,600.95,32.79,799.05,0.13,1.24,67.73,6,0.95,5.05,782.58,751.74,720.9,,,,,,,,,,
28-Oct-25,28-Oct-25,INDUSTOWER,Non-Hld,384,350,314.65,22.04,385.35,0.35,1.55,72.3,4.71,1.28,3.44,375.05,354.12,333.2,,,,,,,,,,
28-Oct-25,28-Oct-25,INFY,Non-Hld,1502.2,1560,1503.6,-0.09,1616.4,7.6,0.32,57.84,7.05,0.52,6.53,1519.87,1459.54,1399.21,,,,,,,,,,
28-Oct-25,28-Oct-25,INOXWIND,Non-Hld,153.2,140,127.45,20.2,152.55,-0.42,0.65,62.14,1.86,0.85,1.01,156.2,146.34,136.47,,,,,,,,,,
28-Oct-25,28-Oct-25,IOC,Non-Hld,154.6,160,154.15,0.29,165.85,7.28,0.83,59.37,1.8,2.13,-0.34,156.98,152.89,148.8,,,,,,,,,,
28-Oct-25,28-Oct-25,IRCTC,Holding,722,800,721.35,0.09,878.65,21.7,0.48,54.11,0.95,-0.56,1.51,727.3,712.82,698.33,,,,,,,,,,
28-Oct-25,28-Oct-25,IREDA,Non-Hld,151.65,160,151.7,-0.03,168.3,10.98,0.49,49.05,0.63,0.7,-0.06,155.88,151.91,147.93,,,,,,,,,,
28-Oct-25,28-Oct-25,IRFC,Non-Hld,122.85,130,122.25,0.49,137.75,12.13,0.4,44.37,-0.37,-0.32,-0.06,125.64,123.9,122.16,,,,,,,,,,
28-Oct-25,28-Oct-25,ITC,Non-Hld,417.85,405,392.45,6.47,417.55,-0.07,0.96,62.8,2.94,0.81,2.13,421.06,406.61,392.16,,,,,,,,,,
28-Oct-25,28-Oct-25,JINDALSTEL,Non-Hld,1074.9,1000,923.7,16.37,1076.3,0.13,0.87,63.07,0.6,-2.22,2.82,1079.8,1029.44,979.08,,,,,,,,,,
28-Oct-25,28-Oct-25,JIOFIN,Non-Hld,308.4,320,308,0.13,332,7.65,0.46,49.07,-0.45,-0.71,0.26,316.69,306.23,295.77,,,,,,,,,,
28-Oct-25,28-Oct-25,JSWENERGY,Non-Hld,537.55,560,532.45,0.96,587.55,9.3,0.37,51.4,0.61,2.23,-1.62,551.7,537.61,523.52,,,,,,,,,,
28-Oct-25,28-Oct-25,JSWSTEEL,Non-Hld,1183,1300,1171.95,0.94,1428.05,20.71,0.79,63.26,11.61,13.82,-2.22,1182.95,1154.76,1126.56,,,,,,,,,,
28-Oct-25,28-Oct-25,JUBLFOOD,Non-Hld,601.2,620,600.15,0.17,639.85,6.43,0.52,46.23,-8.63,-10.03,1.41,626.65,601.76,576.88,,,,,,,,,,
28-Oct-25,28-Oct-25,KALYANKJIL,Non-Hld,505,480,455.95,10.76,504.05,-0.19,1.01,58.12,0.99,-3.31,4.3,512.76,483.42,454.07,,,,,,,,,,
28-Oct-25,28-Oct-25,KAYNES,Non-Hld,6825.5,7000,6840,-0.21,7160,4.9,0.52,46.07,-57.51,-2.79,-54.72,7483.56,7020.3,6557.04,,,,,,,,,,
28-Oct-25,28-Oct-25,KEI,Non-Hld,4069.8,4400,4055.85,0.34,4744.15,16.57,0.43,44.2,3.9,30.79,-26.9,4386.33,4167.36,3948.4,,,,,,,,,,
28-Oct-25,28-Oct-25,KFINTECH,Holding,1175,1120,1061,10.74,1179,0.34,1.09,65.81,18.71,9.37,9.34,1187.18,1102.14,1017.1,,,,,,,,,,
28-Oct-25,28-Oct-25,KOTAKBANK,Non-Hld,2163.8,2100,2034.95,6.33,2165.05,0.06,1.04,56.85,39.69,43.26,-3.57,2267.77,2141.55,2015.33,,,,,,,,,,
28-Oct-25,28-Oct-25,KPITTECH,Non-Hld,1192,1160,1132.9,5.22,1187.1,-0.41,0.98,51.78,-9.08,-15.86,6.78,1207.98,1162.15,1116.32,,,,,,,,,,
28-Oct-25,28-Oct-25,LAURUSLABS,Non-Hld,961,900,839.95,14.41,960.05,-0.1,1.06,71.71,17.44,9.08,8.37,954.96,887.34,819.73,,,,,,,,,,
28-Oct-25,28-Oct-25,LICHSGFIN,Non-Hld,587,600,584.45,0.44,615.55,4.86,0.69,61.83,2.85,1.03,1.82,586.26,572.22,558.17,,,,,,,,,,
28-Oct-25,28-Oct-25,LICI,Non-Hld,903.1,1000,899.45,0.41,1100.55,21.86,0.52,53.53,1.21,1.54,-0.33,910.31,898,885.69,,,,,,,,,,
28-Oct-25,28-Oct-25,LODHA,Non-Hld,1176.8,1200,1165.05,1.01,1234.95,4.94,0.54,48.66,-1.44,-5.95,4.51,1204.94,1156.59,1108.25,,,,,,,,,,
28-Oct-25,28-Oct-25,LT,Non-Hld,3981.6,3800,3627.95,9.75,3972.05,-0.24,0.65,74.99,74.12,61.1,13.02,3981.39,3801.27,3621.14,,,,,,,,,,
28-Oct-25,28-Oct-25,LTF,Non-Hld,269,280,268.25,0.28,291.75,8.46,0.99,65.03,7.46,8.34,-0.87,275.95,262.37,248.79,,,,,,,,,,
28-Oct-25,28-Oct-25,LTIM,Non-Hld,5596,5700,5599.95,-0.07,5800.05,3.65,0.8,62.46,99.12,86.47,12.65,5787.75,5417.5,5047.25,,,,,,,,,,
28-Oct-25,28-Oct-25,LUPIN,Non-Hld,1932.2,2000,1916,0.85,2084,7.86,0.52,42.49,-9.97,-7.51,-2.46,1980.72,1941.2,1901.69,,,,,,,,,,
28-Oct-25,28-Oct-25,M&M,Non-Hld,3581,3700,3575.95,0.14,3824.05,6.79,0.61,55.72,38.23,30.6,7.63,3674.15,3517.2,3360.24,,,,,,,,,,
28-Oct-25,28-Oct-25,MANAPPURAM,Non-Hld,277.65,300,274.75,1.06,325.25,17.14,0.41,40.91,-1.15,0.52,-1.67,294.99,285.41,275.83,,,,,,,,,,
28-Oct-25,28-Oct-25,MANKIND,Non-Hld,2411.2,2550,2399.95,0.47,2700.05,11.98,0.36,35.86,-25.84,-23.98,-1.86,2485.77,2449.1,2412.43,,,,,,,,,,
28-Oct-25,28-Oct-25,MARICO,Non-Hld,719.2,740,715.9,0.46,764.1,6.24,0.78,51.03,2.19,1.12,1.07,735.22,715.83,696.43,,,,,,,,,,
28-Oct-25,28-Oct-25,MARUTI,Non-Hld,16309,16000,15662.95,4.12,16337.05,0.17,0.8,61.87,255.82,309.88,-54.06,16557.17,16191.65,15826.13,,,,,,,,,,
28-Oct-25,28-Oct-25,MAXHEALTH,Non-Hld,1187.9,1240,1179.05,0.75,1300.95,9.52,0.67,52.52,8.97,4.15,4.82,1231.27,1157.47,1083.68,,,,,,,,,,
28-Oct-25,28-Oct-25,MAZDOCK,Non-Hld,2773,3000,2773.6,-0.02,3226.4,16.35,0.59,43.12,-10.64,-3,-7.64,2906.62,2829.1,2751.59,,,,,,,,,,
28-Oct-25,28-Oct-25,MCX,Holding,9129,10000,9075.9,0.59,10924.1,19.66,0.72,60.33,327.9,327.45,0.46,9897.34,8773.28,7649.21,,,,,,,,,,
28-Oct-25,28-Oct-25,MFSL,Non-Hld,1520,1640,1522.65,-0.17,1757.35,15.62,0.62,39.97,-16.1,-8.79,-7.31,1637.98,1569.5,1501.03,,,,,,,,,,
28-Oct-25,28-Oct-25,MOTHERSON,Holding,106.75,115,106.65,0.09,123.35,15.55,0.64,55.94,0.84,0.84,0,108.35,105.46,102.57,,,,,,,,,,
28-Oct-25,28-Oct-25,MPHASIS,Non-Hld,2833,2800,2770.6,2.25,2829.4,-0.13,0.89,53.69,3.89,-9.46,13.35,2879.92,2767.08,2654.24,,,,,,,,,,
28-Oct-25,28-Oct-25,MUTHOOTFIN,Non-Hld,3173.3,3300,3169.95,0.11,3430.05,8.09,0.96,54.22,58.3,83.26,-24.96,3349.06,3207.96,3066.87,,,,,,,,,,
28-Oct-25,28-Oct-25,NATIONALUM,Non-Hld,237.28,220,203.1,16.83,236.9,-0.16,1.18,71.55,7.12,6.43,0.68,240.29,224.28,208.26,,,,,,,,,,
28-Oct-25,28-Oct-25,NAUKRI,Non-Hld,1385,1460,1384,0.07,1536,10.9,0.56,56.88,1.21,-4.77,5.98,1396.44,1345.6,1294.77,,,,,,,,,,
28-Oct-25,28-Oct-25,NBCC,Non-Hld,110.4,115,110.25,0.14,119.75,8.47,0.53,48.93,0.77,1.09,-0.32,115.01,111.41,107.82,,,,,,,,,,
28-Oct-25,28-Oct-25,NCC,Non-Hld,210.99,220,210.95,0.02,229.05,8.56,0.71,50.95,-0.09,-0.61,0.51,213.55,209.19,204.84,,,,,,,,,,
28-Oct-25,28-Oct-25,NESTLEIND,Non-Hld,1271,1200,1129.55,12.52,1270.45,-0.04,0.9,63.88,27.43,20.99,6.43,1323.79,1220.03,1116.27,,,,,,,,,,
28-Oct-25,28-Oct-25,NHPC,Non-Hld,84.62,90,85.05,-0.51,94.95,12.21,0.34,44.92,0.17,0.53,-0.36,87.63,86.17,84.7,,,,,,,,,,
28-Oct-25,28-Oct-25,NMDC,Non-Hld,74.61,80,74.55,0.08,85.45,14.53,0.42,45.99,-0.13,0.25,-0.38,78.18,75.9,73.61,,,,,,,,,,
28-Oct-25,28-Oct-25,NTPC,Non-Hld,338.95,345,337.65,0.39,352.35,3.95,0.26,50.28,1.25,1.46,-0.21,344.38,339.86,335.35,,,,,,,,,,
28-Oct-25,28-Oct-25,NUVAMA,Non-Hld,7458.5,8000,7106.15,4.96,8893.85,19.24,0.86,68.76,198.99,167.07,31.91,7663.09,7021.62,6380.16,,,,,,,,,,
28-Oct-25,28-Oct-25,NYKAA,Non-Hld,258.77,275,257.9,0.34,292.1,12.88,0.78,56.46,4.31,5.59,-1.28,273.92,254.16,234.41,,,,,,,,,,
28-Oct-25,28-Oct-25,OBEROIRLTY,Non-Hld,1706.2,1640,1581.75,7.87,1698.25,-0.47,0.85,59.85,22.66,10.35,12.32,1745.24,1637.45,1529.66,,,,,,,,,,
28-Oct-25,28-Oct-25,OFSS,Non-Hld,8624.5,9000,8612.95,0.13,9387.05,8.84,0.5,43.59,-66.62,-17.13,-49.49,9416.47,8838.17,8259.88,,,,,,,,,,
28-Oct-25,28-Oct-25,OIL,Non-Hld,413,420,412.25,0.18,427.75,3.57,0.68,49.5,1.76,1.93,-0.17,425.13,415.84,406.56,,,,,,,,,,
28-Oct-25,28-Oct-25,ONGC,Non-Hld,250.49,250,249.9,0.24,250.1,-0.16,0.68,61.07,3.63,3.17,0.46,254.66,246.47,238.28,,,,,,,,,,
28-Oct-25,28-Oct-25,PAGEIND,Non-Hld,41000,43000,41044.05,-0.11,44955.95,9.65,0.62,39.05,-612.39,-706.31,93.92,42556.61,41374.5,40192.39,,,,,,,,,,
28-Oct-25,28-Oct-25,PATANJALI,Non-Hld,592.3,600,592.95,-0.11,607.05,2.49,0.49,51.26,-1.88,-2.33,0.46,601.99,589.86,577.74,,,,,,,,,,
28-Oct-25,28-Oct-25,PAYTM,Non-Hld,1310,1100,897.25,46,1302.75,-0.55,1.13,66.09,30.32,25.03,5.29,1360.58,1243.04,1125.5,,,,,,,,,,
28-Oct-25,28-Oct-25,PERSISTENT,Non-Hld,5830,5500,5131.45,13.61,5868.55,0.66,1.09,65.12,164.1,119.31,44.79,6166.6,5457.27,4747.94,,,,,,,,,,
28-Oct-25,28-Oct-25,PETRONET,Non-Hld,277,270,261.45,5.95,278.55,0.56,0.91,48.33,0.27,0.35,-0.08,285.33,279.72,274.12,,,,,,,,,,
28-Oct-25,28-Oct-25,PFC,Holding,394.9,410,394.8,0.03,425.2,7.67,0.59,42.94,-2.21,-1.23,-0.98,413.21,402.16,391.1,,,,,,,,,,
28-Oct-25,28-Oct-25,PGEL,Non-Hld,568,600,563.75,0.75,636.25,12.02,0.72,50.22,4.5,1.69,2.81,615.52,553.08,490.64,,,,,,,,,,
28-Oct-25,28-Oct-25,PHOENIXLTD,Non-Hld,1693.1,1760,1693.7,-0.04,1826.3,7.87,0.71,65.03,34.35,28.92,5.43,1736.37,1631.08,1525.78,,,,,,,,,,
28-Oct-25,28-Oct-25,PIDILITIND,Non-Hld,1493,1550,1490.95,0.14,1609.05,7.77,0.89,44.08,-0.72,-0.85,0.13,1543.16,1501.22,1459.29,,,,,,,,,,
28-Oct-25,28-Oct-25,PIIND,Non-Hld,3584.9,3850,3648.95,-1.76,4051.05,13,0.73,48.53,-26.14,-40.4,14.26,3632.47,3558.76,3485.05,,,,,,,,,,
28-Oct-25,28-Oct-25,PNB,Non-Hld,121.2,110,98.9,22.55,121.1,-0.08,1.93,66.91,2.44,2.19,0.25,120.96,115.64,110.32,,,,,,,,,,
28-Oct-25,28-Oct-25,PNBHOUSING,Non-Hld,937,850,771.65,21.43,928.35,-0.92,1.71,69.41,14.59,7.84,6.75,927.47,875.96,824.45,,,,,,,,,,
28-Oct-25,28-Oct-25,POLICYBZR,Non-Hld,1770,1600,1511,17.14,1689,-4.58,1.08,57.68,-15.79,-26.01,10.22,1786.33,1704.98,1623.63,,,,,,,,,,
28-Oct-25,28-Oct-25,POLYCAB,Non-Hld,7500,8000,7659.3,-2.08,8340.7,11.21,0.67,50.39,59.24,79.89,-20.66,7805.7,7546.2,7286.7,,,,,,,,,,
28-Oct-25,28-Oct-25,POWERGRID,Holding,288.5,300,287.5,0.35,312.5,8.32,0.39,50.84,0.96,0.88,0.08,294.07,287.41,280.74,,,,,,,,,,
28-Oct-25,28-Oct-25,POWERINDIA,Non-Hld,16967,19000,17515.85,-3.13,20484.15,20.73,0.23,34.4,-548.4,-507.05,-41.35,18766.16,17638.05,16509.94,,,,,,,,,,
28-Oct-25,28-Oct-25,PPLPHARMA,Non-Hld,203.14,210,201.95,0.59,218.05,7.34,0.91,56.32,1.15,0.24,0.91,204.77,196.94,189.12,,,,,,,,,,
28-Oct-25,28-Oct-25,PRESTIGE,Non-Hld,1759.2,1640,1526.05,15.28,1753.95,-0.3,1.23,68.15,49.19,31.87,17.32,1818.58,1632.78,1446.99,,,,,,,,,,
28-Oct-25,28-Oct-25,RBLBANK,Non-Hld,324.95,300,274.95,18.19,325.05,0.03,1.2,72.11,13.69,11.21,2.48,334.34,296.98,259.63,,,,,,,,,,
28-Oct-25,28-Oct-25,RECLTD,Non-Hld,369.3,380,369.5,-0.05,390.5,5.74,0.81,47.72,-0.28,-0.39,0.11,375.7,370.2,364.7,,,,,,,,,,
28-Oct-25,28-Oct-25,RELIANCE,Non-Hld,1489.7,1400,1310.95,13.64,1489.05,-0.04,0.89,73,23.33,12.21,11.11,1491.09,1404.95,1318.8,,,,,,,,,,
28-Oct-25,28-Oct-25,RVNL,Non-Hld,327.65,370,328.7,-0.32,411.3,25.53,0.3,40,-3.86,-2.56,-1.3,353.05,338.24,323.42,,,,,,,,,,
28-Oct-25,28-Oct-25,SAIL,Non-Hld,132.33,140,132.05,0.21,147.95,11.8,0.65,53.1,-0.21,0.09,-0.3,136.07,131.71,127.35,,,,,,,,,,
28-Oct-25,28-Oct-25,SAMMAANCAP,Non-Hld,187.8,150,113.95,64.81,186.05,-0.93,1.67,78.81,10.97,9.33,1.64,187.65,168.33,149.01,,,,,,,,,,
28-Oct-25,28-Oct-25,SBICARD,Non-Hld,904,1000,896.3,0.86,1103.7,22.09,0.73,51.25,13.51,17.72,-4.21,954.52,912.37,870.23,,,,,,,,,,
28-Oct-25,28-Oct-25,SBILIFE,Non-Hld,1934,1800,1668.15,15.94,1931.85,-0.11,0.77,73.88,20.12,8.17,11.94,1905.6,1823.93,1742.26,,,,,,,,,,
28-Oct-25,28-Oct-25,SBIN,Non-Hld,930.5,880,832.95,11.71,927.05,-0.37,0.98,76.17,19.52,16.38,3.14,927.41,886.04,844.67,,,,,,,,,,
28-Oct-25,28-Oct-25,SHREECEM,Non-Hld,28565,30000,28699.95,-0.47,31300.05,9.57,0.67,35.87,-265.42,-179.68,-85.74,30122.33,29303.25,28484.17,,,,,,,,,,
28-Oct-25,28-Oct-25,SHRIRAMFIN,Non-Hld,724,650,573.4,26.26,726.6,0.36,1.54,79.72,23.34,18.91,4.43,733.32,674.55,615.78,,,,,,,,,,
28-Oct-25,28-Oct-25,SIEMENS,Holding,3115,3300,3103.8,0.36,3496.2,12.24,0.39,44.43,-13.77,-13.42,-0.35,3239.02,3144,3048.99,,,,,,,,,,
28-Oct-25,28-Oct-25,SOLARINDS,Non-Hld,13888,15000,13839.8,0.35,16160.2,16.36,0.5,42.76,-53.71,-60.92,7.21,14433.62,13948,13462.38,,,,,,,,,,
28-Oct-25,28-Oct-25,SONACOMS,Non-Hld,485.2,400,313.95,54.55,486.05,0.18,1,71.84,13.39,7.68,5.7,498.06,443.3,388.54,,,,,,,,,,
28-Oct-25,28-Oct-25,SRF,Non-Hld,3030,3200,3038.85,-0.29,3361.15,10.93,0.71,50.77,39.19,43.89,-4.7,3235.2,3021.05,2806.9,,,,,,,,,,
28-Oct-25,28-Oct-25,SUNPHARMA,Non-Hld,1692.8,1700,1683.95,0.53,1716.05,1.37,0.97,60.74,18.16,15.38,2.79,1719.58,1659.22,1598.86,,,,,,,,,,
28-Oct-25,28-Oct-25,SUPREMEIND,Non-Hld,3814.6,4400,3819.75,-0.13,4980.25,30.56,0.45,24.26,-93.15,-65.22,-27.94,4368.75,4161.95,3955.15,,,,,,,,,,
28-Oct-25,28-Oct-25,SUZLON,Non-Hld,56.3,60,56.25,0.09,63.75,13.23,0.33,56.17,-0.72,-1.07,0.35,55.8,54.12,52.45,,,,,,,,,,
28-Oct-25,28-Oct-25,SYNGENE,Non-Hld,659.5,680,657.15,0.36,702.85,6.57,0.75,56.99,3.09,-0.62,3.71,664.89,639.17,613.46,,,,,,,,,,
28-Oct-25,28-Oct-25,TATACONSUM,Non-Hld,1165.8,1280,1150.95,1.29,1409.05,20.87,0.68,62.36,15.06,12.9,2.17,1184.47,1141.65,1098.83,,,,,,,,,,
28-Oct-25,28-Oct-25,TATAELXSI,Non-Hld,5552,6000,5529.95,0.4,6470.05,16.54,0.75,54.83,-4.86,-36.06,31.2,5601.6,5402.92,5204.25,,,,,,,,,,
28-Oct-25,28-Oct-25,TATAPOWER,Non-Hld,399.05,390,381.8,4.52,398.2,-0.21,0.86,57.55,2.53,2.07,0.46,403.05,394.13,385.21,,,,,,,,,,
28-Oct-25,28-Oct-25,TATASTEEL,Non-Hld,181.65,170,158.2,14.82,181.8,0.08,1.24,69.42,2.27,1.81,0.46,179.04,172.85,166.65,,,,,,,,,,
28-Oct-25,28-Oct-25,TATATECH,Non-Hld,697.5,750,695.55,0.28,804.45,15.33,0.5,50.97,-0.77,-0.17,-0.6,721.19,695.35,669.51,,,,,,,,,,
28-Oct-25,28-Oct-25,TCS,Non-Hld,3059.8,3200,3051.95,0.26,3348.05,9.42,0.67,54.93,6.96,-8.34,15.3,3110.28,2986.5,2862.71,,,,,,,,,,
28-Oct-25,28-Oct-25,TECHM,Non-Hld,1446.3,1400,1356.95,6.58,1443.05,-0.22,0.82,48.96,-1.95,-6.23,4.27,1481.37,1434.42,1387.47,,,,,,,,,,
28-Oct-25,28-Oct-25,TIINDIA,Non-Hld,3119,3300,3138.05,-0.61,3461.95,11,0.47,47.06,-5.34,-1.93,-3.41,3212.81,3141.96,3071.11,,,,,,,,,,
28-Oct-25,28-Oct-25,TITAGARH,Non-Hld,894.2,940,902.95,-0.97,977.05,9.27,0.55,51.27,-1.89,-1.18,-0.71,915.43,889.18,862.93,,,,,,,,,,
28-Oct-25,28-Oct-25,TITAN,Non-Hld,3737,3400,3094.55,20.76,3705.45,-0.84,0.69,63.16,64.02,42.46,21.56,3833.88,3573.34,3312.8,,,,,,,,,,
28-Oct-25,28-Oct-25,TMPV,Non-Hld,412.4,470,410.45,0.48,529.55,28.41,0.55,,,,,,,,,,,,,,,,,
28-Oct-25,28-Oct-25,TORNTPHARM,Non-Hld,3575,3500,3439.95,3.93,3560.05,-0.42,1.08,50.96,3.09,-2.94,6.03,3621.25,3560.38,3499.51,,,,,,,,,,
28-Oct-25,28-Oct-25,TORNTPOWER,Non-Hld,1278,1300,1282.7,-0.37,1317.3,3.08,0.61,48.15,13.36,9.35,4.01,1362.63,1271.95,1181.27,,,,,,,,,,
28-Oct-25,28-Oct-25,TRENT,Non-Hld,4733,5500,4715.9,0.36,6284.1,32.77,0.53,40.6,-64.21,-90.28,26.07,4873.09,4740.44,4607.79,,,,,,,,,,
28-Oct-25,28-Oct-25,TVSMOTOR,Non-Hld,3547.9,3700,3549.95,-0.06,3850.05,8.52,0.79,54.82,53.3,55.92,-2.63,3685.73,3539.96,3394.2,,,,,,,,,,
28-Oct-25,28-Oct-25,ULTRACEMCO,Non-Hld,11940,12200,11945.55,-0.05,12454.45,4.31,0.57,39.89,-79.34,-60.06,-19.28,12439.69,12152.9,11866.11,,,,,,,,,,
28-Oct-25,28-Oct-25,UNIONBANK,Non-Hld,147.4,145,142.9,3.15,147.1,-0.2,0.9,66.48,2.28,1.62,0.66,145.37,139.51,133.65,,,,,,,,,,
28-Oct-25,28-Oct-25,UNITDSPR,Non-Hld,1349.8,1400,1349.05,0.06,1450.95,7.49,0.51,53.73,7.22,6.23,0.99,1380.57,1343.67,1306.78,,,,,,,,,,
28-Oct-25,28-Oct-25,UNOMINDA,Non-Hld,1202,1300,1203.45,-0.12,1396.55,16.19,0.58,41.38,-20.84,-13.64,-7.2,1360.45,1252.16,1143.88,,,,,,,,,,
28-Oct-25,28-Oct-25,UPL,Non-Hld,708,690,672.1,5.34,707.9,-0.01,1.01,61.88,-0.12,-2.99,2.86,695.36,675.28,655.21,,,,,,,,,,
28-Oct-25,28-Oct-25,VBL,Non-Hld,455,500,453.4,0.35,546.6,20.13,0.71,47.18,-1.56,-4.27,2.71,467.89,449.68,431.47,,,,,,,,,,
28-Oct-25,28-Oct-25,VEDL,Non-Hld,501.8,460,416.55,20.47,503.45,0.33,1.41,71.69,11.42,9.82,1.6,502.67,478.36,454.06,,,,,,,,,,
28-Oct-25,28-Oct-25,VOLTAS,Non-Hld,1430,1300,1190.8,20.09,1409.2,-1.45,1.14,56.24,15.99,12.38,3.61,1466.38,1400.5,1334.63,,,,,,,,,,
28-Oct-25,28-Oct-25,WIPRO,Non-Hld,242.7,250,242.65,0.02,257.35,6.04,0.57,45.53,-1.06,-0.91,-0.15,251.43,244.04,236.64,,,,,,,,,,
28-Oct-25,28-Oct-25,YESBANK,Non-Hld,22.82,24,22.75,0.31,25.25,10.65,0.55,58.18,0.46,0.57,-0.11,24.09,22.54,21,,,,,,,,,,
28-Oct-25,28-Oct-25,ZYDUSLIFE,Non-Hld,1003,1100,1000.2,0.28,1199.8,19.62,0.76,50.53,-0.16,-2.52,2.36,1012.22,993.25,974.28,,,,,,,,,,
29-Oct-25,25-Nov-25,360ONE,Non-Hld,1129.1,1200,1112.5,1.49,1287.5,14.03,0.62,53.06,28.87,27.24,1.63,1224.25,1116.52,1008.79,,,,,,,,,,
29-Oct-25,25-Nov-25,ABB,Holding,5298,5200,4870.35,8.78,5529.65,4.37,0.97,57.03,0.83,-8.1,8.92,5272.42,5192.76,5113.11,,,,,,,,,,
29-Oct-25,25-Nov-25,ABCAPITAL,Non-Hld,311,310,288.5,7.8,331.5,6.59,0.62,62.71,5.57,4.93,0.64,313.55,302.43,291.31,,,,,,,,,,
29-Oct-25,25-Nov-25,ADANIENSOL,Non-Hld,967.1,1000,926.3,4.4,1073.7,11.02,0.58,64.44,22.11,24.2,-2.1,970.57,930.04,889.52,,,,,,,,,,
29-Oct-25,25-Nov-25,ADANIENT,Non-Hld,2553.5,2500,2339,9.17,2661,4.21,0.8,54.15,11.42,21.26,-9.84,2593.4,2538.92,2484.44,,,,,,,,,,
29-Oct-25,25-Nov-25,ADANIGREEN,Non-Hld,1115.3,1100,1010.45,10.38,1189.55,6.66,0.76,63.89,7.3,8.47,-1.17,1092.12,1047.75,1003.37,,,,,,,,,,
29-Oct-25,25-Nov-25,ADANIPORTS,Non-Hld,1456,1400,1306.1,11.48,1493.9,2.6,0.73,57.64,12.32,15.05,-2.73,1487.55,1431.84,1376.14,,,,,,,,,,
29-Oct-25,25-Nov-25,ALKEM,Non-Hld,5544,5600,5297.9,4.65,5902.1,6.46,0.9,55.27,24.82,35.3,-10.48,5590.75,5501.22,5411.7,,,,,,,,,,
29-Oct-25,25-Nov-25,AMBER,Non-Hld,8310,8400,7756.3,7.14,9043.7,8.83,0.66,53.98,94.06,97.49,-3.43,8478.69,8275.1,8071.51,,,,,,,,,,
29-Oct-25,25-Nov-25,AMBUJACEM,Non-Hld,573,600,563.75,1.64,636.25,11.04,0.86,52.91,-3.18,-3.21,0.04,577.26,566.62,555.97,,,,,,,,,,
29-Oct-25,25-Nov-25,ANGELONE,Non-Hld,2513.6,2500,2311.45,8.75,2688.55,6.96,0.84,63.88,66.42,46.33,20.09,2659.36,2381.38,2103.39,,,,,,,,,,
29-Oct-25,25-Nov-25,APLAPOLLO,Non-Hld,1810,1800,1691.7,6.99,1908.3,5.43,0.51,73.67,23.45,19.98,3.47,1789.54,1743.68,1697.82,,,,,,,,,,
29-Oct-25,25-Nov-25,APOLLOHOSP,Non-Hld,7854.5,8000,7622,3.05,8378,6.66,0.59,55.61,60.55,52.54,8.02,8101.24,7755.15,7409.06,,,,,,,,,,
29-Oct-25,25-Nov-25,ASHOKLEY,Non-Hld,139.8,140,130.8,6.88,149.2,6.72,0.64,55.28,0.69,0.66,0.03,142.45,138.19,133.93,,,,,,,,,,
29-Oct-25,25-Nov-25,ASIANPAINT,Non-Hld,2539.4,2600,2472.75,2.7,2727.25,7.4,0.73,66.46,24.48,4.82,19.67,2578.59,2415.04,2251.5,,,,,,,,,,
29-Oct-25,25-Nov-25,ASTRAL,Non-Hld,1465.7,1460,1372.85,6.76,1547.15,5.56,0.63,61.31,9.48,5.89,3.59,1478.4,1423.3,1368.21,,,,,,,,,,
29-Oct-25,25-Nov-25,AUBANK,Non-Hld,883.2,900,852.15,3.64,947.85,7.32,1.07,78.37,37.53,29.02,8.51,907.69,801.64,695.58,,,,,,,,,,
29-Oct-25,25-Nov-25,AUROPHARMA,Non-Hld,1111.2,1100,1031.3,7.75,1168.7,5.17,0.93,55.35,2.95,4.45,-1.5,1134.13,1101.92,1069.72,,,,,,,,,,
29-Oct-25,25-Nov-25,AXISBANK,Non-Hld,1249,1250,1201.9,3.92,1298.1,3.93,0.65,66.76,31.54,28.53,3.01,1273.08,1202.29,1131.5,,,,,,,,,,
29-Oct-25,25-Nov-25,BAJAJ-AUTO,Non-Hld,9034.5,9200,8697.75,3.87,9702.25,7.39,0.8,53.31,58.93,59.15,-0.22,9298.3,8962.52,8626.75,,,,,,,,,,
29-Oct-25,25-Nov-25,BAJAJFINSV,Non-Hld,2140,2400,2144.3,-0.2,2655.7,24.1,0.7,61.99,36.21,28.74,7.47,2205.46,2075.14,1944.82,,,,,,,,,,
29-Oct-25,25-Nov-25,BAJFINANCE,Non-Hld,1063.8,1100,1035.85,2.7,1164.15,9.43,0.78,60.04,26.61,27.61,-1,1114.13,1044.8,975.47,,,,,,,,,,
29-Oct-25,25-Nov-25,BANDHANBNK,Non-Hld,172.4,170,155.75,10.69,184.25,6.87,0.8,58.15,2.12,0.96,1.16,174.66,166.27,157.87,,,,,,,,,,
29-Oct-25,25-Nov-25,BANKBARODA,Non-Hld,274.2,275,257.65,6.42,292.35,6.62,0.7,64.88,6.02,5.85,0.17,276.18,266.73,257.28,,,,,,,,,,
29-Oct-25,25-Nov-25,BANKINDIA,Non-Hld,140.74,140,131.2,7.27,148.8,5.73,0.73,74.7,5.05,3.73,1.32,140.51,129.02,117.52,,,,,,,,,,
29-Oct-25,25-Nov-25,BDL,Non-Hld,1530,1600,1478.15,3.51,1721.85,12.54,0.74,48.94,-3.57,-5.15,1.58,1566.44,1524.88,1483.32,,,,,,,,,,
29-Oct-25,25-Nov-25,BEL,Holding,407.6,420,392.45,3.86,447.55,9.8,0.7,49.18,4.36,5.25,-0.89,421.62,411.42,401.22,,,,,,,,,,
29-Oct-25,25-Nov-25,BHARATFORG,Non-Hld,1323.1,1300,1209.2,9.42,1390.8,5.12,0.7,67.69,25.35,17.19,8.16,1319.61,1245.96,1172.31,,,,,,,,,,
29-Oct-25,25-Nov-25,BHARTIARTL,Non-Hld,2100,2100,2007.55,4.61,2192.45,4.4,0.81,73.86,42.71,29.51,13.21,2115.33,1977.63,1839.94,,,,,,,,,,
29-Oct-25,25-Nov-25,BHEL,Non-Hld,246.13,240,221.55,11.09,258.45,5.01,0.75,63.71,1.35,1.23,0.12,246.61,237.74,228.87,,,,,,,,,,
29-Oct-25,25-Nov-25,BIOCON,Non-Hld,373.6,370,347.85,7.4,392.15,4.97,0.64,64.84,2.82,0.77,2.06,371.52,355.72,339.91,,,,,,,,,,
29-Oct-25,25-Nov-25,BLUESTARCO,Non-Hld,1965,2000,1865.55,5.33,2134.45,8.62,0.54,55.17,18.83,16.21,2.62,2010.67,1932.01,1853.35,,,,,,,,,,
29-Oct-25,25-Nov-25,BOSCHLTD,Non-Hld,37420,40000,37073.9,0.93,42926.1,14.71,0.45,35.33,-203.67,-166.75,-36.93,39373,38557,37741,,,,,,,,,,
29-Oct-25,25-Nov-25,BPCL,Non-Hld,348.55,350,329.15,5.89,370.85,6.4,0.74,62.84,3.23,3.14,0.09,348.15,339.22,330.3,,,,,,,,,,
29-Oct-25,25-Nov-25,BRITANNIA,Non-Hld,5850,6000,5688,2.85,6312,7.9,0.61,42.09,-0.7,12.19,-12.89,6132.74,5947.58,5762.41,,,,,,,,,,
29-Oct-25,25-Nov-25,BSE,Holding,2449,2500,2281.5,7.34,2718.5,11,0.73,58.36,65.71,61.49,4.22,2671.98,2366.02,2060.07,,,,,,,,,,
29-Oct-25,25-Nov-25,CAMS,Holding,3856.9,4000,3739.9,3.13,4260.1,10.45,0.65,49.16,11.64,-0.8,12.44,3950.89,3841.4,3731.91,,,,,,,,,,
29-Oct-25,25-Nov-25,CANBK,Non-Hld,128.95,130,120.75,6.79,139.25,7.99,0.68,61.47,2.81,3.11,-0.3,130.05,126.82,123.6,,,,,,,,,,
29-Oct-25,25-Nov-25,CDSL,Holding,1616,1600,1487.7,8.62,1712.3,5.96,0.74,57.99,22.17,18.9,3.27,1683.8,1578.75,1473.7,,,,,,,,,,
29-Oct-25,25-Nov-25,CGPOWER,Holding,753.4,730,676.6,11.35,783.4,3.98,0.87,52.74,-2.93,-0.29,-2.64,766.07,744.2,722.34,,,,,,,,,,
29-Oct-25,25-Nov-25,CHOLAFIN,Non-Hld,1710.3,1700,1589.5,7.6,1810.5,5.86,0.68,62.94,39.81,36.35,3.46,1747.44,1656.86,1566.28,,,,,,,,,,
29-Oct-25,25-Nov-25,CIPLA,Non-Hld,1580,1600,1510.95,4.57,1689.05,6.9,0.55,52.89,15.2,13.76,1.44,1655.13,1560.84,1466.56,,,,,,,,,,
29-Oct-25,25-Nov-25,COALINDIA,Holding,382.95,400,378.85,1.08,421.15,9.98,0.75,41.49,0.85,0.76,0.1,396.24,387,377.76,,,,,,,,,,
29-Oct-25,25-Nov-25,COFORGE,Non-Hld,1805,1800,1689.65,6.83,1910.35,5.84,0.51,60.36,27.89,16.51,11.39,1849.09,1721.48,1593.87,,,,,,,,,,
29-Oct-25,25-Nov-25,COLPAL,Non-Hld,2272,2300,2192.15,3.64,2407.85,5.98,0.75,51.11,-10.87,-15.36,4.49,2290.79,2237.76,2184.73,,,,,,,,,,
29-Oct-25,25-Nov-25,CONCOR,Non-Hld,555.3,540,505.55,9.84,574.45,3.45,0.96,63.8,0.33,-2.36,2.68,547.07,534.25,521.43,,,,,,,,,,
29-Oct-25,25-Nov-25,CROMPTON,Non-Hld,290.75,300,279.4,4.06,320.6,10.27,0.71,44.07,-4.03,-5.81,1.77,295.73,288.84,281.96,,,,,,,,,,
29-Oct-25,25-Nov-25,CUMMINSIND,Non-Hld,4358.6,4200,3881.9,12.28,4518.1,3.66,0.88,76.68,85.94,45.69,40.26,4303.22,4022.44,3741.66,,,,,,,,,,
29-Oct-25,25-Nov-25,CYIENT,Non-Hld,1189,1200,1128.3,5.38,1271.7,6.96,0.7,52.96,4.11,-1.68,5.8,1209.61,1163,1116.38,,,,,,,,,,
29-Oct-25,25-Nov-25,DABUR,Non-Hld,508.5,500,474.8,7.1,525.2,3.28,0.59,52.17,-1.47,-3.99,2.52,515.52,497.5,479.48,,,,,,,,,,
29-Oct-25,25-Nov-25,DALBHARAT,Non-Hld,2131.5,2200,2082.8,2.34,2317.2,8.71,0.54,33.03,-49.03,-42.16,-6.87,2296.44,2196.71,2096.97,,,,,,,,,,
29-Oct-25,25-Nov-25,DELHIVERY,Non-Hld,485,500,463.7,4.59,536.3,10.58,0.72,59.87,4.2,2.31,1.9,490.38,464.76,439.13,,,,,,,,,,
29-Oct-25,25-Nov-25,DIVISLAB,Non-Hld,6508.5,6500,6104.65,6.62,6895.35,5.94,0.48,60.78,126.06,122.9,3.15,6975.65,6331.28,5686.9,,,,,,,,,,
29-Oct-25,25-Nov-25,DIXON,Non-Hld,15539,16000,14963.65,3.84,17036.35,9.64,0.56,32.61,-489,-349.56,-139.44,17731.98,16443.9,15155.82,,,,,,,,,,
29-Oct-25,25-Nov-25,DLF,Non-Hld,782.6,800,751.4,4.15,848.6,8.43,0.94,61.8,7.4,3.33,4.07,794.93,751.59,708.25,,,,,,,,,,
29-Oct-25,25-Nov-25,DMART,Non-Hld,4229,4300,4094.25,3.29,4505.75,6.54,0.55,36.87,-76.28,-78.36,2.08,4443.2,4294.7,4146.21,,,,,,,,,,
29-Oct-25,25-Nov-25,DRREDDY,Non-Hld,1258.4,1300,1227.15,2.55,1372.85,9.09,0.71,45.01,1.95,-0.59,2.54,1297.6,1257.26,1216.91,,,,,,,,,,
29-Oct-25,25-Nov-25,EICHERMOT,Non-Hld,6978.5,7000,6654.55,4.87,7345.45,5.26,0.91,55.06,59.37,84.04,-24.67,7060.77,6945.55,6830.33,,,,,,,,,,
29-Oct-25,25-Nov-25,ETERNAL,Non-Hld,330.65,330,310.65,6.44,349.35,5.66,0.65,45.89,0.85,3.07,-2.22,354.91,338.11,321.32,,,,,,,,,,
29-Oct-25,25-Nov-25,EXIDEIND,Non-Hld,385.85,400,372.95,3.46,427.05,10.68,1.07,39.62,-4.49,-2.98,-1.51,407.52,394.43,381.34,,,,,,,,,,
29-Oct-25,25-Nov-25,FEDERALBNK,Non-Hld,234.61,230,217.85,7.69,242.15,3.21,0.95,81.43,9.75,7.49,2.26,242.83,213.82,184.8,,,,,,,,,,
29-Oct-25,25-Nov-25,FORTIS,Non-Hld,1054.55,1000,915.8,15.15,1084.2,2.81,0.59,55.85,22.54,29.47,-6.94,1128.85,1055.35,981.85,,,,,,,,,,
29-Oct-25,25-Nov-25,GAIL,Non-Hld,185,180,167.95,10.15,192.05,3.81,0.78,61.83,1.02,0.57,0.45,182.87,178.55,174.22,,,,,,,,,,
29-Oct-25,25-Nov-25,GLENMARK,Non-Hld,1846.6,1900,1774.2,4.08,2025.8,9.7,0.86,34.75,-46.21,-41.63,-4.58,2002.99,1894.84,1786.68,,,,,,,,,,
29-Oct-25,25-Nov-25,GMRAIRPORT,Non-Hld,93.5,95,89.05,5,100.95,7.97,0.42,61.28,0.99,0.7,0.29,93.99,90.45,86.9,,,,,,,,,,
29-Oct-25,25-Nov-25,GODREJCP,Non-Hld,1108,1120,1055.5,4.97,1184.5,6.9,0.69,31.52,-20.71,-22.79,2.07,1163.33,1130.46,1097.6,,,,,,,,,,
29-Oct-25,25-Nov-25,GODREJPROP,Non-Hld,2319.8,2300,2136.05,8.6,2463.95,6.21,0.64,69.22,72.54,55.16,17.38,2393.37,2156.52,1919.66,,,,,,,,,,
29-Oct-25,25-Nov-25,GRASIM,Non-Hld,2958,3000,2852.5,3.7,3147.5,6.41,0.64,69.21,31.8,17.55,14.25,2941.15,2834.29,2727.44,,,,,,,,,,
29-Oct-25,25-Nov-25,HAL,Non-Hld,4700,5000,4623.6,1.65,5376.4,14.39,0.69,42.01,11.3,34,-22.7,4915.02,4808.38,4701.74,,,,,,,,,,
29-Oct-25,25-Nov-25,HAVELLS,Non-Hld,1512,1500,1432.55,5.55,1567.45,3.67,0.75,51.85,-10.82,-15.22,4.4,1515.97,1487.88,1459.79,,,,,,,,,,
29-Oct-25,25-Nov-25,HCLTECH,Non-Hld,1556.5,1560,1488.4,4.58,1631.6,4.82,0.86,70.27,25.42,16.72,8.7,1577.55,1472.26,1366.96,,,,,,,,,,
29-Oct-25,25-Nov-25,HDFCAMC,Non-Hld,5402,5400,5122.2,5.46,5677.8,5.11,0.64,38.24,-28.78,-10.79,-17.99,5808.8,5604.98,5401.15,,,,,,,,,,
29-Oct-25,25-Nov-25,HDFCBANK,Non-Hld,1008.5,1000,962.2,4.81,1037.8,2.91,0.88,66.17,10,7.9,2.1,1019.46,986.59,953.73,,,,,,,,,,
29-Oct-25,25-Nov-25,HDFCLIFE,Non-Hld,760.45,750,719.35,5.71,780.65,2.66,0.69,54.46,-5.2,-6.42,1.22,767.01,749.87,732.73,,,,,,,,,,
29-Oct-25,25-Nov-25,HEROMOTOCO,Non-Hld,5550,5600,5286.05,4.99,5913.95,6.56,0.68,54.56,74.91,90.59,-15.68,5674.17,5562.02,5449.88,,,,,,,,,,
29-Oct-25,25-Nov-25,HFCL,Non-Hld,77.36,75,67.7,14.27,82.3,6.39,0.5,54.9,0.72,0.69,0.04,78.6,75.67,72.74,,,,,,,,,,
29-Oct-25,25-Nov-25,HINDALCO,Non-Hld,857.85,850,797.3,7.59,902.7,5.23,0.99,81.91,24.46,16.98,7.48,845.87,787.53,729.2,,,,,,,,,,
29-Oct-25,25-Nov-25,HINDPETRO,Non-Hld,470.9,450,412.8,14.07,487.2,3.46,0.71,66.76,9.18,9.86,-0.67,465.72,450.4,435.07,,,,,,,,,,
29-Oct-25,25-Nov-25,HINDUNILVR,Non-Hld,2490,2600,2465.9,0.98,2734.1,9.8,0.54,40.02,-9.65,-5.47,-4.18,2607.09,2534.07,2461.06,,,,,,,,,,
29-Oct-25,25-Nov-25,HINDZINC,Non-Hld,485,550,482.75,0.47,617.25,27.27,0.4,51.4,4.77,9.06,-4.28,515,492.26,469.53,,,,,,,,,,
29-Oct-25,25-Nov-25,HUDCO,Non-Hld,235.9,240,222.15,6.19,257.85,9.3,0.71,60.48,1.51,1.63,-0.11,235.27,228.91,222.55,,,,,,,,,,
29-Oct-25,25-Nov-25,ICICIBANK,Non-Hld,1371.6,1400,1350.7,1.55,1449.3,5.66,0.62,44.84,-5.34,-4.17,-1.17,1418.12,1379.6,1341.07,,,,,,,,,,
29-Oct-25,25-Nov-25,ICICIGI,Non-Hld,2035,2000,1907.35,6.69,2092.65,2.83,0.76,65.91,35.01,26.12,8.89,2071.77,1940.65,1809.53,,,,,,,,,,
29-Oct-25,25-Nov-25,ICICIPRULI,Non-Hld,601.7,600,570.6,5.45,629.4,4.6,0.71,51.57,-0.35,-1.71,1.36,607.03,597.33,587.63,,,,,,,,,,
29-Oct-25,25-Nov-25,IDEA,Non-Hld,9.38,10,8.6,9.07,11.4,21.54,0.48,58.71,0.4,0.38,0.02,9.86,8.97,8.09,,,,,,,,,,
29-Oct-25,25-Nov-25,IDFCFIRSTB,Non-Hld,79.29,80,75.65,4.81,84.35,6.38,0.63,71.48,2.08,1.44,0.64,80.8,74.07,67.34,,,,,,,,,,
29-Oct-25,25-Nov-25,IEX,Holding,148.75,150,136,9.38,164,10.25,0.58,64.95,0.91,-0.61,1.52,149.5,140.87,132.24,,,,,,,,,,
29-Oct-25,25-Nov-25,IGL,Non-Hld,213,210,195.3,9.06,224.7,5.49,0.78,51.2,0.18,0.33,-0.15,219.9,212.27,204.63,,,,,,,,,,
29-Oct-25,25-Nov-25,IIFL,Non-Hld,524,560,509.1,2.93,610.9,16.58,0.39,70.33,14.53,12.56,1.97,527.03,489.24,451.45,,,,,,,,,,
29-Oct-25,25-Nov-25,INDHOTEL,Non-Hld,749.2,800,743.15,0.81,856.85,14.37,1.01,53.28,-1.78,-4.72,2.94,749.98,733.33,716.69,,,,,,,,,,
29-Oct-25,25-Nov-25,INDIANB,Non-Hld,856.8,850,796.5,7.57,903.5,5.45,0.72,80.38,34.56,29.76,4.8,854.9,787.97,721.04,,,,,,,,,,
29-Oct-25,25-Nov-25,INDIGO,Holding,5822,6000,5654.45,2.96,6345.55,8.99,1,52.68,28.18,24.85,3.34,5961.37,5765.92,5570.48,,,,,,,,,,
29-Oct-25,25-Nov-25,INDUSINDBK,Non-Hld,806.1,800,752.3,7.15,847.7,5.16,0.79,69.62,9.2,2.6,6.6,792.55,755.94,719.33,,,,,,,,,,
29-Oct-25,25-Nov-25,INDUSTOWER,Non-Hld,381.4,380,357.45,6.7,402.55,5.55,0.65,67.44,5.98,2.22,3.77,379.52,355.82,332.12,,,,,,,,,,
29-Oct-25,25-Nov-25,INFY,Non-Hld,1511.5,1500,1428.4,5.82,1571.6,3.98,0.69,59.91,9.24,2.26,6.98,1525.41,1464.06,1402.71,,,,,,,,,,
29-Oct-25,25-Nov-25,INOXWIND,Non-Hld,156.4,160,147.4,6.11,172.6,10.36,0.57,66.52,2.23,1.13,1.1,157.32,147.21,137.1,,,,,,,,,,
29-Oct-25,25-Nov-25,IOC,Non-Hld,163,160,151.1,7.88,168.9,3.62,0.95,72.22,2.47,2.2,0.27,159.33,153.58,147.83,,,,,,,,,,
29-Oct-25,25-Nov-25,IRCTC,Holding,730.9,720,683.7,6.9,756.3,3.48,0.71,60.01,1.92,-0.06,1.98,729.52,714.36,699.2,,,,,,,,,,
29-Oct-25,25-Nov-25,IREDA,Non-Hld,156.43,160,149.1,4.92,170.9,9.25,0.55,57.48,0.83,0.72,0.11,156.26,152.25,148.24,,,,,,,,,,
29-Oct-25,25-Nov-25,IRFC,Non-Hld,125.29,130,122.3,2.44,137.7,9.91,0.62,53.52,-0.23,-0.3,0.07,125.78,123.99,122.21,,,,,,,,,,
29-Oct-25,25-Nov-25,ITC,Non-Hld,421.85,420,405.9,3.93,434.1,2.9,0.68,66.35,3.49,1.35,2.15,423.19,407.32,391.46,,,,,,,,,,
29-Oct-25,25-Nov-25,JINDALSTEL,Non-Hld,1073,1100,1038.4,3.33,1161.6,8.26,1.1,62.08,4.06,-0.97,5.02,1083.99,1030.8,977.62,,,,,,,,,,
29-Oct-25,25-Nov-25,JIOFIN,Non-Hld,310.25,350,311.95,-0.54,388.05,25.08,0.7,51.71,-0.28,-0.62,0.34,315.98,307,298.03,,,,,,,,,,
29-Oct-25,25-Nov-25,JSWENERGY,Non-Hld,536.9,600,534.95,0.36,665.05,23.87,0.43,50.06,0.51,1.89,-1.37,551.46,537.9,524.35,,,,,,,,,,
29-Oct-25,25-Nov-25,JSWSTEEL,Non-Hld,1212.6,1150,1066.35,13.72,1233.65,1.74,0.7,68.13,14.92,14.04,0.88,1191.82,1159.04,1126.26,,,,,,,,,,
29-Oct-25,25-Nov-25,JUBLFOOD,Non-Hld,613,600,561.3,9.21,638.7,4.19,0.94,53.55,-6.74,-9.37,2.64,627.34,602.06,576.79,,,,,,,,,,
29-Oct-25,25-Nov-25,KALYANKJIL,Non-Hld,512.1,500,458.35,11.73,541.65,5.77,0.63,62.1,2.55,-2.14,4.68,514.05,486.66,459.27,,,,,,,,,,
29-Oct-25,25-Nov-25,KAYNES,Non-Hld,6850,7000,6418.3,6.73,7581.7,10.68,0.58,49.13,-50.7,-12.37,-38.32,7478.81,7013.7,6548.59,,,,,,,,,,
29-Oct-25,25-Nov-25,KEI,Non-Hld,4085,4300,4242.6,-3.71,4357.4,6.67,0.43,46.25,-0.84,24.47,-25.3,4385,4169.07,3953.13,,,,,,,,,,
29-Oct-25,25-Nov-25,KFINTECH,Holding,1130,1200,1085.9,4.06,1314.1,16.29,0.45,53.28,17.04,10.9,6.13,1189.26,1105.49,1021.71,,,,,,,,,,
29-Oct-25,25-Nov-25,KOTAKBANK,Non-Hld,2151,2200,2112.8,1.81,2287.2,6.33,0.59,54.7,35.44,41.7,-6.26,2255.32,2149.5,2043.67,,,,,,,,,,
29-Oct-25,25-Nov-25,KPITTECH,Non-Hld,1192.8,1200,1108.7,7.59,1291.3,8.26,0.94,52.73,-6.78,-14.04,7.27,1204.35,1161.37,1118.38,,,,,,,,,,
29-Oct-25,25-Nov-25,LAURUSLABS,Non-Hld,959.95,900,817.4,17.44,982.6,2.36,0.74,72.11,19.87,11.23,8.63,964.81,893.38,821.95,,,,,,,,,,
29-Oct-25,25-Nov-25,LICHSGFIN,Non-Hld,593.9,600,567.8,4.6,632.2,6.45,0.78,66.67,3.99,1.62,2.37,590.13,573.53,556.93,,,,,,,,,,
29-Oct-25,25-Nov-25,LICI,Non-Hld,911.5,900,848.45,7.43,951.55,4.39,0.66,58.36,2.15,1.66,0.49,911.76,898.68,885.61,,,,,,,,,,
29-Oct-25,25-Nov-25,LODHA,Non-Hld,1183,1200,1118.65,5.75,1281.35,8.31,0.76,52.04,-0.66,-4.89,4.23,1207.12,1157.79,1108.46,,,,,,,,,,
29-Oct-25,25-Nov-25,LT,Non-Hld,3957.3,4000,3793.4,4.32,4206.6,6.3,0.61,72.1,75.84,64.05,11.79,3999.38,3814.75,3630.12,,,,,,,,,,
29-Oct-25,25-Nov-25,LTF,Non-Hld,267.98,270,254.35,5.36,285.65,6.59,0.85,64.71,7.14,8.1,-0.96,274.68,263.53,252.39,,,,,,,,,,
29-Oct-25,25-Nov-25,LTIM,Non-Hld,5667,5700,5392.05,5.1,6007.95,6.02,0.64,66.31,103.23,89.82,13.41,5807.25,5444.31,5081.37,,,,,,,,,,
29-Oct-25,25-Nov-25,LUPIN,Non-Hld,1956.2,1960,1849.3,5.78,2070.7,5.85,1,51.74,-7.76,-7.56,-0.2,1982.17,1942.34,1902.51,,,,,,,,,,
29-Oct-25,25-Nov-25,M&M,Non-Hld,3539.5,3600,3394.05,4.29,3805.95,7.53,0.72,50.34,32.4,30.96,1.44,3673.35,3523.02,3372.7,,,,,,,,,,
29-Oct-25,25-Nov-25,MANAPPURAM,Non-Hld,277.4,280,261.2,6.2,298.8,7.71,0.75,41.2,-1.56,0.1,-1.66,295.38,285.1,274.82,,,,,,,,,,
29-Oct-25,25-Nov-25,MANKIND,Non-Hld,2445.1,2500,2348,4.14,2652,8.46,0.74,44.92,-23.88,-23.96,0.07,2484.43,2448.19,2411.94,,,,,,,,,,
29-Oct-25,25-Nov-25,MARICO,Non-Hld,721.5,730,695.2,3.78,764.8,6,0.85,52.4,2.09,1.31,0.78,734.85,716.98,699.11,,,,,,,,,,
29-Oct-25,25-Nov-25,MARUTI,Non-Hld,16140,16500,15721.05,2.66,17278.95,7.06,0.86,54.47,224.91,292.89,-67.98,16553.35,16199.35,15845.35,,,,,,,,,,
29-Oct-25,25-Nov-25,MAXHEALTH,Non-Hld,1190.4,1200,1128.35,5.5,1271.65,6.83,0.62,55,9.08,5.14,3.94,1233.3,1161.35,1089.4,,,,,,,,,,
29-Oct-25,25-Nov-25,MAZDOCK,Non-Hld,2780.3,3000,2727.5,1.94,3272.5,17.7,0.44,42.41,-13.54,-5.11,-8.43,2903.67,2830.26,2756.85,,,,,,,,,,
29-Oct-25,25-Nov-25,MCX,Holding,9175,9000,8191.8,12,9808.2,6.9,0.7,61.49,313.2,324.6,-11.4,9903.58,8835.05,7766.52,,,,,,,,,,
29-Oct-25,25-Nov-25,MFSL,Non-Hld,1519.6,1500,1401.95,8.39,1598.05,5.16,0.9,38.89,-17.06,-10.44,-6.62,1639.34,1567.46,1495.57,,,,,,,,,,
29-Oct-25,25-Nov-25,MOTHERSON,Holding,108,115,104.55,3.3,125.45,16.16,0.45,57.94,0.92,0.86,0.06,108.5,105.5,102.51,,,,,,,,,,
29-Oct-25,25-Nov-25,MPHASIS,Non-Hld,2871,2900,2689.95,6.73,3110.05,8.33,0.86,57.28,9.85,-5.6,15.45,2891.25,2776.9,2662.56,,,,,,,,,,
29-Oct-25,25-Nov-25,MUTHOOTFIN,Non-Hld,3184.8,3200,2971.9,7.16,3428.1,7.64,0.5,54.33,52.27,77.06,-24.79,3339.53,3213.89,3088.25,,,,,,,,,,
29-Oct-25,25-Nov-25,NATIONALUM,Non-Hld,238.35,240,223.05,6.86,256.95,7.8,0.71,72.6,7.3,6.61,0.69,240.13,225.99,211.84,,,,,,,,,,
29-Oct-25,25-Nov-25,NAUKRI,Non-Hld,1390.2,1400,1303.3,6.67,1496.7,7.66,0.71,57.51,3.82,-3.05,6.87,1401.53,1349.27,1297.01,,,,,,,,,,
29-Oct-25,25-Nov-25,NBCC,Non-Hld,116,115,106.25,9.18,123.75,6.68,0.62,59.74,1.01,1.07,-0.06,115.25,111.81,108.36,,,,,,,,,,
29-Oct-25,25-Nov-25,NCC,Non-Hld,214.07,220,204.75,4.55,235.25,9.89,0.69,55.64,0.24,-0.44,0.67,214.14,209.59,205.04,,,,,,,,,,
29-Oct-25,25-Nov-25,NESTLEIND,Non-Hld,1275,1300,1246.4,2.29,1353.6,6.16,0.47,64.33,26.79,22.15,4.64,1327.4,1226.06,1124.71,,,,,,,,,,
29-Oct-25,25-Nov-25,NHPC,Non-Hld,87,90,84.25,3.26,95.75,10.06,0.55,56.36,0.25,0.47,-0.22,87.72,86.22,84.72,,,,,,,,,,
29-Oct-25,25-Nov-25,NMDC,Non-Hld,76.65,80,74.9,2.34,85.1,11.02,0.6,56.32,0,0.2,-0.2,78.26,75.98,73.71,,,,,,,,,,
29-Oct-25,25-Nov-25,NTPC,Non-Hld,349,350,333.95,4.51,366.05,4.89,0.69,61.55,1.73,1.51,0.22,345.8,340.19,334.59,,,,,,,,,,
29-Oct-25,25-Nov-25,NUVAMA,Non-Hld,7400,7500,6882.65,7.52,8117.35,9.69,0.67,64.4,198.47,173.35,25.12,7636.08,7075.15,6514.22,,,,,,,,,,
29-Oct-25,25-Nov-25,NYKAA,Non-Hld,259,260,242.85,6.65,277.15,7.01,1.12,57.57,4.19,5.31,-1.12,272.29,255.5,238.7,,,,,,,,,,
29-Oct-25,25-Nov-25,OBEROIRLTY,Non-Hld,1720,1740,1648.15,4.36,1831.85,6.5,0.63,60.59,23.99,13.07,10.92,1754.28,1643.17,1532.07,,,,,,,,,,
29-Oct-25,25-Nov-25,OFSS,Non-Hld,8660,9000,8368.95,3.48,9631.05,11.21,0.54,45.66,-67.19,-27.14,-40.05,9405.96,8848.48,8290.99,,,,,,,,,,
29-Oct-25,25-Nov-25,OIL,Non-Hld,420.35,420,393.35,6.86,446.65,6.26,0.69,55.33,2.05,1.95,0.1,425.5,416.01,406.51,,,,,,,,,,
29-Oct-25,25-Nov-25,ONGC,Non-Hld,257.09,260,247.05,4.06,272.95,6.17,0.73,68.01,3.88,3.31,0.56,255.8,247.25,238.7,,,,,,,,,,
29-Oct-25,25-Nov-25,PAGEIND,Non-Hld,41370,44000,40780.65,1.45,47219.35,14.14,0.62,44.39,-559.76,-677,117.25,42562.95,41388.25,40213.55,,,,,,,,,,
29-Oct-25,25-Nov-25,PATANJALI,Non-Hld,605.3,600,562.5,7.61,637.5,5.32,0.46,58.3,-0.56,-1.98,1.41,603.66,590.24,576.83,,,,,,,,,,
29-Oct-25,25-Nov-25,PAYTM,Non-Hld,1309,1300,1194,9.63,1406,7.41,0.76,65.95,30.5,26.12,4.38,1358.64,1252.55,1146.47,,,,,,,,,,
29-Oct-25,25-Nov-25,PERSISTENT,Non-Hld,5897.2,6000,5651,4.36,6349,7.66,0.73,67.23,167.41,128.93,38.48,6187.65,5508.3,4828.95,,,,,,,,,,
29-Oct-25,25-Nov-25,PETRONET,Non-Hld,283.95,310,283.8,0.05,336.2,18.4,1.28,56.8,0.62,0.41,0.22,285.82,279.98,274.14,,,,,,,,,,
29-Oct-25,25-Nov-25,PFC,Holding,410.5,400,374.5,9.61,425.5,3.65,0.98,57.02,-1.22,-1.23,0.01,413.56,402.28,390.99,,,,,,,,,,
29-Oct-25,25-Nov-25,PGEL,Non-Hld,573.95,600,541.8,5.93,658.2,14.68,0.48,54.1,4.61,2.27,2.33,615.51,556.58,497.64,,,,,,,,,,
29-Oct-25,25-Nov-25,PHOENIXLTD,Non-Hld,1714,1700,1581.5,8.38,1818.5,6.1,0.59,65.88,35.05,30.15,4.91,1742.28,1639.03,1535.78,,,,,,,,,,
29-Oct-25,25-Nov-25,PIDILITIND,Non-Hld,1507,1600,1589.85,-5.21,1610.15,6.84,0.63,49.2,-0.81,-0.84,0.03,1542.14,1503.25,1464.36,,,,,,,,,,
29-Oct-25,25-Nov-25,PIIND,Non-Hld,3600.1,3600,3398.4,5.94,3801.6,5.6,0.66,50.81,-21.38,-36.6,15.22,3634.03,3564.39,3494.75,,,,,,,,,,
29-Oct-25,25-Nov-25,PNB,Non-Hld,121.12,120,112.9,7.28,127.1,4.94,0.7,66.81,2.56,2.26,0.3,121.26,116.22,111.18,,,,,,,,,,
29-Oct-25,25-Nov-25,PNBHOUSING,Non-Hld,942,1000,921.25,2.25,1078.75,14.52,0.82,70.35,17.52,9.78,7.75,937.53,879.38,821.23,,,,,,,,,,
29-Oct-25,25-Nov-25,POLICYBZR,Non-Hld,1724,1800,1659.15,3.91,1940.85,12.58,0.55,49.81,-13.36,-23.48,10.12,1788.09,1706.82,1625.56,,,,,,,,,,
29-Oct-25,25-Nov-25,POLYCAB,Non-Hld,7729.5,7700,7292.05,6,8107.95,4.9,0.66,58.62,68.36,77.59,-9.23,7809.97,7569.08,7328.18,,,,,,,,,,
29-Oct-25,25-Nov-25,POWERGRID,Holding,295.25,290,275.5,7.17,304.5,3.13,0.79,60.57,1.41,0.99,0.42,294.9,288.14,281.39,,,,,,,,,,
29-Oct-25,25-Nov-25,POWERINDIA,Non-Hld,17506,17500,16030.55,9.2,18969.45,8.36,0.47,44.23,-493.8,-504.4,10.6,18403.38,17549.8,16696.22,,,,,,,,,,
29-Oct-25,25-Nov-25,PPLPHARMA,Non-Hld,204,210,193.85,5.24,226.15,10.86,0.49,58.83,1.47,0.49,0.98,205.59,197.57,189.54,,,,,,,,,,
29-Oct-25,25-Nov-25,PRESTIGE,Non-Hld,1758,1800,1679.1,4.7,1920.9,9.27,0.45,66.99,49.57,35.41,14.15,1829.79,1644.4,1459.01,,,,,,,,,,
29-Oct-25,25-Nov-25,RBLBANK,Non-Hld,323.55,300,271.6,19.13,328.4,1.5,0.71,70.51,13.74,11.72,2.02,337.25,299.27,261.29,,,,,,,,,,
29-Oct-25,25-Nov-25,RECLTD,Non-Hld,388,370,343,13.12,397,2.32,0.85,63.49,0.95,-0.12,1.07,379.62,371.11,362.59,,,,,,,,,,
29-Oct-25,25-Nov-25,RELIANCE,Non-Hld,1504,1500,1444.3,4.13,1555.7,3.44,0.9,75.68,26.81,15.13,11.68,1506.45,1411.52,1316.58,,,,,,,,,,
29-Oct-25,25-Nov-25,RVNL,Non-Hld,332.8,330,306.3,8.65,353.7,6.28,0.72,44.95,-3.63,-2.77,-0.86,352.71,337.79,322.87,,,,,,,,,,
29-Oct-25,25-Nov-25,SAIL,Non-Hld,140.29,140,129.35,8.46,150.65,7.38,0.8,67.22,0.59,0.19,0.4,137.97,132.15,126.34,,,,,,,,,,
29-Oct-25,25-Nov-25,SAMMAANCAP,Non-Hld,184.3,190,174.85,5.4,205.15,11.31,0.94,73.14,10.89,9.64,1.25,189.16,169.82,150.47,,,,,,,,,,
29-Oct-25,25-Nov-25,SBICARD,Non-Hld,911,1000,888.95,2.48,1111.05,21.96,0.44,53.46,11.99,16.57,-4.59,950.43,914.76,879.08,,,,,,,,,,
29-Oct-25,25-Nov-25,SBILIFE,Non-Hld,1973.1,1900,1794.6,9.95,2005.4,1.64,1.14,77.45,27.73,12.08,15.65,1934.91,1833.02,1731.12,,,,,,,,,,
29-Oct-25,25-Nov-25,SBIN,Non-Hld,939,950,903.75,3.9,996.25,6.1,0.87,78.36,21.12,17.33,3.79,936.33,889.49,842.65,,,,,,,,,,
29-Oct-25,25-Nov-25,SHREECEM,Non-Hld,29005,30000,28467.15,1.89,31532.85,8.72,0.55,47.89,-234.61,-190.67,-43.94,30072.36,29277,28481.64,,,,,,,,,,
29-Oct-25,25-Nov-25,SHRIRAMFIN,Non-Hld,739,750,689.6,7.16,810.4,9.66,0.81,82.57,25.1,20.15,4.95,738.53,680.88,623.24,,,,,,,,,,
29-Oct-25,25-Nov-25,SIEMENS,Holding,3162,3150,2968.8,6.51,3331.2,5.35,0.59,49.79,-11.74,-13.08,1.35,3239.52,3146.18,3052.84,,,,,,,,,,
29-Oct-25,25-Nov-25,SOLARINDS,Non-Hld,13970,14000,13088.5,6.73,14911.5,6.74,0.81,46.61,-53.6,-59.46,5.85,14417.81,13968.75,13519.69,,,,,,,,,,
29-Oct-25,25-Nov-25,SONACOMS,Non-Hld,483.7,500,463.6,4.34,536.4,10.9,0.53,70.76,13.94,8.94,5,501.67,447.19,392.71,,,,,,,,,,
29-Oct-25,25-Nov-25,SRF,Non-Hld,3013,3000,2828.8,6.51,3171.2,5.25,0.69,50.78,33.5,41.81,-8.31,3220.67,3032.54,2844.41,,,,,,,,,,
29-Oct-25,25-Nov-25,SUNPHARMA,Non-Hld,1710,1700,1620.1,5.55,1779.9,4.09,0.72,67.74,19.89,16.28,3.61,1721.65,1665.55,1609.45,,,,,,,,,,
29-Oct-25,25-Nov-25,SUPREMEIND,Non-Hld,3847,4000,3727.5,3.21,4272.5,11.06,0.53,27.69,-105.98,-73.37,-32.61,4389.08,4143.49,3897.9,,,,,,,,,,
29-Oct-25,25-Nov-25,SUZLON,Non-Hld,58.25,60,55.4,5.14,64.6,10.9,0.65,64.18,-0.36,-0.93,0.57,56.67,54.27,51.87,,,,,,,,,,
29-Oct-25,25-Nov-25,SYNGENE,Non-Hld,658.8,660,616.05,6.94,703.95,6.85,0.8,57.84,3.73,0.25,3.48,665.87,641.42,616.97,,,,,,,,,,
29-Oct-25,25-Nov-25,TATACONSUM,Non-Hld,1178.9,1340,1338.7,-11.94,1341.3,13.78,0.48,64.71,15.77,13.47,2.29,1188.92,1144.35,1099.78,,,,,,,,,,
29-Oct-25,25-Nov-25,TATAELXSI,Non-Hld,5528,6000,5482.2,0.84,6517.8,17.91,0.61,54.37,1.39,-28.57,29.97,5616.06,5414.8,5213.54,,,,,,,,,,
29-Oct-25,25-Nov-25,TATAPOWER,Non-Hld,411,400,376.2,9.25,423.8,3.11,0.86,69.61,3.46,2.35,1.11,406.3,395.26,384.22,,,,,,,,,,
29-Oct-25,25-Nov-25,TATASTEEL,Non-Hld,185,180,168.3,9.92,191.7,3.62,0.84,73.14,2.94,2.04,0.9,181.61,173.66,165.71,,,,,,,,,,
29-Oct-25,25-Nov-25,TATATECH,Non-Hld,701.8,700,666.25,5.34,733.75,4.55,0.67,54.07,-0.07,-0.15,0.08,720.99,696.6,672.2,,,,,,,,,,
29-Oct-25,25-Nov-25,TCS,Non-Hld,3060,3100,2974.05,2.89,3225.95,5.42,0.76,54.88,8.86,-4.9,13.76,3113.39,2995.11,2876.82,,,,,,,,,,
29-Oct-25,25-Nov-25,TECHM,Non-Hld,1455.5,1500,1422.9,2.29,1577.1,8.35,0.82,50.37,-1.51,-5.28,3.77,1481.29,1437.23,1393.16,,,,,,,,,,
29-Oct-25,25-Nov-25,TIINDIA,Non-Hld,3152,3200,2980.55,5.75,3419.45,8.49,0.64,48.68,-5.6,-2.67,-2.94,3212.09,3144.07,3076.05,,,,,,,,,,
29-Oct-25,25-Nov-25,TITAGARH,Non-Hld,907,900,824.75,9.97,975.25,7.52,0.55,55.94,-0.14,-0.97,0.84,917.68,890.33,862.98,,,,,,,,,,
29-Oct-25,25-Nov-25,TITAN,Non-Hld,3742,3700,3504.85,6.77,3895.15,4.09,0.59,65.55,65.93,47.15,18.78,3849.29,3590.7,3332.1,,,,,,,,,,
29-Oct-25,25-Nov-25,TMPV,Non-Hld,411.85,420,390,5.6,450,9.26,0.65,,,,,,,,,,,,,,,,,
29-Oct-25,25-Nov-25,TORNTPHARM,Non-Hld,3605.8,3600,3441.65,4.77,3758.35,4.23,0.49,54.44,4.89,-1.37,6.26,3623.22,3561.02,3498.81,,,,,,,,,,
29-Oct-25,25-Nov-25,TORNTPOWER,Non-Hld,1316.4,1300,1214.1,8.43,1385.9,5.28,0.76,55.84,13.57,10.2,3.37,1366.05,1276.42,1186.79,,,,,,,,,,
29-Oct-25,25-Nov-25,TRENT,Non-Hld,4781.1,4800,4462.8,7.13,5137.2,7.45,0.9,45.61,-58.43,-83.91,25.48,4876.64,4742.94,4609.25,,,,,,,,,,
29-Oct-25,25-Nov-25,TVSMOTOR,Non-Hld,3506.2,3700,3456.85,1.43,3943.15,12.46,0.43,47.06,42.67,53.27,-10.6,3682.69,3542.93,3403.17,,,,,,,,,,
29-Oct-25,25-Nov-25,ULTRACEMCO,Non-Hld,12007,12000,11520.95,4.22,12479.05,3.93,0.67,42.63,-84.28,-64.9,-19.38,12441.43,12150.8,11860.17,,,,,,,,,,
29-Oct-25,25-Nov-25,UNIONBANK,Non-Hld,146.2,150,139.35,4.92,160.65,9.88,0.77,63.92,2.47,1.79,0.68,146.25,140.05,133.84,,,,,,,,,,
29-Oct-25,25-Nov-25,UNITDSPR,Non-Hld,1387.6,1400,1323.85,4.82,1476.15,6.38,0.79,63.33,9.73,6.93,2.8,1385.48,1347.62,1309.76,,,,,,,,,,
29-Oct-25,25-Nov-25,UNOMINDA,Non-Hld,1216,1200,1112.3,9.32,1287.7,5.9,0.98,44.55,-19.82,-14.88,-4.94,1356.97,1248.65,1140.33,,,,,,,,,,
29-Oct-25,25-Nov-25,UPL,Non-Hld,718.85,700,653,10.08,747,3.92,0.69,68.02,3.02,-1.78,4.81,704.49,678.58,652.66,,,,,,,,,,
29-Oct-25,25-Nov-25,VBL,Non-Hld,495.5,500,468.8,5.7,531.2,7.2,0.94,68.49,1.72,-3.07,4.8,478.9,451.87,424.84,,,,,,,,,,
29-Oct-25,25-Nov-25,VEDL,Non-Hld,512,500,463.75,10.4,536.25,4.74,0.81,76.57,12.99,10.46,2.53,508.01,481.56,455.11,,,,,,,,,,
29-Oct-25,25-Nov-25,VOLTAS,Non-Hld,1420.8,1500,1365.85,4.02,1634.15,15.02,0.95,53.42,14.51,12.81,1.7,1467.92,1402.72,1337.52,,,,,,,,,,
29-Oct-25,25-Nov-25,WIPRO,Non-Hld,242.65,250,237,2.38,263,8.39,0.69,45.38,-1.13,-0.96,-0.17,251.33,244.17,237,,,,,,,,,,
29-Oct-25,25-Nov-25,YESBANK,Non-Hld,22.71,23,21.6,5.14,24.4,7.44,0.4,57.48,0.43,0.54,-0.11,24.01,22.62,21.24,,,,,,,,,,
29-Oct-25,25-Nov-25,ZYDUSLIFE,Non-Hld,1002,1020,965.35,3.8,1074.65,7.25,0.87,51.27,0.09,-2,2.09,1013.21,993.79,974.37,,,,,,,,,,
30-Oct-25,25-Nov-25,360ONE,Non-Hld,1121.5,1200,1108.3,1.19,1291.7,15.18,0.63,51.05,24.63,26.72,-2.09,1219.53,1121.56,1023.59,Bearish,0,0,3,2,5,6,1,5,19
30-Oct-25,25-Nov-25,ABB,Holding,5272,5200,4885.5,7.91,5514.5,4.6,0.94,56.01,6.13,-5.25,11.38,5285.43,5197.55,5109.67,Bearish,0,0,0,0,10,4,12,7,34
30-Oct-25,25-Nov-25,ABCAPITAL,Non-Hld,327,350,323.6,1.05,376.4,15.11,0.86,72.76,6.84,5.32,1.53,318.65,304.15,289.65,Bullish,9,8,16,3,4,0,0,0,24
30-Oct-25,25-Nov-25,ADANIENSOL,Non-Hld,967.5,1000,925.2,4.57,1074.8,11.09,0.54,63.77,22.64,23.89,-1.25,968.48,934.71,900.95,Bearish,5,2,2,2,7,1,8,5,29
30-Oct-25,25-Nov-25,ADANIENT,Non-Hld,2528.8,2500,2346.05,7.79,2653.95,4.95,0.66,52.22,10.6,19.13,-8.53,2592.65,2539.97,2487.29,Bearish,0,1,1,0,21,5,11,9,37
30-Oct-25,25-Nov-25,ADANIGREEN,Non-Hld,1145.5,1100,1005.35,13.94,1194.65,4.29,0.87,67.23,14.28,9.63,4.65,1112.23,1053.41,994.59,Bullish,5,12,10,11,0,0,0,0,23
30-Oct-25,25-Nov-25,ADANIPORTS,Non-Hld,1458,1400,1306.25,11.62,1493.75,2.45,0.72,58.34,12.86,14.61,-1.75,1489.78,1434.56,1379.35,Bullish,3,3,11,4,10,2,0,1,23
30-Oct-25,25-Nov-25,ALKEM,Non-Hld,5510,5600,5310.85,3.75,5889.15,6.88,0.87,54.19,24.2,33.08,-8.88,5589.08,5506.22,5423.37,Bearish,0,0,3,3,9,5,3,5,30
30-Oct-25,25-Nov-25,AMBER,Non-Hld,8119,8400,7717.2,5.21,9082.8,11.87,0.6,44.86,67.95,91.58,-23.63,8479.16,8274.92,8070.69,Bearish,0,0,2,0,13,1,8,5,23
30-Oct-25,25-Nov-25,AMBUJACEM,Non-Hld,567.2,600,562.8,0.78,637.2,12.34,0.85,50.07,-2.66,-3.1,0.44,577.07,566.51,555.96,Bearish,1,0,4,0,17,6,9,8,33
30-Oct-25,25-Nov-25,ANGELONE,Non-Hld,2513,2500,2316.3,8.49,2683.7,6.79,0.78,64.01,64.76,50.02,14.75,2659.07,2400.4,2141.74,Bearish,1,0,9,2,10,2,2,1,19
30-Oct-25,25-Nov-25,APLAPOLLO,Non-Hld,1784,1800,1706.55,4.54,1893.45,6.14,0.58,64.97,23.82,20.75,3.07,1789.57,1748.6,1707.64,Bearish,1,0,5,5,9,8,7,2,24
30-Oct-25,25-Nov-25,APOLLOHOSP,Non-Hld,7798.5,8000,7620.15,2.34,8379.85,7.45,0.59,50.41,51.44,52.32,-0.88,8081.78,7774.2,7466.62,Bearish,1,0,1,0,19,5,17,2,43
30-Oct-25,25-Nov-25,ASHOKLEY,Non-Hld,140.75,140,131,7.44,149,5.86,0.63,58.07,0.85,0.7,0.15,142.02,138.1,134.17,Bullish,16,10,21,7,1,1,1,0,41
30-Oct-25,25-Nov-25,ASIANPAINT,Non-Hld,2523,2600,2469.8,2.15,2730.2,8.21,0.76,62.86,26.43,9.14,17.29,2590.91,2423.72,2256.53,Bearish,0,0,5,2,16,7,13,2,39
30-Oct-25,25-Nov-25,ASTRAL,Non-Hld,1463,1460,1371.7,6.66,1548.3,5.83,0.61,61.33,10.71,6.85,3.85,1479.58,1428.23,1376.88,Bearish,0,0,1,0,11,0,11,2,21
30-Oct-25,25-Nov-25,AUBANK,Non-Hld,876.2,900,852.6,2.77,947.4,8.13,1.09,76.17,37.78,30.77,7.01,914.91,808.98,703.05,Bearish,1,1,6,1,6,11,7,5,33
30-Oct-25,25-Nov-25,AUROPHARMA,Non-Hld,1105,1100,1036.25,6.63,1163.75,5.32,0.91,51.49,2.79,4.12,-1.33,1133.98,1102.86,1071.73,Bearish,0,0,2,0,9,3,7,3,18
30-Oct-25,25-Nov-25,AXISBANK,Non-Hld,1241,1250,1203.8,3.09,1296.2,4.45,0.62,62.97,30.26,28.88,1.38,1272.14,1207.64,1143.14,Bearish,0,0,6,1,19,4,6,7,36
30-Oct-25,25-Nov-25,BAJAJ-AUTO,Non-Hld,8914,9000,8505.55,4.8,9494.45,6.51,0.77,46.76,44.86,56.29,-11.43,9285.12,8974.75,8664.38,Bearish,1,0,1,0,19,3,16,3,30
30-Oct-25,25-Nov-25,BAJAJFINSV,Non-Hld,2118,2100,1989.15,6.48,2210.85,4.38,0.73,56.43,33.05,29.6,3.45,2207.96,2080.55,1953.14,Bearish,0,0,4,1,22,3,12,4,34
30-Oct-25,25-Nov-25,BAJFINANCE,Non-Hld,1052.5,1100,1032.3,1.96,1167.7,10.95,0.74,55.49,23.6,26.81,-3.2,1113.56,1047.47,981.38,Bearish,0,0,0,0,22,13,19,8,41
30-Oct-25,25-Nov-25,BANDHANBNK,Non-Hld,169.64,170,156.25,8.57,183.75,8.32,0.87,55.45,2.1,1.19,0.91,175.06,166.68,158.31,Bearish,0,0,0,0,18,2,20,3,24
30-Oct-25,25-Nov-25,BANKBARODA,Non-Hld,272.1,275,259.05,5.04,290.95,6.93,0.74,61.93,5.84,5.84,-0.01,276.44,267.44,258.44,Bearish,0,0,11,2,23,5,11,1,32
30-Oct-25,25-Nov-25,BANKINDIA,Non-Hld,138.9,140,131.95,5.27,148.05,6.59,0.76,69.53,5.12,4.01,1.11,141.74,129.79,117.84,Bearish,0,0,5,1,15,11,14,5,43
30-Oct-25,25-Nov-25,BDL,Non-Hld,1515,1600,1468.6,3.16,1731.4,14.28,0.72,46.95,-4.26,-4.97,0.71,1565.23,1525.98,1486.72,Bearish,0,1,0,1,11,4,11,2,24
30-Oct-25,25-Nov-25,BEL,Holding,410.2,420,393.15,4.34,446.85,8.93,0.66,51.63,3.81,4.96,-1.15,421.36,411.72,402.08,Bullish,17,1,21,1,2,2,0,1,26
30-Oct-25,25-Nov-25,BHARATFORG,Non-Hld,1318.9,1300,1213.4,8.69,1386.6,5.13,0.72,66.12,26.88,19.13,7.76,1329.33,1251.2,1173.07,Bearish,1,0,5,0,10,5,10,4,23
30-Oct-25,25-Nov-25,BHARTIARTL,Non-Hld,2069,2100,2012.2,2.82,2187.8,5.74,0.68,64.65,42.42,32.09,10.33,2121.98,1987.03,1852.08,Bearish,0,0,3,1,12,11,6,13,34
30-Oct-25,25-Nov-25,BHEL,Non-Hld,261.9,260,244.3,7.2,275.7,5.27,1.06,74.69,3.2,1.62,1.58,252.45,238.88,225.3,Bullish,14,10,28,5,7,0,0,0,37
30-Oct-25,25-Nov-25,BIOCON,Non-Hld,376.8,370,346.85,8.63,393.15,4.34,0.61,66.76,3.81,1.37,2.43,374.26,357.5,340.73,Bullish,11,6,15,6,1,0,0,0,22
30-Oct-25,25-Nov-25,BLUESTARCO,Non-Hld,1960.5,2000,1878.05,4.39,2121.95,8.24,0.58,54.51,17.85,16.54,1.31,2012.07,1936.05,1860.03,Bearish,0,0,5,2,8,2,1,1,25
30-Oct-25,25-Nov-25,BOSCHLTD,Non-Hld,37240,40000,37098.2,0.38,42901.8,15.2,0.43,34.09,-294.69,-192.34,-102.36,39503.25,38510.25,37517.25,Bearish,0,0,3,0,12,1,8,3,26
30-Oct-25,25-Nov-25,BPCL,Non-Hld,358.1,360,338.85,5.68,381.15,6.44,0.7,68.85,4.48,3.41,1.07,352.12,340.12,328.12,Bullish,13,5,18,1,0,0,0,0,21
30-Oct-25,25-Nov-25,BRITANNIA,Non-Hld,5850,6000,5698.8,2.65,6301.2,7.71,0.67,42.73,-7.93,8.16,-16.1,6128.85,5941,5753.15,Bearish,1,0,13,1,17,2,3,0,36
30-Oct-25,25-Nov-25,BSE,Holding,2444,2500,2286.85,6.87,2713.15,11.01,0.69,57.82,61.39,61.47,-0.08,2654.36,2386.16,2117.95,Bearish,0,0,10,5,12,4,7,0,22
30-Oct-25,25-Nov-25,CAMS,Holding,3951,4000,3778.3,4.57,4221.7,6.85,0.75,56.91,17.2,2.8,14.4,3964.91,3851.32,3737.74,Bullish,8,10,10,9,0,0,0,0,25
30-Oct-25,25-Nov-25,CANBK,Non-Hld,132.78,130,121.85,8.97,138.15,4.04,0.88,68.19,3.05,3.1,-0.05,131.15,127.28,123.41,Bullish,12,13,26,7,2,0,0,0,35
30-Oct-25,25-Nov-25,CDSL,Holding,1613.7,1600,1489,8.37,1711,6.03,0.74,57.54,21.34,19.39,1.95,1676.9,1586.56,1496.21,Bearish,0,0,3,0,14,3,11,5,26
30-Oct-25,25-Nov-25,CGPOWER,Holding,734.1,750,706.5,3.91,793.5,8.09,0.71,46.7,-3.13,-0.86,-2.27,766.11,743.89,721.67,Bearish,0,0,1,6,11,7,5,5,25
30-Oct-25,25-Nov-25,CHOLAFIN,Non-Hld,1712,1700,1589.6,7.7,1810.4,5.75,0.64,63.14,38.81,36.84,1.97,1752.92,1661.91,1570.9,Bearish,0,0,2,0,16,2,10,6,27
30-Oct-25,25-Nov-25,CIPLA,Non-Hld,1541,1600,1512.25,1.9,1687.75,9.52,0.48,45.05,10.62,13.14,-2.51,1653.79,1562.68,1471.58,Bearish,2,0,3,0,31,4,21,11,47
30-Oct-25,25-Nov-25,COALINDIA,Holding,388.05,400,382.95,1.33,417.05,7.47,0.81,49.49,0.68,0.74,-0.06,396.03,386.89,377.74,Bullish,8,15,17,16,2,2,0,0,44
30-Oct-25,25-Nov-25,COFORGE,Non-Hld,1808,1800,1693.25,6.78,1906.75,5.46,0.51,61.65,29.43,19.09,10.34,1850.2,1732.32,1614.43,Bullish,3,2,9,12,8,10,0,0,34
30-Oct-25,25-Nov-25,COLPAL,Non-Hld,2254,2300,2192,2.83,2408,6.83,0.73,49.17,-9.55,-14.2,4.65,2292.46,2239.4,2186.35,Bearish,0,1,1,1,11,8,10,8,34
30-Oct-25,25-Nov-25,CONCOR,Non-Hld,550,550,520.05,5.76,579.95,5.45,0.85,59.28,1.18,-1.65,2.83,549.28,535.44,521.6,Bearish,0,0,1,0,16,4,14,7,28
30-Oct-25,25-Nov-25,CROMPTON,Non-Hld,286.2,300,277.6,3.1,322.4,12.65,0.72,38.56,-4.03,-5.45,1.42,295.46,288.61,281.76,Bearish,0,0,1,0,16,1,14,2,21
30-Oct-25,25-Nov-25,CUMMINSIND,Non-Hld,4396.9,4200,3874.4,13.49,4525.6,2.93,0.96,77.68,99.36,56.42,42.94,4363.25,4045.32,3727.4,Bullish,7,7,12,3,5,0,0,1,32
30-Oct-25,25-Nov-25,CYIENT,Non-Hld,1180,1200,1129.15,4.5,1270.85,7.7,0.67,50.54,3.67,-0.61,4.28,1209.75,1165.23,1120.71,Bearish,0,0,1,0,12,4,8,2,22
30-Oct-25,25-Nov-25,DABUR,Non-Hld,500.7,500,475.8,5.23,524.2,4.69,0.56,46.78,-1.55,-3.51,1.95,515.88,498.01,480.14,Bearish,0,0,1,1,20,0,20,0,30
30-Oct-25,25-Nov-25,DALBHARAT,Non-Hld,2097.6,2100,1993,5.25,2207,5.22,0.51,29.28,-50.52,-43.84,-6.69,2298.03,2190.51,2082.99,Bearish,0,0,0,0,13,3,12,4,36
30-Oct-25,25-Nov-25,DELHIVERY,Non-Hld,475,480,445.95,6.51,514.05,8.22,0.61,54.21,4.21,2.69,1.52,491.1,466.02,440.93,Bearish,0,0,1,0,18,0,14,4,28
30-Oct-25,25-Nov-25,DIVISLAB,Non-Hld,6645,6500,6089.35,9.12,6910.65,4,0.48,66.76,131.28,124.58,6.7,6966.48,6379.55,5792.62,Bullish,21,3,20,5,0,0,0,0,37
30-Oct-25,25-Nov-25,DIXON,Non-Hld,15651,16000,15006.05,4.3,16993.95,8.58,0.58,35.5,-483.29,-376.31,-106.98,17744,16410,15076,Bullish,9,5,15,2,4,1,0,0,25
30-Oct-25,25-Nov-25,DLF,Non-Hld,780,800,753,3.59,847,8.59,0.82,60.21,7.61,4.19,3.43,795.57,754.76,713.96,Bullish,0,0,19,1,17,0,1,0,26
30-Oct-25,25-Nov-25,DMART,Non-Hld,4155,4300,4072.25,2.03,4527.75,8.97,0.49,32.11,-79.33,-78.55,-0.77,4413.54,4278.99,4144.44,Bearish,0,0,2,1,19,0,15,1,28
30-Oct-25,25-Nov-25,DRREDDY,Non-Hld,1203.5,1300,1192.8,0.9,1407.2,16.93,0.49,34.59,-3.52,-1.17,-2.35,1300.95,1256.18,1211.41,Bearish,0,0,3,0,29,4,15,12,44
30-Oct-25,25-Nov-25,EICHERMOT,Non-Hld,6886,6200,5374.25,28.13,7025.75,2.03,1.11,50.74,50.59,77.35,-26.76,7054.01,6939.72,6825.44,Bearish,1,1,3,0,17,5,8,4,38
30-Oct-25,25-Nov-25,ETERNAL,Non-Hld,329.2,330,310.95,5.87,349.05,6.03,0.65,44.9,0.29,2.51,-2.23,354.6,338.3,322.01,Bearish,0,0,0,0,20,2,13,1,23
30-Oct-25,25-Nov-25,EXIDEIND,Non-Hld,383.2,400,373.1,2.71,426.9,11.4,0.97,38.45,-4.75,-3.33,-1.42,407.97,394.04,380.12,Bearish,0,0,10,0,19,4,7,2,26
30-Oct-25,25-Nov-25,FEDERALBNK,Non-Hld,234.65,230,217.85,7.71,242.15,3.2,0.92,81.18,9.87,7.97,1.9,244.64,215.91,187.18,Bearish,3,1,5,2,8,6,5,3,34
30-Oct-25,25-Nov-25,FORTIS,Non-Hld,1042.05,1000,925.45,12.6,1074.55,3.12,0.6,52.66,19.73,27.52,-7.8,1121.59,1059.09,996.59,Bearish,0,0,0,0,9,7,11,4,34
30-Oct-25,25-Nov-25,GAIL,Non-Hld,183.38,180,169.45,8.22,190.55,3.91,0.72,58.23,1.21,0.7,0.51,183.51,178.89,174.26,Bearish,0,0,1,0,17,3,9,5,23
30-Oct-25,25-Nov-25,GLENMARK,Non-Hld,1885,1860,1730,8.96,1990,5.57,0.73,45.02,-40.91,-41.48,0.58,1996.67,1891.46,1786.26,Bullish,13,5,17,3,1,0,0,0,34
30-Oct-25,25-Nov-25,GMRAIRPORT,Non-Hld,94.7,95,89.25,6.11,100.75,6.39,0.32,66.21,1.14,0.79,0.35,94.43,90.81,87.18,Bullish,17,4,22,1,0,0,0,0,28
30-Oct-25,25-Nov-25,GODREJCP,Non-Hld,1115,1120,1053.95,5.79,1186.05,6.37,0.67,35.15,-20.23,-22.27,2.04,1156.86,1127.78,1098.69,Bullish,13,0,12,1,1,0,2,0,20
30-Oct-25,25-Nov-25,GODREJPROP,Non-Hld,2302,2300,2136.1,7.77,2463.9,7.03,0.67,67.04,71.82,58.5,13.33,2401.09,2173.02,1944.95,Bearish,1,0,8,2,18,4,13,1,34
30-Oct-25,25-Nov-25,GRASIM,Non-Hld,2948.4,3000,2861.45,3.04,3138.55,6.45,0.59,67.36,35.39,21.12,14.27,2955.96,2843.97,2731.98,Bearish,0,0,15,5,13,7,4,0,36
30-Oct-25,25-Nov-25,HAL,Non-Hld,4649,5000,4597.05,1.13,5402.95,16.22,0.62,38.38,-0.22,27.16,-27.38,4928.14,4803.56,4678.99,Bearish,0,0,1,0,23,0,12,5,29
30-Oct-25,25-Nov-25,HAVELLS,Non-Hld,1504,1500,1432.55,4.99,1567.45,4.22,0.76,50.83,-8.89,-13.96,5.07,1516.68,1488.1,1459.51,Bearish,1,0,1,0,11,2,10,2,23
30-Oct-25,25-Nov-25,HCLTECH,Non-Hld,1549.9,1400,1241.65,24.83,1558.35,0.55,0.82,67.58,26.94,18.77,8.18,1581.31,1481.04,1380.77,Bearish,0,0,3,1,16,1,10,4,25
30-Oct-25,25-Nov-25,HDFCAMC,Non-Hld,5390,5500,5228.9,3.08,5771.1,7.07,0.61,36.98,-45.38,-17.71,-27.67,5824.12,5596.58,5369.03,Bearish,0,0,8,8,13,10,0,4,36
30-Oct-25,25-Nov-25,HDFCBANK,Non-Hld,999.95,1000,964.5,3.68,1035.5,3.56,0.8,57.74,9.37,8.19,1.18,1017.79,988.95,960.12,Bearish,0,0,3,1,21,9,18,12,44
30-Oct-25,25-Nov-25,HDFCLIFE,Non-Hld,746,750,722.5,3.25,777.5,4.22,0.65,46.63,-4.92,-6.12,1.2,766.29,749.38,732.46,Bearish,0,0,0,0,14,2,11,4,23
30-Oct-25,25-Nov-25,HEROMOTOCO,Non-Hld,5502,5600,5287.1,4.06,5912.9,7.47,0.71,51.58,64.52,85.37,-20.85,5670.91,5564.15,5457.39,Bearish,0,0,1,0,19,1,12,4,31
30-Oct-25,25-Nov-25,HFCL,Non-Hld,74.61,75,68.45,9,81.55,9.3,0.51,47.34,0.53,0.66,-0.12,78.44,75.76,73.07,Bearish,0,0,0,0,16,2,17,4,25
30-Oct-25,25-Nov-25,HINDALCO,Non-Hld,863,850,797.05,8.27,902.95,4.63,0.98,82.69,26.79,18.94,7.84,857.8,792.5,727.21,Bullish,14,5,18,6,1,0,0,0,31
30-Oct-25,25-Nov-25,HINDPETRO,Non-Hld,469.2,450,418.4,12.14,481.6,2.64,0.67,67.12,9.99,9.88,0.1,468.83,451.71,434.6,Bullish,0,0,13,12,14,8,0,0,30
30-Oct-25,25-Nov-25,HINDUNILVR,Non-Hld,2470,2600,2448.4,0.88,2751.6,11.4,0.53,37.47,-13.94,-7.16,-6.77,2609.71,2531.84,2453.96,Bearish,0,0,0,0,18,10,18,4,37
30-Oct-25,25-Nov-25,HINDZINC,Non-Hld,477.75,500,463.9,2.99,536.1,12.21,0.4,48.34,3.73,7.99,-4.26,515.27,492.02,468.78,Bearish,0,0,0,0,18,8,15,6,33
30-Oct-25,25-Nov-25,HUDCO,Non-Hld,239.6,240,221.65,8.1,258.35,7.83,0.64,64.05,2.28,1.76,0.52,237.18,229.72,222.25,Bullish,19,5,22,4,0,0,0,0,28
30-Oct-25,25-Nov-25,ICICIBANK,Non-Hld,1362.4,1400,1346.8,1.16,1453.2,6.66,0.6,42.5,-6.32,-4.6,-1.72,1416.94,1380.32,1343.69,Bearish,0,0,1,0,26,3,21,3,40
30-Oct-25,25-Nov-25,ICICIGI,Non-Hld,2015,2000,1915.05,5.22,2084.95,3.47,0.73,62.31,35.17,27.93,7.24,2079.27,1947.17,1815.06,Bearish,0,0,2,2,9,3,3,6,28
30-Oct-25,25-Nov-25,ICICIPRULI,Non-Hld,600,600,572.85,4.74,627.15,4.52,0.74,50.99,-0.2,-1.41,1.21,607.33,597.59,587.86,Bearish,0,0,5,0,17,4,11,1,35
30-Oct-25,25-Nov-25,IDEA,Non-Hld,8.75,10,8.35,4.79,11.65,33.14,0.48,49.23,0.33,0.37,-0.04,9.81,9,8.2,Bearish,0,0,0,0,7,0,5,1,10
30-Oct-25,25-Nov-25,IDFCFIRSTB,Non-Hld,78.87,80,75.65,4.26,84.35,6.95,0.62,69,2.12,1.58,0.54,81.27,74.53,67.78,Bearish,1,0,2,1,16,3,8,4,29
30-Oct-25,25-Nov-25,IEX,Holding,143.35,150,137.25,4.44,162.75,13.53,0.64,52.17,0.86,-0.32,1.18,149.76,141.09,132.41,Bearish,0,0,4,0,15,3,16,1,22
30-Oct-25,25-Nov-25,IGL,Non-Hld,212,210,196.45,7.92,223.55,5.45,0.71,50.64,0.19,0.3,-0.11,219.88,212.44,204.99,Bearish,0,0,8,1,16,3,3,6,25
30-Oct-25,25-Nov-25,IIFL,Non-Hld,542.05,560,515.35,5.18,604.65,11.55,0.5,75.19,16.82,13.41,3.4,533.96,493.73,453.5,Bullish,6,8,14,6,4,0,0,0,21
30-Oct-25,25-Nov-25,INDHOTEL,Non-Hld,751.5,800,744.1,0.99,855.9,13.89,0.95,54.96,-0.85,-3.95,3.1,751.76,734.8,717.84,Bullish,5,3,10,7,8,1,3,0,24
30-Oct-25,25-Nov-25,INDIANB,Non-Hld,853.7,850,799.1,6.83,900.9,5.53,0.69,80.44,35.39,30.88,4.51,863.81,793.18,722.55,Bearish,0,1,6,6,8,7,0,2,32
30-Oct-25,25-Nov-25,INDIGO,Holding,5715.5,6000,5626.65,1.58,6373.35,11.51,0.96,46.03,19.35,23.75,-4.4,5952.69,5772.45,5592.21,Bearish,0,0,1,0,19,2,17,0,34
30-Oct-25,25-Nov-25,INDUSINDBK,Non-Hld,800.5,800,754.75,6.06,845.25,5.59,0.76,66.11,11.09,4.3,6.79,799.46,759.21,718.97,Bearish,0,0,0,2,11,10,11,8,27
30-Oct-25,25-Nov-25,INDUSTOWER,Non-Hld,368,380,356.55,3.21,403.45,9.63,0.61,56.62,5.89,2.95,2.94,380.6,357.08,333.57,Bearish,0,0,0,0,20,5,18,6,28
30-Oct-25,25-Nov-25,INFY,Non-Hld,1495,1500,1429,4.62,1571,5.08,0.65,55.16,9.52,3.71,5.81,1526.9,1467.74,1408.59,Bearish,0,0,2,1,20,1,14,4,25
30-Oct-25,25-Nov-25,INOXWIND,Non-Hld,154.58,160,147.7,4.66,172.3,11.46,0.54,62.54,2.38,1.38,1,158.02,147.94,137.85,Bearish,0,0,0,0,13,2,11,4,21
30-Oct-25,25-Nov-25,IOC,Non-Hld,163.84,160,151.05,8.47,168.95,3.12,0.85,72.67,3,2.36,0.64,161.2,154.27,147.34,Bullish,19,13,14,9,3,0,6,1,50
30-Oct-25,25-Nov-25,IRCTC,Holding,729.35,720,685.7,6.37,754.3,3.42,0.72,57.78,2.46,0.44,2.02,730.62,715.75,700.87,Bearish,1,0,9,2,10,8,8,1,36
30-Oct-25,25-Nov-25,IREDA,Non-Hld,153.74,160,148.2,3.74,171.8,11.75,0.54,53.25,0.83,0.74,0.08,156.21,152.5,148.79,Bearish,0,0,0,0,14,1,16,0,20
30-Oct-25,25-Nov-25,IRFC,Non-Hld,124,130,121.65,1.93,138.35,11.57,0.57,49.24,-0.21,-0.28,0.07,125.71,124.07,122.42,Bearish,1,0,4,0,18,3,15,5,35
30-Oct-25,25-Nov-25,ITC,Non-Hld,419.35,420,406.5,3.16,433.5,3.37,0.65,61.48,3.66,1.81,1.85,424.56,408.19,391.81,Bearish,0,1,3,0,22,2,17,6,44
30-Oct-25,25-Nov-25,JINDALSTEL,Non-Hld,1069.1,1100,1037.4,3.06,1162.6,8.75,1.05,61.93,6.69,0.57,6.12,1085.18,1031.12,977.07,Bearish,0,0,6,11,6,15,5,6,35
30-Oct-25,25-Nov-25,JIOFIN,Non-Hld,309.7,310,295.25,4.89,324.75,4.86,0.68,51.79,-0.14,-0.52,0.38,314.26,307.83,301.41,Bearish,2,0,8,3,12,1,5,1,20
30-Oct-25,25-Nov-25,JSWENERGY,Non-Hld,539,600,537.75,0.23,662.25,22.87,0.43,52.64,0.73,1.65,-0.93,551.43,538.27,525.1,Bullish,10,5,11,3,0,0,0,0,17
30-Oct-25,25-Nov-25,JSWSTEEL,Non-Hld,1205.8,1150,1071.6,12.52,1228.4,1.87,0.7,68.53,17.51,14.73,2.77,1201.07,1162.4,1123.74,Bearish,0,0,9,7,8,13,7,4,35
30-Oct-25,25-Nov-25,JUBLFOOD,Non-Hld,614,600,561.8,9.29,638.2,3.94,0.99,53.67,-5.16,-8.53,3.37,626.69,601.85,577.02,Bearish,2,2,7,1,6,3,6,2,22
30-Oct-25,25-Nov-25,KALYANKJIL,Non-Hld,513.1,500,458.5,11.91,541.5,5.53,0.69,61.87,3.71,-0.97,4.68,514.96,489.59,464.22,Bearish,1,0,11,3,10,5,1,0,20
30-Oct-25,25-Nov-25,KAYNES,Non-Hld,6808,7000,6432.4,5.84,7567.6,11.16,0.56,44.88,-54.23,-20.75,-33.49,7474.95,7001.1,6527.25,Bearish,1,0,0,0,14,0,10,2,23
30-Oct-25,25-Nov-25,KEI,Non-Hld,4098,4300,4023.05,1.86,4576.95,11.69,0.44,48,-2.87,19,-21.87,4383.64,4171.4,3959.16,Bullish,10,0,7,2,1,0,0,0,21
30-Oct-25,25-Nov-25,KFINTECH,Holding,1111.2,1200,1082.95,2.61,1317.05,18.53,0.41,49.42,14.15,11.55,2.6,1188.57,1108.5,1028.43,Bearish,0,0,1,0,14,3,7,6,23
30-Oct-25,25-Nov-25,KOTAKBANK,Non-Hld,2140.5,2200,2110.25,1.43,2289.75,6.97,0.57,51.96,30.64,39.49,-8.85,2234.84,2156.72,2078.6,Bearish,0,0,6,0,20,4,16,0,32
30-Oct-25,25-Nov-25,KPITTECH,Non-Hld,1172,1200,1108.25,5.75,1291.75,10.22,0.86,46.84,-6.7,-12.57,5.88,1196.73,1165.05,1133.38,Bearish,0,0,1,0,13,0,9,2,19
30-Oct-25,25-Nov-25,LAURUSLABS,Non-Hld,969,900,814.6,18.95,985.4,1.69,0.77,73.77,22.23,13.43,8.8,974.57,899.81,825.05,Bullish,2,16,15,13,3,1,1,0,34
30-Oct-25,25-Nov-25,LICHSGFIN,Non-Hld,572,600,565.6,1.13,634.4,10.91,0.63,47.09,3,1.9,1.1,590.01,573.8,557.6,Bearish,0,0,1,0,25,2,20,5,30
30-Oct-25,25-Nov-25,LICI,Non-Hld,900.5,900,852.05,5.69,947.95,5.27,0.65,53,2.23,1.77,0.46,911.79,898.7,885.62,Bearish,1,0,4,0,12,3,8,4,26
30-Oct-25,25-Nov-25,LODHA,Non-Hld,1175.5,1200,1121.35,4.83,1278.65,8.77,0.67,49.36,-0.67,-4.05,3.38,1208.16,1159.57,1110.98,Bearish,0,0,10,2,12,2,4,1,18
30-Oct-25,25-Nov-25,LT,Non-Hld,3989.4,4000,3840.7,3.87,4159.3,4.26,0.54,74.24,78.67,66.97,11.7,4015.91,3831.18,3646.44,Bullish,5,4,20,18,15,6,0,0,46
30-Oct-25,25-Nov-25,LTF,Non-Hld,268.35,270,254.35,5.5,285.65,6.45,0.84,64.19,6.79,7.84,-1.05,273.62,264.47,255.31,Bearish,1,1,9,4,15,0,6,0,33
30-Oct-25,25-Nov-25,LTIM,Non-Hld,5701,5700,5378.35,6,6021.65,5.62,0.55,67.46,107.27,93.31,13.95,5822.67,5472.39,5122.12,Bullish,12,4,9,8,0,0,0,0,33
30-Oct-25,25-Nov-25,LUPIN,Non-Hld,1944,2000,1887.5,2.99,2112.5,8.67,0.95,49.42,-6.75,-7.4,0.65,1981.27,1944.06,1906.86,Bearish,0,0,1,1,12,2,8,6,31
30-Oct-25,25-Nov-25,M&M,Non-Hld,3503,3600,3390.75,3.31,3809.25,8.74,0.68,46.78,24.86,29.74,-4.88,3670.94,3526.78,3382.62,Bearish,0,0,0,0,15,2,13,1,24
30-Oct-25,25-Nov-25,MANAPPURAM,Non-Hld,275.75,280,261.95,5.27,298.05,8.09,0.63,39.49,-1.99,-0.31,-1.67,295.87,284.81,273.74,Bearish,2,0,18,0,24,0,4,1,35
30-Oct-25,25-Nov-25,MANKIND,Non-Hld,2440.6,2500,2344.2,4.11,2655.8,8.82,0.8,45.56,-21.85,-23.54,1.68,2484.53,2448.73,2412.93,Bearish,2,0,6,0,8,0,7,0,15
30-Oct-25,25-Nov-25,MARICO,Non-Hld,723.8,730,695.5,4.07,764.5,5.62,0.96,52.13,1.96,1.44,0.52,733.71,718.19,702.67,Bearish,6,0,5,0,7,0,4,0,21
30-Oct-25,25-Nov-25,MARUTI,Non-Hld,16190,16500,15741.3,2.85,17258.7,6.6,0.82,56.67,203.55,275.02,-71.47,16553.46,16208.2,15862.94,Bullish,19,5,21,5,2,1,1,0,41
30-Oct-25,25-Nov-25,MAXHEALTH,Non-Hld,1176,1200,1129.55,4.11,1270.45,8.03,0.7,51.73,8.19,5.75,2.44,1233.53,1164.54,1095.55,Bearish,0,0,1,0,11,2,12,1,18
30-Oct-25,25-Nov-25,MAZDOCK,Non-Hld,2742,3000,2702.6,1.46,3297.4,20.26,0.4,39,-18.1,-7.71,-10.39,2906.45,2829.36,2752.28,Bearish,0,0,0,0,14,2,12,2,19
30-Oct-25,25-Nov-25,MCX,Holding,9096.5,9000,8278,9.89,9722,6.88,0.67,59.16,292.21,318.12,-25.91,9861.04,8900.33,7939.61,Bearish,0,0,12,9,13,10,3,3,39
30-Oct-25,25-Nov-25,MFSL,Non-Hld,1556.2,1500,1392.85,11.73,1607.15,3.27,0.93,49.27,-14.64,-11.28,-3.36,1638.41,1566.47,1494.53,Bullish,9,4,9,3,2,0,2,0,24
30-Oct-25,25-Nov-25,MOTHERSON,Holding,106.9,115,104.2,2.59,125.8,17.68,0.44,54.9,0.9,0.87,0.03,108.62,105.57,102.51,Bearish,1,0,1,0,16,4,13,6,34
30-Oct-25,25-Nov-25,MPHASIS,Non-Hld,2896,2900,2693.1,7.53,3106.9,7.28,0.69,58.78,15.93,-1.29,17.22,2899.53,2788.85,2678.17,Bullish,12,1,12,1,2,0,1,0,18
30-Oct-25,25-Nov-25,MUTHOOTFIN,Non-Hld,3183.4,3200,2976,6.97,3424,7.56,0.46,55.14,47.61,71.17,-23.56,3329.21,3219.6,3110,Bearish,1,1,2,4,11,3,8,4,23
30-Oct-25,25-Nov-25,NATIONALUM,Non-Hld,238.8,240,222.9,7.13,257.1,7.66,0.69,72.56,7.35,6.76,0.6,241.13,227.2,213.27,Bearish,1,1,2,0,15,6,18,4,34
30-Oct-25,25-Nov-25,NAUKRI,Non-Hld,1383.1,1400,1308.15,5.73,1491.85,7.86,0.7,56.2,5.42,-1.36,6.78,1403.99,1353.01,1302.03,Bearish,0,0,0,0,13,2,8,3,22
30-Oct-25,25-Nov-25,NBCC,Non-Hld,118.2,120,110.65,6.82,129.35,9.43,0.58,64.88,1.43,1.14,0.29,116.21,112.37,108.53,Bullish,14,6,19,5,1,0,0,0,33
30-Oct-25,25-Nov-25,NCC,Non-Hld,213.26,220,203.65,4.72,236.35,10.83,0.71,54.08,0.42,-0.27,0.68,214.54,209.86,205.18,Bearish,2,0,3,0,15,2,13,2,24
30-Oct-25,25-Nov-25,NESTLEIND,Non-Hld,1280,1300,1248.5,2.52,1351.5,5.59,0.43,65.9,26.53,23.03,3.5,1330.48,1232.41,1134.33,Bullish,4,0,11,8,10,6,1,1,38
30-Oct-25,25-Nov-25,NHPC,Non-Hld,86.2,90,83.9,2.74,96.1,11.48,0.51,52.33,0.25,0.43,-0.18,87.71,86.21,84.72,Bearish,0,0,0,0,17,2,8,6,25
30-Oct-25,25-Nov-25,NMDC,Non-Hld,75.96,80,74.65,1.75,85.35,12.36,0.62,52.12,0.03,0.17,-0.13,78.23,75.96,73.69,Bearish,0,0,2,2,11,10,7,4,27
30-Oct-25,25-Nov-25,NTPC,Non-Hld,345.3,350,334.2,3.32,365.8,5.94,0.58,57.59,1.9,1.59,0.31,346.43,340.43,334.42,Bearish,0,0,0,1,29,0,19,6,35
30-Oct-25,25-Nov-25,NUVAMA,Non-Hld,7234.5,7500,6856.95,5.51,8143.05,12.56,0.61,58.28,185.4,175.76,9.64,7559.57,7121.25,6682.93,Bearish,0,0,1,1,9,7,9,5,24
30-Oct-25,25-Nov-25,NYKAA,Non-Hld,258,260,242.9,6.22,277.1,7.4,1.02,55.92,3.94,5.04,-1.1,269.74,256.72,243.69,Bearish,1,0,0,0,13,4,11,5,33
30-Oct-25,25-Nov-25,OBEROIRLTY,Non-Hld,1745,1740,1647.55,5.91,1832.45,5.01,0.76,65.37,27.71,16,11.7,1768.12,1651.68,1535.23,Bullish,12,6,17,3,0,0,0,0,26
30-Oct-25,25-Nov-25,OFSS,Non-Hld,8611,9000,8347.4,3.16,9652.6,12.1,0.54,44.24,-70.62,-35.84,-34.78,9389.79,8858.95,8328.11,Bearish,0,0,0,0,15,2,14,1,25
30-Oct-25,25-Nov-25,OIL,Non-Hld,434.5,430,402.4,7.98,457.6,5.32,0.55,63.65,3.4,2.24,1.15,429.51,417.06,404.6,Bullish,9,6,13,2,0,0,0,0,22
30-Oct-25,25-Nov-25,ONGC,Non-Hld,254.28,260,247.4,2.78,272.6,7.2,0.7,65.28,3.94,3.44,0.5,256.33,248,239.67,Bearish,1,0,9,6,15,4,8,0,29
30-Oct-25,25-Nov-25,PAGEIND,Non-Hld,41000,44000,40392.95,1.5,47607.05,16.11,0.59,40.8,-545.25,-650.65,105.4,42550,41401.25,40252.5,Bearish,1,0,5,0,10,1,10,1,26
30-Oct-25,25-Nov-25,PATANJALI,Non-Hld,607.35,600,562.25,8.02,637.75,5.01,0.42,60.97,0.86,-1.41,2.27,606.13,591.93,577.74,Bullish,12,6,14,5,3,0,0,0,35
30-Oct-25,25-Nov-25,PAYTM,Non-Hld,1309,1300,1196,9.45,1404,7.26,0.77,66.04,30.34,26.97,3.37,1352.67,1261.86,1171.04,Bearish,1,0,11,5,11,4,3,0,26
30-Oct-25,25-Nov-25,PERSISTENT,Non-Hld,5951,6000,5662.6,5.09,6337.4,6.49,0.78,69.43,173.73,137.89,35.84,6194.22,5565.26,4936.3,Bullish,9,3,8,6,0,0,2,0,20
30-Oct-25,25-Nov-25,PETRONET,Non-Hld,283.45,300,279.4,1.45,320.6,13.11,1.3,54.12,0.76,0.48,0.28,286.03,280.15,274.26,Bearish,0,0,1,0,15,3,15,2,32
30-Oct-25,25-Nov-25,PFC,Holding,404.4,400,377.55,7.11,422.45,4.46,0.99,53.28,-0.73,-1.13,0.4,412.78,402.02,391.25,Bearish,0,0,0,0,15,6,12,7,25
30-Oct-25,25-Nov-25,PGEL,Non-Hld,573.15,600,542.4,5.67,657.6,14.73,0.49,53.71,4.57,2.73,1.84,613.94,560.15,506.36,Bullish,1,1,14,3,9,4,2,1,23
30-Oct-25,25-Nov-25,PHOENIXLTD,Non-Hld,1703,1700,1579.8,7.8,1820.2,6.88,0.56,64.62,34.85,31.09,3.76,1745.81,1646.43,1547.05,Bearish,0,0,4,1,13,0,6,2,24
30-Oct-25,25-Nov-25,PIDILITIND,Non-Hld,1487,1500,1429.4,4.03,1570.6,5.62,0.6,43.36,-2.54,-1.18,-1.36,1540.46,1504.17,1467.88,Bearish,0,0,2,0,17,1,12,1,23
30-Oct-25,25-Nov-25,PIIND,Non-Hld,3593.9,3600,3406,5.52,3794,5.57,0.7,49.59,-18.12,-32.9,14.78,3635.29,3568.5,3501.72,Bearish,0,0,3,0,4,6,6,2,22
30-Oct-25,25-Nov-25,PNB,Non-Hld,120.2,120,113.25,6.14,126.75,5.45,0.67,63.19,2.55,2.32,0.23,121.64,116.58,111.52,Bearish,0,0,3,2,15,7,11,8,38
30-Oct-25,25-Nov-25,PNBHOUSING,Non-Hld,933,1000,916.95,1.75,1083.05,16.08,0.75,68.56,19.32,11.69,7.63,945.29,882.93,820.56,Bearish,0,0,6,3,17,4,13,2,28
30-Oct-25,25-Nov-25,POLICYBZR,Non-Hld,1842,1800,1678.3,9.75,1921.7,4.33,0.72,62.68,-1.65,-19.11,17.46,1814.88,1713.95,1613.02,Bullish,13,7,15,7,2,0,0,0,32
30-Oct-25,25-Nov-25,POLYCAB,Non-Hld,7858,7700,7262,8.21,8138,3.56,0.65,61.92,83.47,78.76,4.7,7829.63,7597.02,7364.42,Bullish,4,7,9,3,1,0,0,0,21
30-Oct-25,25-Nov-25,POWERGRID,Holding,291.7,300,283.15,3.02,316.85,8.62,0.73,54.29,1.44,1.08,0.37,294.55,288.71,282.87,Bearish,1,0,0,0,21,3,19,6,33
30-Oct-25,25-Nov-25,POWERINDIA,Non-Hld,17925,17000,15314,17.05,18686,4.25,0.48,51.01,-409.41,-485.4,75.99,18393.28,17546.4,16699.52,Bullish,7,0,8,0,4,0,0,0,20
30-Oct-25,25-Nov-25,PPLPHARMA,Non-Hld,202.24,210,192.95,4.81,227.05,12.27,0.49,55.09,1.53,0.7,0.83,205.77,198.1,190.44,Bearish,0,0,2,0,17,2,13,4,25
30-Oct-25,25-Nov-25,PRESTIGE,Non-Hld,1751.1,1800,1677.85,4.37,1922.15,9.77,0.45,67.25,49.47,38.22,11.25,1837.27,1656.66,1476.05,Bullish,4,0,10,1,6,1,5,1,25
30-Oct-25,25-Nov-25,RBLBANK,Non-Hld,324.8,325,307.55,5.61,342.45,5.43,0.74,71.13,13.72,12.12,1.6,339.8,301.66,263.52,Bullish,6,4,14,2,6,0,1,0,25
30-Oct-25,25-Nov-25,RECLTD,Non-Hld,378.8,370,348.15,8.8,391.85,3.45,0.78,55.6,1.32,0.17,1.16,380.57,371.61,362.65,Bearish,0,0,1,0,13,10,10,11,26
30-Oct-25,25-Nov-25,RELIANCE,Non-Hld,1489.5,1500,1446.2,2.99,1553.8,4.32,0.83,68.99,27.99,17.7,10.28,1515.67,1417.74,1319.81,Bearish,0,1,3,6,17,12,14,11,47
30-Oct-25,25-Nov-25,RVNL,Non-Hld,331.1,330,305.1,8.52,354.9,7.19,0.66,43.75,-3.51,-2.92,-0.59,352.53,337.4,322.26,Bearish,1,0,3,0,13,4,12,3,22
30-Oct-25,25-Nov-25,SAIL,Non-Hld,137.2,140,130.55,5.09,149.45,8.93,0.64,59.21,0.93,0.34,0.59,138.4,132.28,126.16,Bearish,0,0,6,2,32,4,15,10,46
30-Oct-25,25-Nov-25,SAMMAANCAP,Non-Hld,185.16,190,174.5,6.11,205.5,10.99,0.94,73.36,10.72,9.86,0.87,190.87,170.99,151.12,Bearish,0,3,0,1,0,2,0,4,23
30-Oct-25,25-Nov-25,SBICARD,Non-Hld,886,1000,882.7,0.37,1117.3,26.11,0.44,43.23,8.65,14.99,-6.34,949.17,915.2,881.22,Bearish,0,0,2,0,18,6,13,6,30
30-Oct-25,25-Nov-25,SBILIFE,Non-Hld,1970,1900,1798.75,9.52,2001.25,1.59,1.06,76.78,33.23,16.31,16.91,1957.54,1841.91,1726.27,Bullish,0,0,5,13,9,8,0,0,29
30-Oct-25,25-Nov-25,SBIN,Non-Hld,934.5,950,905.35,3.22,994.65,6.44,0.85,74.2,21.71,18.2,3.5,942.59,892.59,842.59,Bearish,1,0,21,5,23,14,13,1,52
30-Oct-25,25-Nov-25,SHREECEM,Non-Hld,28720,30000,28327.85,1.38,31672.15,10.28,0.53,41.58,-245.29,-201.59,-43.7,30079.9,29250.75,28421.6,Bearish,0,0,4,2,10,2,5,5,35
30-Oct-25,25-Nov-25,SHRIRAMFIN,Non-Hld,737.05,750,692.2,6.48,807.8,9.6,0.73,82.4,26.19,21.36,4.83,741.69,686.99,632.29,Bullish,10,3,18,4,7,0,0,0,26
30-Oct-25,25-Nov-25,SIEMENS,Holding,3120.2,3150,2973.25,4.94,3326.75,6.62,0.51,47.05,-11.76,-12.82,1.06,3239.5,3146.06,3052.62,Bearish,0,0,3,0,15,1,11,2,22
30-Oct-25,25-Nov-25,SOLARINDS,Non-Hld,13895,14000,13119.85,5.91,14880.15,7.09,0.79,44.82,-57.62,-59.09,1.47,14339.03,13997.5,13655.97,Bearish,0,0,1,0,9,2,7,1,16
30-Oct-25,25-Nov-25,SONACOMS,Non-Hld,484,500,464.55,4.19,535.45,10.63,0.62,70.57,14.2,9.99,4.21,504.81,450.75,396.69,Bearish,1,1,10,1,10,8,4,1,31
30-Oct-25,25-Nov-25,SRF,Non-Hld,2977,3000,2840.8,4.79,3159.2,6.12,0.6,45.07,24.93,38.43,-13.5,3204.56,3040.42,2876.27,Bearish,0,0,1,0,14,2,6,4,20
30-Oct-25,25-Nov-25,SUNPHARMA,Non-Hld,1701,1700,1626.75,4.56,1773.25,4.25,0.75,62.55,20.01,17.02,2.99,1718.96,1671,1623.05,Bearish,0,0,5,0,9,6,11,4,24
30-Oct-25,25-Nov-25,SUPREMEIND,Non-Hld,3798.2,4000,3722.7,2.03,4277.3,12.61,0.55,26.23,-118.02,-82.3,-35.72,4405.48,4122.97,3840.47,Bearish,1,0,1,0,15,4,10,1,30
30-Oct-25,25-Nov-25,SUZLON,Non-Hld,58.6,60,55.2,6.16,64.8,10.58,0.61,65.29,-0.05,-0.76,0.7,57.46,54.44,51.42,Bullish,10,5,11,2,1,0,1,1,21
30-Oct-25,25-Nov-25,SYNGENE,Non-Hld,651.2,660,618.35,5.31,701.65,7.75,0.91,52.39,3.5,0.9,2.61,666.01,642.81,619.61,Bearish,1,0,1,0,12,2,14,0,20
30-Oct-25,25-Nov-25,TATACONSUM,Non-Hld,1176,1180,1121.2,4.89,1238.8,5.34,0.44,64.44,16.1,14,2.1,1192.83,1146.71,1100.6,Bearish,0,0,12,2,15,4,6,2,32
30-Oct-25,25-Nov-25,TATAELXSI,Non-Hld,5540,6000,5473.75,1.21,6526.25,17.8,0.59,54.43,6.36,-21.58,27.95,5619.07,5430.42,5241.78,Bearish,0,0,0,1,12,2,7,3,20
30-Oct-25,25-Nov-25,TATAPOWER,Non-Hld,409.8,400,377.75,8.48,422.25,3.04,0.83,68.06,4.08,2.69,1.38,408.61,396.32,384.03,Bearish,0,0,8,1,16,3,9,2,25
30-Oct-25,25-Nov-25,TATASTEEL,Non-Hld,184.45,190,178.9,3.1,201.1,9.03,0.78,70.83,3.36,2.3,1.06,183.32,174.44,165.56,Bearish,0,0,7,2,11,8,5,4,26
30-Oct-25,25-Nov-25,TATATECH,Non-Hld,698.75,700,665.25,5.04,734.75,5.15,0.52,53.27,0.38,-0.05,0.42,719.12,698.12,677.11,Bearish,6,0,2,0,9,0,9,3,22
30-Oct-25,25-Nov-25,TCS,Non-Hld,3035.5,3100,2970.4,2.19,3229.6,6.39,0.75,51.59,8.47,-2.23,10.7,3109.33,3002.99,2896.65,Bearish,0,0,11,0,26,2,23,5,48
30-Oct-25,25-Nov-25,TECHM,Non-Hld,1432.5,1500,1416.75,1.11,1583.25,10.52,0.83,45.22,-2.62,-4.75,2.13,1476.94,1439.63,1402.32,Bearish,1,0,0,0,14,1,14,0,26
30-Oct-25,25-Nov-25,TIINDIA,Non-Hld,3060,3200,2947.9,3.8,3452.1,12.81,0.98,41.44,-12.22,-4.58,-7.64,3216.97,3142.22,3067.47,Bearish,0,0,4,0,13,1,10,1,20
30-Oct-25,25-Nov-25,TITAGARH,Non-Hld,900.6,900,828.85,8.66,971.15,7.83,0.53,52.94,0.59,-0.66,1.25,918.05,891.66,865.27,Bearish,0,0,3,0,8,3,6,2,16
30-Oct-25,25-Nov-25,TITAN,Non-Hld,3753.4,3700,3505.75,7.06,3894.25,3.75,0.55,65.73,66.86,51.09,15.77,3855.87,3609.88,3363.89,Bullish,9,4,21,4,12,1,0,1,46
30-Oct-25,25-Nov-25,TMPV,Non-Hld,412.85,420,391.55,5.44,448.45,8.62,0.62,,,,,,,,Bearish,0,0,11,5,13,3,3,1,20
30-Oct-25,25-Nov-25,TORNTPHARM,Non-Hld,3608.9,3600,3447.85,4.67,3752.15,3.97,0.51,54.91,6.49,0.2,6.29,3623.07,3560.98,3498.88,Bullish,0,1,8,3,6,2,0,0,19
30-Oct-25,25-Nov-25,TORNTPOWER,Non-Hld,1316.2,1300,1218.8,7.99,1381.2,4.94,0.77,56.3,13.76,10.91,2.85,1368.4,1281.28,1194.15,Bearish,1,0,7,2,8,3,0,3,21
30-Oct-25,25-Nov-25,TRENT,Non-Hld,4749,4800,4467.6,6.3,5132.4,8.07,0.88,43.05,-56.11,-78.35,22.24,4876.58,4746.3,4616.01,Bearish,0,0,2,0,11,2,14,1,17
30-Oct-25,25-Nov-25,TVSMOTOR,Non-Hld,3496.8,3700,3455.35,1.2,3944.65,12.81,0.44,46.26,33.28,49.27,-15.99,3679.21,3545.58,3411.95,Bearish,0,0,6,6,9,7,1,4,22
30-Oct-25,25-Nov-25,ULTRACEMCO,Non-Hld,12040,12000,11538.05,4.35,12461.95,3.5,0.64,44.79,-82.88,-68.5,-14.39,12434.03,12142.35,11850.67,Bearish,2,0,13,4,19,1,1,0,35
30-Oct-25,25-Nov-25,UNIONBANK,Non-Hld,142.38,150,139.2,2.28,160.8,12.94,0.61,54.84,2.29,1.89,0.4,146.48,140.24,133.99,Bearish,0,0,0,0,15,1,16,0,18
30-Oct-25,25-Nov-25,UNITDSPR,Non-Hld,1399,1400,1323.9,5.67,1476.1,5.51,0.78,64.91,12.16,7.97,4.19,1392.57,1351.13,1309.7,Bullish,22,1,26,3,1,0,1,0,40
30-Oct-25,25-Nov-25,UNOMINDA,Non-Hld,1225.2,1300,1191.35,2.84,1408.65,14.97,0.92,46.32,-18.17,-15.53,-2.63,1351.18,1244.85,1138.52,Bullish,7,3,9,1,4,0,2,3,21
30-Oct-25,25-Nov-25,UPL,Non-Hld,725,720,675.3,7.36,764.7,5.48,0.69,68.42,5.56,-0.32,5.87,711.7,681.85,652.01,Bullish,9,7,15,4,1,0,0,0,22
30-Oct-25,25-Nov-25,VBL,Non-Hld,483.5,500,470.45,2.77,529.55,9.52,0.65,61.85,3.46,-1.77,5.23,484.33,453.95,423.57,Bearish,0,0,0,1,16,11,9,18,36
30-Oct-25,25-Nov-25,VEDL,Non-Hld,507,500,466.8,8.61,533.2,5.17,0.78,68.06,13.33,11.03,2.3,511.23,483.62,456.01,Bearish,0,0,7,6,15,12,8,7,35
30-Oct-25,25-Nov-25,VOLTAS,Non-Hld,1415.3,1400,1311.85,7.89,1488.15,5.15,0.86,53.68,13.26,12.9,0.36,1467.52,1406.04,1344.55,Bearish,0,0,3,2,11,4,8,6,23
30-Oct-25,25-Nov-25,WIPRO,Non-Hld,242,250,236.2,2.46,263.8,9.01,0.67,44.85,-1.2,-1.01,-0.19,251.2,244.3,237.39,Bearish,0,0,1,0,23,3,21,1,35
30-Oct-25,25-Nov-25,YESBANK,Non-Hld,22.24,23,21.55,3.2,24.45,9.94,0.42,50,0.36,0.5,-0.14,23.92,22.67,21.43,Bearish,0,0,0,0,7,1,5,1,11
30-Oct-25,25-Nov-25,ZYDUSLIFE,Non-Hld,987.5,1000,947.45,4.23,1052.55,6.59,0.91,44.04,-1.06,-1.81,0.76,1012.99,994,975.02,Bearish,0,0,1,0,19,2,20,1,28
31-Oct-25,25-Nov-25,360ONE,Non-Hld,1084,1200,1083,0.09,1317,21.49,0.57,41.73,17.92,24.96,-7.04,1215.01,1124.03,1033.06,Bearish,0,0,0,0,9,4,10,2,19
31-Oct-25,25-Nov-25,ABB,Holding,5224,5200,4898.9,6.64,5501.1,5.3,0.93,50.31,5.51,-3.1,8.61,5287.03,5198.6,5110.17,Bearish,0,0,3,0,11,6,12,4,34
31-Oct-25,25-Nov-25,ABCAPITAL,Non-Hld,325.6,350,322.05,1.1,377.95,16.08,0.77,69.48,7.55,5.76,1.79,322.13,305.37,288.61,Bearish,1,0,4,7,8,8,4,2,24
31-Oct-25,25-Nov-25,ADANIENSOL,Non-Hld,980,1000,926.9,5.73,1073.1,9.5,0.54,67.65,24.44,24,0.44,975.2,939.21,903.22,Bullish,11,9,14,5,0,0,0,1,29
31-Oct-25,25-Nov-25,ADANIENT,Non-Hld,2474.9,2500,2322.7,6.55,2677.3,8.18,0.9,44.72,6.18,16.54,-10.36,2587.2,2534.38,2481.57,Bearish,0,0,4,0,19,10,21,3,37
31-Oct-25,25-Nov-25,ADANIGREEN,Non-Hld,1135.9,1100,1008.35,12.65,1191.65,4.91,0.85,67.21,19.58,11.62,7.96,1127.01,1057.18,987.34,Bearish,0,1,1,1,8,8,9,7,24
31-Oct-25,25-Nov-25,ADANIPORTS,Non-Hld,1450.5,1500,1411.45,2.77,1588.55,9.52,0.76,56.28,12.64,14.22,-1.58,1491.41,1436,1380.6,Bearish,7,4,0,0,1,0,15,0,23
31-Oct-25,25-Nov-25,ALKEM,Non-Hld,5490.5,5600,5297.45,3.64,5902.55,7.5,1.23,52.16,21.97,30.86,-8.89,5588.62,5508.58,5428.53,Bearish,3,3,2,0,1,0,6,3,30
31-Oct-25,25-Nov-25,AMBER,Non-Hld,8033.5,8400,7707.05,4.24,9092.95,13.19,0.61,43.17,42.81,81.82,-39.02,8493.67,8264.67,8035.68,Bearish,0,0,1,0,11,3,12,1,25
31-Oct-25,25-Nov-25,AMBUJACEM,Non-Hld,565.8,650,571.25,-0.95,728.75,28.8,0.91,48.27,-2.43,-2.97,0.54,576.58,566.23,555.88,Bearish,0,0,0,1,12,9,13,7,33
31-Oct-25,25-Nov-25,ANGELONE,Non-Hld,2494.4,2500,2326.05,7.24,2673.95,7.2,0.78,60.55,61.08,52.23,8.85,2655.7,2416.35,2177,Bearish,1,0,10,0,13,1,3,1,19
31-Oct-25,25-Nov-25,APLAPOLLO,Non-Hld,1796.8,1800,1711.9,4.96,1888.1,5.08,0.61,66.43,24.38,21.47,2.91,1795.76,1751.62,1707.49,Bullish,4,2,8,9,5,6,1,0,24
31-Oct-25,25-Nov-25,APOLLOHOSP,Non-Hld,7676.5,8000,7574.85,1.34,8425.15,9.75,0.56,43.44,35.02,48.86,-13.84,8057.42,7786.2,7514.98,Bearish,0,0,1,0,20,7,13,3,44
31-Oct-25,25-Nov-25,ASHOKLEY,Non-Hld,141.4,140,130.85,8.06,149.15,5.48,0.61,59.67,1.02,0.76,0.26,142.09,138.11,134.13,Bearish,2,0,3,0,19,8,15,7,41
31-Oct-25,25-Nov-25,ASIANPAINT,Non-Hld,2508.1,2600,2464,1.79,2736,9.09,0.73,59.93,26.64,12.64,14,2598.65,2432.47,2266.29,Bearish,0,0,0,1,16,6,14,4,39
31-Oct-25,25-Nov-25,ASTRAL,Non-Hld,1447.6,1460,1375.45,5.25,1544.55,6.7,0.59,55.45,10.37,7.56,2.81,1478.18,1431.92,1385.65,Bearish,0,0,4,0,9,2,7,3,21
31-Oct-25,25-Nov-25,AUBANK,Non-Hld,876,880,837.1,4.65,922.9,5.35,1.06,75.92,37.51,32.12,5.39,919.16,816.65,714.13,Bearish,0,0,9,7,11,5,1,0,33
31-Oct-25,25-Nov-25,AUROPHARMA,Non-Hld,1144,1100,1020.55,12.1,1179.45,3.1,0.87,62.6,5.53,4.4,1.13,1139.32,1105.5,1071.68,Bullish,9,4,14,2,0,0,0,0,18
31-Oct-25,25-Nov-25,AXISBANK,Non-Hld,1232.3,1250,1203.45,2.4,1296.55,5.21,0.65,60.85,28.45,28.79,-0.34,1272.7,1211.3,1149.91,Bearish,0,0,4,0,13,9,13,1,36
31-Oct-25,25-Nov-25,BAJAJ-AUTO,Non-Hld,8900,9000,8524.15,4.41,9475.85,6.47,0.75,45.12,30.89,51.21,-20.32,9257.71,8988.05,8718.39,Bearish,2,1,4,0,19,2,14,3,30
31-Oct-25,25-Nov-25,BAJAJFINSV,Non-Hld,2090,2100,1995.1,4.76,2204.9,5.5,0.74,50.69,28.11,29.3,-1.19,2207.49,2084.62,1961.74,Bearish,0,0,0,0,23,5,13,7,34
31-Oct-25,25-Nov-25,BAJFINANCE,Non-Hld,1045,1100,1027.35,1.72,1172.65,12.22,0.75,51.72,20.22,25.49,-5.27,1110.46,1050.23,990,Bearish,1,0,0,0,24,4,23,4,41
31-Oct-25,25-Nov-25,BANDHANBNK,Non-Hld,156.55,170,154.75,1.16,185.25,18.33,0.56,38.95,0.94,1.14,-0.2,175.73,166.34,156.94,Bearish,0,0,0,0,19,5,12,9,25
31-Oct-25,25-Nov-25,BANKBARODA,Non-Hld,278.05,280,264,5.32,296,6.46,0.81,66.88,6.08,5.89,0.19,277.83,268.38,258.93,Bullish,18,5,25,2,0,0,0,0,32
31-Oct-25,25-Nov-25,BANKINDIA,Non-Hld,140,140,131.7,6.3,148.3,5.93,0.66,70.71,5.2,4.24,0.96,143.02,130.55,118.08,Bullish,15,10,20,7,4,0,2,0,43
31-Oct-25,25-Nov-25,BDL,Non-Hld,1535,1600,1477.95,3.86,1722.05,12.19,0.7,49.98,-3.58,-4.69,1.12,1564.01,1525.38,1486.75,Bullish,14,4,19,0,2,0,0,0,24
31-Oct-25,25-Nov-25,BEL,Holding,426.2,420,397.4,7.25,442.6,3.85,0.66,63.14,4.63,4.89,-0.27,423.88,412.7,401.52,Bullish,14,8,17,9,0,0,0,0,26
31-Oct-25,25-Nov-25,BHARATFORG,Non-Hld,1320.6,1300,1208.85,9.24,1391.15,5.34,0.71,67.35,28.37,20.97,7.4,1339.37,1256.46,1173.54,Bearish,12,2,10,4,1,0,0,0,23
31-Oct-25,25-Nov-25,BHARTIARTL,Non-Hld,2061.3,2100,2010.35,2.53,2189.65,6.23,0.62,61.8,40.77,33.82,6.94,2122.55,1996.38,1870.2,Bearish,2,1,2,0,11,7,6,11,34
31-Oct-25,25-Nov-25,BHEL,Non-Hld,264.5,260,244,8.4,276,4.35,1.15,76.69,4.96,2.29,2.67,258.01,240.15,222.28,Bullish,14,15,16,14,0,0,0,0,38
31-Oct-25,25-Nov-25,BIOCON,Non-Hld,372.8,370,348.35,7.02,391.65,5.06,0.63,61.19,4.18,1.94,2.24,375.88,358.78,341.67,Bearish,1,0,1,1,11,4,13,4,23
31-Oct-25,25-Nov-25,BLUESTARCO,Non-Hld,1932.5,2000,1872.85,3.18,2127.15,10.07,0.61,49.82,14.92,16.21,-1.29,2010.2,1939.03,1867.86,Bearish,0,1,1,1,9,1,3,1,25
31-Oct-25,25-Nov-25,BOSCHLTD,Non-Hld,37300,39000,36584.1,1.96,41415.9,11.03,0.46,34.6,-359.85,-225.84,-134.01,39591.15,38456.5,37321.85,Bullish,1,4,7,2,6,1,0,0,26
31-Oct-25,25-Nov-25,BPCL,Non-Hld,356.2,360,339.7,4.86,380.3,6.77,0.65,67.85,5.35,3.79,1.55,355,340.98,326.95,Bullish,7,3,19,1,5,0,0,0,23
31-Oct-25,25-Nov-25,BRITANNIA,Non-Hld,5850,6000,5706.5,2.51,6293.5,7.58,0.64,41.11,-15.35,3.46,-18.81,6127.3,5934.5,5741.7,Bearish,1,0,5,1,13,4,6,1,36
31-Oct-25,25-Nov-25,BSE,Holding,2480.1,2500,2289.7,8.32,2710.3,9.28,0.74,60.98,60.19,61.21,-1.02,2637.34,2406.04,2174.73,Bullish,14,3,15,1,0,0,3,1,22
31-Oct-25,25-Nov-25,CAMS,Holding,3926.8,4000,3773.8,4.05,4226.2,7.62,0.76,55.49,20.09,6.26,13.83,3976.49,3857.23,3737.97,Bearish,0,0,0,0,8,9,9,8,25
31-Oct-25,25-Nov-25,CANBK,Non-Hld,136.69,130,119.85,14.05,140.15,2.53,1.09,73.2,3.53,3.19,0.34,133.38,127.94,122.5,Bearish,10,16,18,16,0,0,0,0,37
31-Oct-25,25-Nov-25,CDSL,Holding,1591,1600,1494.45,6.46,1705.55,7.2,0.67,50.74,18.26,19.16,-0.91,1666.78,1592.14,1517.5,Bearish,1,0,1,0,20,1,16,4,26
31-Oct-25,25-Nov-25,CGPOWER,Holding,735.85,730,690.4,6.58,769.6,4.59,0.66,47.61,-3.09,-1.3,-1.79,766.11,743.73,721.36,Bullish,4,0,8,11,9,6,0,0,25
31-Oct-25,25-Nov-25,CHOLAFIN,Non-Hld,1701,1700,1595.65,6.6,1804.35,6.08,0.62,59.36,36.39,36.75,-0.36,1754.81,1666.48,1578.16,Bearish,11,4,8,6,1,0,1,0,27
31-Oct-25,25-Nov-25,CIPLA,Non-Hld,1501.5,1600,1491.2,0.69,1708.8,13.81,0.46,39.14,3.82,11.27,-7.45,1654.61,1562.1,1469.59,Bearish,0,0,0,0,27,11,22,7,49
31-Oct-25,25-Nov-25,COALINDIA,Holding,389.2,400,383.6,1.46,416.4,6.99,0.8,50.7,0.62,0.72,-0.1,396.04,386.9,377.75,Bullish,7,6,17,10,9,6,0,1,44
31-Oct-25,25-Nov-25,COFORGE,Non-Hld,1785,1800,1698.05,5.12,1901.95,6.55,0.52,56.71,28.18,20.87,7.31,1840.27,1737.52,1634.78,Bearish,0,0,1,3,12,6,7,7,34
31-Oct-25,25-Nov-25,COLPAL,Non-Hld,2250,2300,2188,2.83,2412,7.2,0.71,47.26,-9.4,-13.24,3.84,2292.96,2240.31,2187.66,Bearish,0,0,1,1,16,2,11,5,35
31-Oct-25,25-Nov-25,CONCOR,Non-Hld,546.95,550,520.95,4.99,579.05,5.87,0.82,55,1.49,-1.02,2.51,550.21,536.37,522.54,Bearish,0,1,2,0,16,3,9,6,29
31-Oct-25,25-Nov-25,CROMPTON,Non-Hld,282.85,300,276.4,2.33,323.6,14.41,0.71,34.4,-4.29,-5.22,0.93,295.08,288.09,281.1,Bearish,0,0,0,0,13,4,12,6,21
31-Oct-25,25-Nov-25,CUMMINSIND,Non-Hld,4351,4200,3909.85,11.28,4490.15,3.2,0.94,72.56,105.54,66.25,39.3,4399.89,4070.08,3740.27,Bearish,1,0,4,4,9,8,4,3,32
31-Oct-25,25-Nov-25,CYIENT,Non-Hld,1165.2,1200,1127.95,3.3,1272.05,9.17,0.6,47.28,2.22,-0.05,2.27,1208.87,1166.65,1124.42,Bearish,0,1,1,0,10,3,12,0,22
31-Oct-25,25-Nov-25,DABUR,Non-Hld,488.1,500,478,2.11,522,6.95,0.53,37.74,-2.72,-3.35,0.63,516.05,497.64,479.23,Bearish,0,0,3,1,22,3,13,3,32
31-Oct-25,25-Nov-25,DALBHARAT,Non-Hld,2100,2100,2002.95,4.85,2197.05,4.62,0.56,29.03,-51.3,-45.33,-5.97,2297.72,2184.09,2070.46,Bearish,0,0,6,0,7,6,3,1,38
31-Oct-25,25-Nov-25,DELHIVERY,Non-Hld,466.7,500,456.5,2.23,543.5,16.46,0.65,49.23,3.42,2.83,0.59,488.09,467.59,447.09,Bearish,0,0,0,0,16,3,19,2,28
31-Oct-25,25-Nov-25,DIVISLAB,Non-Hld,6750,6500,6026.5,12.01,6973.5,3.31,0.59,69.65,140.5,127.76,12.74,6950.52,6430.95,5911.38,Bullish,15,6,22,5,0,0,0,0,40
31-Oct-25,25-Nov-25,DIXON,Non-Hld,15492,16000,14992,3.34,17008,9.79,0.55,33.73,-485.28,-398.1,-87.18,17754.1,16362.05,14970,Bearish,0,0,2,0,18,1,11,2,25
31-Oct-25,25-Nov-25,DLF,Non-Hld,757.75,800,751.5,0.83,848.5,11.98,0.67,47.74,6.08,4.56,1.51,794.45,756.46,718.48,Bearish,0,0,1,3,15,3,14,5,26
31-Oct-25,25-Nov-25,DMART,Non-Hld,4152.9,4200,4005.55,3.68,4394.45,5.82,0.49,31.62,-81.42,-79.13,-2.29,4384.72,4264.17,4143.62,Bearish,1,0,3,1,16,1,7,3,28
31-Oct-25,25-Nov-25,DRREDDY,Non-Hld,1198,1300,1189.55,0.71,1410.45,17.73,0.47,33.8,-8.13,-2.56,-5.57,1305.22,1253.82,1202.43,Bearish,1,1,7,3,19,10,12,5,45
31-Oct-25,25-Nov-25,EICHERMOT,Non-Hld,7014,7000,6641.7,5.61,7358.3,4.91,0.93,57.47,52.55,72.39,-19.84,7051.36,6939,6826.64,Bullish,19,5,25,1,1,0,0,0,38
31-Oct-25,25-Nov-25,ETERNAL,Non-Hld,318,330,309.45,2.76,350.55,10.24,0.5,36.12,-1.09,1.79,-2.88,355.95,337.74,319.54,Bearish,0,0,0,0,18,3,12,5,23
31-Oct-25,25-Nov-25,EXIDEIND,Non-Hld,382.2,400,373.4,2.36,426.6,11.62,0.84,37.57,-4.99,-3.66,-1.33,408.27,393.39,378.51,Bearish,0,0,6,4,20,1,5,3,26
31-Oct-25,25-Nov-25,FEDERALBNK,Non-Hld,236.68,230,217.8,8.67,242.2,2.33,0.99,82.22,9.99,8.37,1.62,246.24,218.05,189.87,Bullish,12,7,19,4,0,0,0,0,34
31-Oct-25,25-Nov-25,FORTIS,Non-Hld,1024.7,1000,931.35,10.02,1068.65,4.29,0.55,46.92,15.58,25.13,-9.55,1117.24,1060.76,1004.28,Bearish,2,0,0,0,18,4,17,2,34
31-Oct-25,25-Nov-25,GAIL,Non-Hld,182.2,185,175.15,4.03,194.85,6.94,0.62,57.47,1.32,0.82,0.5,183.76,179.3,174.83,Bearish,0,0,1,2,17,1,15,2,23
31-Oct-25,25-Nov-25,GLENMARK,Non-Hld,1891.9,1860,1735.95,8.98,1984.05,4.87,0.72,46.93,-35.62,-40.31,4.69,1989.05,1888.19,1787.33,Bearish,1,5,12,8,12,3,1,0,34
31-Oct-25,25-Nov-25,GMRAIRPORT,Non-Hld,93.83,95,89.6,4.72,100.4,7,0.35,63.31,1.21,0.87,0.33,94.85,91.04,87.23,Bearish,0,0,0,1,9,12,11,3,29
31-Oct-25,25-Nov-25,GODREJCP,Non-Hld,1119.9,1120,1061,5.55,1179,5.28,0.57,38.23,-19.18,-21.66,2.47,1153.97,1126.28,1098.58,Bullish,3,0,10,4,12,0,0,0,20
31-Oct-25,25-Nov-25,GODREJPROP,Non-Hld,2285.9,2300,2147.55,6.44,2452.45,7.29,0.67,65.1,69.57,60.71,8.86,2409.35,2185.9,1962.45,Bearish,0,1,16,4,17,5,2,1,34
31-Oct-25,25-Nov-25,GRASIM,Non-Hld,2900,3000,2847.7,1.84,3152.3,8.7,0.75,55.96,33.11,23.52,9.6,2960,2849.07,2738.14,Bearish,0,0,0,0,19,4,19,4,36
31-Oct-25,25-Nov-25,HAL,Non-Hld,4689,5000,4623.35,1.42,5376.65,14.67,0.63,41.94,-6.88,20.35,-27.23,4933.14,4797.38,4661.63,Bullish,9,9,13,4,3,1,1,0,30
31-Oct-25,25-Nov-25,HAVELLS,Non-Hld,1491,1500,1438.3,3.66,1561.7,4.74,0.7,46.84,-8.26,-12.82,4.56,1517.19,1488.53,1459.87,Bearish,1,0,0,0,11,1,8,2,23
31-Oct-25,25-Nov-25,HCLTECH,Non-Hld,1540,1400,1246.6,23.54,1553.4,0.87,0.86,64.63,27.16,20.44,6.72,1580.93,1489.19,1397.45,Bearish,0,0,3,1,13,3,10,2,25
31-Oct-25,25-Nov-25,HDFCAMC,Non-Hld,5376,5500,5225.8,2.87,5774.2,7.41,0.62,37.93,-56.71,-25.51,-31.2,5833.91,5587.75,5341.59,Bearish,0,0,5,4,10,12,5,3,37
31-Oct-25,25-Nov-25,HDFCBANK,Non-Hld,987.95,1000,965.7,2.3,1034.3,4.69,0.78,50.05,7.9,8.13,-0.23,1016.79,990.06,963.32,Bearish,1,1,3,0,23,9,22,8,44
31-Oct-25,25-Nov-25,HDFCLIFE,Non-Hld,731,750,719.25,1.63,780.75,6.81,0.58,40.36,-5.83,-6.06,0.24,764.93,747.77,730.61,Bearish,0,0,0,0,13,1,11,2,24
31-Oct-25,25-Nov-25,HEROMOTOCO,Non-Hld,5550,5600,5300.9,4.7,5899.1,6.29,0.77,53.74,57.96,79.89,-21.93,5658.54,5569.72,5480.91,Bearish,12,6,10,8,1,0,2,1,32
31-Oct-25,25-Nov-25,HFCL,Non-Hld,73.48,75,68.7,6.96,81.3,10.64,0.51,44.28,0.29,0.58,-0.3,78.43,75.76,73.09,Bearish,0,0,0,0,14,5,12,4,25
31-Oct-25,25-Nov-25,HINDALCO,Non-Hld,849,850,802.65,5.77,897.35,5.69,0.93,73.67,27.23,20.6,6.63,864.92,796.6,728.28,Bearish,0,0,3,8,9,12,1,12,31
31-Oct-25,25-Nov-25,HINDPETRO,Non-Hld,476,450,416.05,14.41,483.95,1.67,0.71,69.59,11,10.11,0.89,472.06,453.79,435.52,Bearish,7,14,17,10,0,0,1,0,30
31-Oct-25,25-Nov-25,HINDUNILVR,Non-Hld,2461.2,2600,2444.1,0.7,2755.9,11.97,0.51,36.91,-17.46,-9.22,-8.24,2611.31,2528.3,2445.29,Bearish,1,1,6,8,14,6,4,5,38
31-Oct-25,25-Nov-25,HINDZINC,Non-Hld,477,550,475.7,0.27,624.3,30.88,0.41,47.78,2.78,6.95,-4.17,515.56,491.78,468,Bearish,0,1,7,4,14,11,7,3,33
31-Oct-25,25-Nov-25,HUDCO,Non-Hld,236.8,240,221.75,6.79,258.25,9.06,0.57,60.1,2.63,1.93,0.7,237.98,229.94,221.9,Bearish,0,0,1,0,20,3,17,6,30
31-Oct-25,25-Nov-25,ICICIBANK,Non-Hld,1345.5,1400,1338.4,0.53,1461.6,8.63,0.55,37.93,-8.38,-5.36,-3.02,1418.55,1378.98,1339.41,Bearish,0,0,0,0,21,9,19,7,40
31-Oct-25,25-Nov-25,ICICIGI,Non-Hld,2002,2000,1916.55,4.46,2083.45,4.07,0.75,57.9,33.27,29,4.27,2083.5,1951.98,1820.46,Bearish,0,0,1,1,6,5,7,3,29
31-Oct-25,25-Nov-25,ICICIPRULI,Non-Hld,591.9,600,573.2,3.26,626.8,5.9,0.74,43,-0.82,-1.29,0.47,607.45,597.32,587.19,Bearish,0,0,0,0,17,3,13,4,35
31-Oct-25,25-Nov-25,IDEA,Non-Hld,8.72,10,8.4,3.81,11.6,33.03,0.49,49.23,0.28,0.35,-0.08,9.8,9.01,8.23,Bearish,1,0,2,0,3,3,0,1,10
31-Oct-25,25-Nov-25,IDFCFIRSTB,Non-Hld,81.7,84,78.9,3.55,89.1,9.06,0.57,75.24,2.36,1.73,0.62,82.12,75.16,68.21,Bullish,15,5,19,2,0,0,0,1,29
31-Oct-25,25-Nov-25,IEX,Holding,139.31,150,136.4,2.13,163.6,17.44,0.61,43.98,0.46,-0.16,0.62,149.7,140.98,132.26,Bearish,0,0,4,0,14,5,9,4,22
31-Oct-25,25-Nov-25,IGL,Non-Hld,211.9,210,197.15,7.48,222.85,5.17,0.69,50.65,0.19,0.28,-0.09,219.86,212.58,205.3,Bullish,3,0,11,4,12,1,0,0,25
31-Oct-25,25-Nov-25,IIFL,Non-Hld,535,560,519.5,2.98,600.5,12.24,0.48,70.49,17.85,14.3,3.55,537.09,497.85,458.61,Bearish,0,0,8,3,12,5,8,0,21
31-Oct-25,25-Nov-25,INDHOTEL,Non-Hld,745,800,741.25,0.51,858.75,15.27,0.85,49.75,-0.73,-3.3,2.57,752.08,735.73,719.37,Bearish,0,0,2,0,13,2,5,8,24
31-Oct-25,25-Nov-25,INDIANB,Non-Hld,859.5,870,817.75,5.11,922.25,7.3,0.7,81.04,35.94,31.89,4.05,870.46,799.26,728.06,Bullish,10,6,16,1,0,0,0,0,32
31-Oct-25,25-Nov-25,INDIGO,Holding,5645.5,6000,5581.05,1.15,6418.95,13.7,0.92,39.87,4.23,19.84,-15.62,5950.29,5773.4,5596.51,Bearish,0,0,0,0,16,6,15,6,35
31-Oct-25,25-Nov-25,INDUSINDBK,Non-Hld,794.5,800,753.7,5.41,846.3,6.52,0.73,62.88,11.95,5.83,6.12,804.16,761.8,719.43,Bearish,0,0,0,0,14,7,13,10,27
31-Oct-25,25-Nov-25,INDUSTOWER,Non-Hld,364.05,380,355.9,2.29,404.1,11,0.6,53.27,5.38,3.44,1.94,381.22,357.66,334.11,Bearish,0,0,1,1,16,3,14,5,28
31-Oct-25,25-Nov-25,INFY,Non-Hld,1481.9,1500,1428.6,3.73,1571.4,6.04,0.64,52.07,8.72,4.71,4,1526.56,1470.66,1414.76,Bearish,1,0,3,2,18,1,10,3,25
31-Oct-25,25-Nov-25,INOXWIND,Non-Hld,154.77,160,147.75,4.75,172.25,11.29,0.53,63.18,2.5,1.6,0.9,158.77,148.58,138.4,Bullish,5,2,15,2,4,2,0,1,21
31-Oct-25,25-Nov-25,IOC,Non-Hld,166.25,160,149.75,11.02,170.25,2.41,0.97,75.17,3.58,2.6,0.97,163.34,155.08,146.81,Bullish,22,11,29,6,0,0,0,0,50
31-Oct-25,25-Nov-25,IRCTC,Holding,718,720,689.05,4.2,750.95,4.59,0.71,50.17,2.1,0.78,1.32,730.62,716.38,702.13,Bearish,0,0,0,1,15,6,18,2,36
31-Oct-25,25-Nov-25,IREDA,Non-Hld,152.14,160,147.6,3.08,172.4,13.32,0.51,49.37,0.67,0.73,-0.06,156.18,152.46,148.74,Bearish,0,0,3,0,14,1,8,1,20
31-Oct-25,25-Nov-25,IRFC,Non-Hld,123.27,125,118.4,4.11,131.6,6.76,0.57,46.96,-0.25,-0.28,0.03,125.67,124.01,122.34,Bearish,0,0,1,0,18,4,13,4,36
31-Oct-25,25-Nov-25,ITC,Non-Hld,419.95,420,408.2,2.88,431.8,2.82,0.66,63.12,3.88,2.22,1.65,426.07,408.92,391.77,Bearish,1,8,15,13,16,4,0,0,44
31-Oct-25,25-Nov-25,JINDALSTEL,Non-Hld,1068.4,1100,1040.7,2.66,1159.3,8.51,1.05,60.64,8.41,2.13,6.27,1085.5,1031.21,976.93,Bearish,0,0,11,13,13,11,0,0,35
31-Oct-25,25-Nov-25,JIOFIN,Non-Hld,307.1,310,295.25,4.01,324.75,5.75,0.68,47.07,-0.27,-0.47,0.2,313.54,308.17,302.8,Bearish,0,0,1,0,15,2,14,2,20
31-Oct-25,25-Nov-25,JSWENERGY,Non-Hld,527.95,600,528.6,-0.12,671.4,27.17,0.4,45.35,0.03,1.33,-1.3,551.79,537.82,523.85,Bearish,0,0,0,0,14,1,11,3,17
31-Oct-25,25-Nov-25,JSWSTEEL,Non-Hld,1208.1,1220,1164.65,3.73,1275.35,5.57,0.7,66.82,19.02,15.59,3.43,1207.66,1165.4,1123.14,Bullish,0,1,16,8,12,9,2,0,36
31-Oct-25,25-Nov-25,JUBLFOOD,Non-Hld,600,600,564.6,6.27,635.4,5.9,0.96,44.82,-5.1,-7.85,2.74,624.31,600.78,577.25,Bearish,0,0,0,0,17,2,13,3,22
31-Oct-25,25-Nov-25,KALYANKJIL,Non-Hld,510.4,500,461.55,10.58,538.45,5.5,0.7,59.36,4.33,0.09,4.24,516.04,491.81,467.58,Bearish,0,0,8,2,11,1,5,1,20
31-Oct-25,25-Nov-25,KAYNES,Non-Hld,6712.5,7000,6406.65,4.77,7593.35,13.12,0.55,41.75,-64,-29.4,-34.61,7463.47,6978.48,6493.48,Bearish,0,0,0,0,16,2,9,1,24
31-Oct-25,25-Nov-25,KEI,Non-Hld,4026.1,4300,3988.35,0.95,4611.65,14.54,0.42,42.48,-10.58,13.08,-23.66,4383.8,4171.3,3958.8,Bearish,0,0,0,0,11,0,8,1,21
31-Oct-25,25-Nov-25,KFINTECH,Holding,1097.8,1200,1079.8,1.67,1320.2,20.26,0.43,46.51,10.62,11.37,-0.74,1188.58,1109.38,1030.19,Bearish,0,0,0,0,4,12,4,11,23
31-Oct-25,25-Nov-25,KOTAKBANK,Non-Hld,2105.5,2200,2091.75,0.66,2308.25,9.63,0.55,45.5,23.74,36.34,-12.6,2228.93,2158.66,2088.4,Bearish,0,1,1,0,20,3,20,1,32
31-Oct-25,25-Nov-25,KPITTECH,Non-Hld,1168,1200,1110.65,5.16,1289.35,10.39,0.74,45.68,-6.94,-11.45,4.51,1196.94,1165.73,1134.52,Bearish,0,0,3,1,10,3,7,0,20
31-Oct-25,25-Nov-25,LAURUSLABS,Non-Hld,955,1000,933.35,2.32,1066.65,11.69,0.71,65.97,22.54,15.25,7.29,980.34,903.19,826.03,Bearish,0,0,1,1,10,10,11,11,35
31-Oct-25,25-Nov-25,LICHSGFIN,Non-Hld,572.3,600,566.05,1.1,633.95,10.77,0.62,47.45,2.24,1.97,0.27,589.66,573.49,557.32,Bearish,3,2,4,15,10,10,0,0,35
31-Oct-25,25-Nov-25,LICI,Non-Hld,895.95,900,853.3,5,946.7,5.66,0.66,49.31,1.78,1.77,0.01,911.19,898.24,885.28,Bearish,0,0,1,0,15,2,15,2,26
31-Oct-25,25-Nov-25,LODHA,Non-Hld,1197,1200,1125.65,6.34,1274.35,6.46,0.52,57.39,1.44,-2.95,4.39,1212.9,1162.47,1112.05,Bullish,10,3,14,3,1,0,0,0,18
31-Oct-25,25-Nov-25,LT,Non-Hld,4028,4000,3849.4,4.64,4150.6,3.04,0.66,77.04,83.46,70.27,13.18,4037.96,3849.21,3660.45,Bearish,3,24,14,22,1,0,0,0,47
31-Oct-25,25-Nov-25,LTF,Non-Hld,270.55,270,254.85,6.16,285.15,5.4,0.93,66.86,6.64,7.6,-0.96,274.16,265.06,255.96,Bullish,12,5,19,5,2,0,0,0,33
31-Oct-25,25-Nov-25,LTIM,Non-Hld,5680,5700,5394.25,5.3,6005.75,5.74,0.6,66.05,108.05,96.26,11.79,5819.29,5501.47,5183.66,Bearish,1,0,7,1,11,4,6,2,34
31-Oct-25,25-Nov-25,LUPIN,Non-Hld,1970,2000,1883.6,4.59,2116.4,7.43,0.68,53.37,-4.47,-6.81,2.35,1977.51,1943.18,1908.84,Bearish,14,2,13,5,2,0,0,0,31
31-Oct-25,25-Nov-25,M&M,Non-Hld,3490.6,3600,3387.95,3.03,3812.05,9.21,0.7,45.2,17.49,27.29,-9.8,3670.4,3527.97,3385.54,Bearish,0,0,2,0,15,1,12,1,24
31-Oct-25,25-Nov-25,MANAPPURAM,Non-Hld,271,280,264.05,2.63,295.95,9.21,0.71,34.45,-2.73,-0.8,-1.93,296.85,283.97,271.08,Bearish,0,0,15,1,21,5,6,4,35
31-Oct-25,25-Nov-25,MANKIND,Non-Hld,2374,2500,2320.15,2.32,2679.85,12.88,0.69,35.81,-25,-23.83,-1.17,2491.47,2445.95,2400.43,Bearish,0,0,0,0,10,0,10,0,15
31-Oct-25,25-Nov-25,MARICO,Non-Hld,722,730,696.6,3.65,763.4,5.73,1.02,50.68,1.72,1.5,0.22,732.67,719.1,705.53,Bullish,3,0,8,2,9,1,0,0,21
31-Oct-25,25-Nov-25,MARUTI,Non-Hld,16155,17000,16109.8,0.28,17890.2,10.74,0.69,55.82,182.9,256.59,-73.7,16546.34,16219.25,15892.16,Bearish,1,2,22,2,28,1,7,1,41
31-Oct-25,25-Nov-25,MAXHEALTH,Non-Hld,1149,1200,1122.1,2.4,1277.9,11.22,0.61,43.89,4.94,5.59,-0.64,1231.67,1166.27,1100.87,Bearish,0,0,1,0,13,0,11,2,18
31-Oct-25,25-Nov-25,MAZDOCK,Non-Hld,2735,3000,2693.05,1.56,3306.95,20.91,0.4,37.46,-22.63,-10.69,-11.94,2912.05,2823.73,2735.42,Bearish,0,0,3,0,10,3,5,2,20
31-Oct-25,25-Nov-25,MCX,Holding,9243,9000,8274.95,11.7,9725.05,5.22,0.71,62.12,283.76,311.25,-27.49,9839.14,8962.58,8086.01,Bullish,15,5,21,6,0,0,0,0,39
31-Oct-25,25-Nov-25,MFSL,Non-Hld,1545.8,1500,1403.15,10.17,1596.85,3.3,0.85,47.04,-13.35,-11.69,-1.66,1630.4,1562.7,1495,Bearish,0,0,7,1,10,4,2,0,24
31-Oct-25,25-Nov-25,MOTHERSON,Holding,105.44,115,103.8,1.58,126.2,19.69,0.41,49.93,0.75,0.84,-0.09,108.58,105.54,102.49,Bearish,0,0,1,0,19,3,20,5,34
31-Oct-25,25-Nov-25,MPHASIS,Non-Hld,2760,2900,2700,2.22,3100,12.32,0.5,46.78,10.2,1.01,9.19,2894.5,2792.52,2690.54,Bearish,1,0,1,0,14,1,11,3,18
31-Oct-25,25-Nov-25,MUTHOOTFIN,Non-Hld,3191,3200,2975.5,7.24,3424.5,7.32,0.45,53.55,42.4,65.42,-23.02,3327.18,3221.31,3115.45,Bearish,12,1,11,4,0,0,1,0,23
31-Oct-25,25-Nov-25,NATIONALUM,Non-Hld,234.11,240,223.05,4.96,256.95,9.76,0.64,64.45,7,6.8,0.19,241.13,228.18,215.23,Bearish,0,0,0,0,20,7,19,5,34
31-Oct-25,25-Nov-25,NAUKRI,Non-Hld,1375.1,1400,1312.35,4.78,1487.65,8.18,0.68,54.66,6.15,0.14,6.01,1406.66,1355,1303.33,Bearish,0,0,0,1,10,3,7,6,22
31-Oct-25,25-Nov-25,NBCC,Non-Hld,117.2,120,111.25,5.35,128.75,9.85,0.57,62.27,1.67,1.25,0.42,116.95,112.77,108.59,Bearish,0,0,5,4,12,7,7,1,36
31-Oct-25,25-Nov-25,NCC,Non-Hld,212.98,220,204.25,4.27,235.75,10.69,0.7,53.01,0.5,-0.11,0.62,214.79,209.98,205.18,Bearish,1,0,5,1,18,2,5,2,24
31-Oct-25,25-Nov-25,NESTLEIND,Non-Hld,1271.9,1300,1248.05,1.91,1351.95,6.29,0.4,62.34,25.37,23.5,1.87,1332.24,1237.66,1143.09,Bearish,1,0,1,0,12,6,6,10,38
31-Oct-25,25-Nov-25,NHPC,Non-Hld,84.87,90,83.55,1.58,96.45,13.64,0.51,46.46,0.15,0.37,-0.23,87.74,86.14,84.53,Bearish,0,0,1,0,12,2,13,2,25
31-Oct-25,25-Nov-25,NMDC,Non-Hld,75.7,80,74.65,1.41,85.35,12.75,0.63,51.61,0.05,0.14,-0.09,78.21,75.94,73.67,Bearish,0,1,5,2,14,4,4,5,27
31-Oct-25,25-Nov-25,NTPC,Non-Hld,336.45,350,332.1,1.31,367.9,9.35,0.54,46.39,1.36,1.54,-0.19,346.46,340.26,334.07,Bearish,0,0,1,1,21,10,17,5,36
31-Oct-25,25-Nov-25,NUVAMA,Non-Hld,7115,7500,6815.3,4.4,8184.7,15.03,0.59,52.71,162.27,173.06,-10.79,7481.12,7151.4,6821.68,Bearish,0,0,0,0,12,2,12,3,24
31-Oct-25,25-Nov-25,NYKAA,Non-Hld,248.47,260,241.6,2.84,278.4,12.05,0.74,46.14,3,4.63,-1.63,268.75,257.05,245.36,Bearish,1,0,1,0,22,2,14,4,33
31-Oct-25,25-Nov-25,OBEROIRLTY,Non-Hld,1777.1,1800,1706.75,4.12,1893.25,6.54,0.74,68.49,32.53,19.31,13.23,1786.41,1660.9,1535.39,Bullish,10,5,12,6,1,0,0,0,27
31-Oct-25,25-Nov-25,OFSS,Non-Hld,8525,9000,8295.4,2.77,9704.6,13.84,0.54,41.37,-80.29,-44.73,-35.56,9397.48,8848.5,8299.52,Bearish,0,0,1,0,16,3,9,5,26
31-Oct-25,25-Nov-25,OIL,Non-Hld,433.45,430,403.15,7.52,456.85,5.4,0.53,62.42,4.3,2.65,1.65,432.18,418.16,404.13,Bearish,2,0,7,3,9,4,4,0,24
31-Oct-25,25-Nov-25,ONGC,Non-Hld,255.79,260,247.3,3.43,272.7,6.61,0.71,66.38,4.01,3.55,0.46,257.21,248.62,240.03,Bullish,14,5,15,4,2,0,0,0,29
31-Oct-25,25-Nov-25,PAGEIND,Non-Hld,40850,44000,40373.95,1.18,47626.05,16.59,0.61,43.81,-507.32,-621.99,114.66,42459.82,41355.75,40251.68,Bearish,2,0,5,1,7,2,2,1,27
31-Oct-25,25-Nov-25,PATANJALI,Non-Hld,602.55,600,566.6,6.34,633.4,5.12,0.36,55.35,1.39,-0.85,2.24,606.96,593,579.05,Bearish,0,0,7,1,17,5,13,4,36
31-Oct-25,25-Nov-25,PAYTM,Non-Hld,1301,1300,1196.35,8.75,1403.65,7.89,0.79,63.57,29.34,27.44,1.9,1345.65,1269.58,1193.52,Bearish,0,0,1,0,14,1,14,3,26
31-Oct-25,25-Nov-25,PERSISTENT,Non-Hld,5921,6000,5671.55,4.4,6328.45,6.88,0.7,66.37,173.11,144.93,28.17,6193.54,5613.32,5033.1,Bearish,0,0,2,1,7,3,9,4,22
31-Oct-25,25-Nov-25,PETRONET,Non-Hld,281.2,310,281.9,-0.25,338.1,20.23,1.28,52.75,0.79,0.54,0.25,285.78,280.48,275.19,Bearish,6,0,0,0,8,2,15,1,32
31-Oct-25,25-Nov-25,PFC,Holding,403,400,378.35,6.52,421.65,4.63,0.95,51.53,-0.48,-1,0.52,411.56,401.62,391.68,Bearish,1,0,2,0,16,4,11,6,25
31-Oct-25,25-Nov-25,PGEL,Non-Hld,571,600,546.7,4.44,653.3,14.41,0.51,52.28,4.27,3.04,1.23,612.08,563.16,514.23,Bearish,2,0,9,4,11,4,0,1,23
31-Oct-25,25-Nov-25,PHOENIXLTD,Non-Hld,1690.1,1700,1588.7,6.38,1811.3,7.17,0.54,58.84,32.63,31.4,1.23,1745.28,1652.37,1559.46,Bearish,1,0,5,0,14,2,10,3,24
31-Oct-25,25-Nov-25,PIDILITIND,Non-Hld,1448,1500,1433.2,1.03,1566.8,8.2,0.55,34.53,-7.2,-2.38,-4.82,1545.66,1502.63,1459.6,Bearish,0,0,1,0,11,6,10,3,24
31-Oct-25,25-Nov-25,PIIND,Non-Hld,3578.5,3600,3403.75,5.13,3796.25,6.08,0.72,47.13,-16.83,-29.69,12.85,3634.71,3568.17,3501.63,Bearish,0,0,3,0,10,2,9,2,22
31-Oct-25,25-Nov-25,PNB,Non-Hld,122.85,120,113.1,8.62,126.9,3.3,0.78,68.31,2.73,2.4,0.33,122.51,117.1,111.69,Bullish,8,15,23,6,0,0,1,0,38
31-Oct-25,25-Nov-25,PNBHOUSING,Non-Hld,928,1000,915.8,1.33,1084.2,16.83,0.74,65.86,20.03,13.35,6.68,950.72,885.25,819.77,Bearish,0,1,2,5,7,11,6,5,28
31-Oct-25,25-Nov-25,POLICYBZR,Non-Hld,1785.9,1800,1698.6,5.14,1901.4,6.47,0.59,55.24,2.83,-14.72,17.56,1823.34,1719.43,1615.52,Bearish,1,0,1,0,6,13,6,13,34
31-Oct-25,25-Nov-25,POLYCAB,Non-Hld,7709,7800,7410.75,4.02,8189.25,6.23,0.66,55.75,83.1,79.63,3.47,7822.14,7614.68,7407.21,Bearish,0,0,2,0,8,4,5,5,22
31-Oct-25,25-Nov-25,POWERGRID,Holding,288.15,300,281.6,2.33,318.4,10.5,0.65,49.49,1.19,1.1,0.09,293.62,289.08,284.54,Bearish,0,0,0,0,23,1,18,0,34
31-Oct-25,25-Nov-25,POWERINDIA,Non-Hld,17761,17000,15383.4,15.46,18616.6,4.82,0.37,48.81,-351,-458.52,107.52,18339.53,17528.6,16717.67,Bearish,0,0,3,2,9,2,1,0,22
31-Oct-25,25-Nov-25,PPLPHARMA,Non-Hld,200.8,210,193.5,3.77,226.5,12.8,0.43,51.5,1.37,0.83,0.54,205.82,198.13,190.45,Bearish,0,0,1,0,18,3,12,1,26
31-Oct-25,25-Nov-25,PRESTIGE,Non-Hld,1752,1800,1678,4.41,1922,9.7,0.46,64.61,47.98,40.17,7.81,1843.24,1666.79,1490.34,Bearish,2,0,3,1,7,3,4,0,25
31-Oct-25,25-Nov-25,RBLBANK,Non-Hld,326.2,330,312.1,4.52,347.9,6.65,0.72,71.8,13.67,12.43,1.24,341.77,304.22,266.66,Bullish,7,4,9,4,3,0,0,1,25
31-Oct-25,25-Nov-25,RECLTD,Non-Hld,375.15,370,350.3,7.09,389.7,3.88,0.74,52.27,1.33,0.4,0.93,380.76,371.71,362.65,Bearish,0,0,1,2,20,2,14,4,26
31-Oct-25,25-Nov-25,RELIANCE,Non-Hld,1487,1500,1448.2,2.68,1551.8,4.36,0.82,68.12,28.42,19.85,8.57,1523.2,1423.62,1324.05,Bullish,1,2,23,9,19,5,0,4,47
31-Oct-25,25-Nov-25,RVNL,Non-Hld,329.1,330,304.55,8.06,355.45,8.01,0.6,41.06,-3.59,-3.06,-0.54,351.83,336.61,321.4,Bearish,0,0,0,0,17,1,14,2,22
31-Oct-25,25-Nov-25,SAIL,Non-Hld,136.46,140,130.65,4.45,149.35,9.45,0.61,58.78,1.16,0.5,0.66,138.72,132.38,126.04,Bearish,1,0,2,1,28,8,20,3,46
31-Oct-25,25-Nov-25,SAMMAANCAP,Non-Hld,187.9,190,174.1,7.93,205.9,9.58,0.8,75.96,10.81,10.05,0.76,193.23,171.94,150.66,Bullish,12,1,15,2,5,1,2,1,24
31-Oct-25,25-Nov-25,SBICARD,Non-Hld,880.05,950,869.6,1.2,1030.4,17.08,0.45,40.86,5.37,13.06,-7.7,948.65,915.34,882.04,Bearish,0,0,3,0,20,4,12,5,31
31-Oct-25,25-Nov-25,SBILIFE,Non-Hld,1959,1900,1806.95,8.41,1993.05,1.74,0.96,72.47,36.14,20.28,15.86,1973.69,1849.64,1725.58,Bearish,0,0,3,3,9,8,6,6,29
31-Oct-25,25-Nov-25,SBIN,Non-Hld,937.5,1000,932.45,0.54,1067.55,13.87,0.73,74.9,22.13,18.99,3.14,947.99,896.23,844.47,Bullish,20,13,25,7,0,0,3,1,52
31-Oct-25,25-Nov-25,SHREECEM,Non-Hld,28330,30000,28273.4,0.2,31726.6,11.99,0.45,36.8,-285.17,-218.31,-66.86,30125.83,29201.5,28277.17,Bearish,0,0,0,0,14,0,10,2,36
31-Oct-25,25-Nov-25,SHRIRAMFIN,Non-Hld,751.4,750,703.05,6.88,796.95,6.06,0.78,84.25,27.59,22.6,4.98,750.01,692,633.99,Bullish,6,8,19,3,4,0,0,0,26
31-Oct-25,25-Nov-25,SIEMENS,Holding,3105,3150,2982.55,4.11,3317.45,6.84,0.53,43.45,-14.07,-13.07,-1.01,3240.19,3144.8,3049.41,Bearish,0,0,0,0,11,5,13,1,22
31-Oct-25,25-Nov-25,SOLARINDS,Non-Hld,13915,14000,13125.05,6.02,14874.95,6.9,0.77,44.11,-61.94,-59.66,-2.28,14220.7,14022.7,13824.7,Bullish,2,0,6,1,8,0,0,0,16
31-Oct-25,25-Nov-25,SONACOMS,Non-Hld,473.4,500,461.75,2.52,538.25,13.7,0.61,61.49,13.43,10.68,2.75,505.76,453.7,401.64,Bearish,0,0,0,0,18,7,8,9,31
31-Oct-25,25-Nov-25,SRF,Non-Hld,2933.9,3000,2844,3.16,3156,7.57,0.55,39.84,13.9,33.53,-19.63,3202.21,3041.58,2880.96,Bearish,0,0,0,0,10,4,5,6,20
31-Oct-25,25-Nov-25,SUNPHARMA,Non-Hld,1691,1700,1628.55,3.83,1771.45,4.76,0.69,57.7,18.87,17.39,1.48,1719.61,1673.73,1627.85,Bearish,0,0,3,0,11,4,8,3,24
31-Oct-25,25-Nov-25,SUPREMEIND,Non-Hld,3805.1,4000,3730.5,2,4269.5,12.2,0.53,26.57,-125.85,-91.01,-34.84,4415.15,4104.09,3793.03,Bearish,0,1,6,5,11,4,1,0,31
31-Oct-25,25-Nov-25,SUZLON,Non-Hld,59.35,60,55.3,7.32,64.7,9.01,0.65,67.93,0.26,-0.55,0.81,58.33,54.65,50.96,Bullish,4,11,14,4,0,0,0,0,22
31-Oct-25,25-Nov-25,SYNGENE,Non-Hld,652,660,618.15,5.48,701.85,7.65,0.93,52.05,3.24,1.37,1.88,666.54,643.73,620.93,Bullish,7,1,11,0,6,0,2,0,20
31-Oct-25,25-Nov-25,TATACONSUM,Non-Hld,1163,1200,1136.6,2.32,1263.4,8.63,0.59,58.49,15.24,14.25,1,1194.51,1147.72,1100.94,Bearish,0,0,0,2,15,6,21,1,32
31-Oct-25,25-Nov-25,TATAELXSI,Non-Hld,5452.5,5600,5278.5,3.3,5921.5,8.6,0.54,48.21,3.4,-16.59,19.99,5605.63,5441.85,5278.07,Bearish,0,0,0,0,9,1,5,3,20
31-Oct-25,25-Nov-25,TATAPOWER,Non-Hld,404.75,400,380.75,6.3,419.25,3.58,0.76,60.17,4.12,2.98,1.14,409.6,397,384.41,Bearish,0,0,3,0,17,1,13,3,25
31-Oct-25,25-Nov-25,TATASTEEL,Non-Hld,182.9,190,178.75,2.32,201.25,10.03,0.71,66.76,3.53,2.55,0.98,184.21,175.2,166.2,Bearish,0,0,2,3,12,7,9,5,26
31-Oct-25,25-Nov-25,TATATECH,Non-Hld,691,700,665.15,3.89,734.85,6.35,0.54,48.53,0.11,-0.01,0.13,719.09,698.21,677.33,Bearish,0,0,0,0,11,3,13,0,22
31-Oct-25,25-Nov-25,TCS,Non-Hld,3060,3100,2980.3,2.67,3219.7,5.22,0.74,54.58,9.88,0.2,9.69,3109.15,3010.72,2912.29,Bullish,14,9,18,11,3,2,0,1,48
31-Oct-25,25-Nov-25,TECHM,Non-Hld,1424,1500,1412.8,0.79,1587.2,11.46,0.77,42.81,-4.21,-4.64,0.43,1474.54,1440.78,1407.02,Bearish,0,0,1,0,13,2,7,4,26
31-Oct-25,25-Nov-25,TIINDIA,Non-Hld,3022,3300,3017.6,0.15,3582.4,18.54,0.74,38.64,-20.19,-7.7,-12.49,3227.01,3139.16,3051.32,Bearish,0,0,2,0,13,0,7,4,21
31-Oct-25,25-Nov-25,TITAGARH,Non-Hld,886,900,835,6.11,965,8.92,0.49,47.87,-0.04,-0.53,0.5,918.04,891.73,865.42,Bearish,0,0,0,0,9,2,8,2,17
31-Oct-25,25-Nov-25,TITAN,Non-Hld,3743.1,3700,3510.3,6.63,3889.7,3.92,0.52,65.11,66.51,54.18,12.34,3861.28,3626.8,3392.32,Bullish,7,1,20,3,19,3,4,2,46
31-Oct-25,25-Nov-25,TMPV,Non-Hld,410.1,420,391.8,4.67,448.2,9.29,0.62,,,,,,,,Bearish,0,0,4,0,13,2,12,0,20
31-Oct-25,25-Nov-25,TORNTPHARM,Non-Hld,3547.2,3600,3448.5,2.86,3751.5,5.76,0.49,47.7,4.29,1.02,3.27,3622.66,3560.62,3498.59,Bearish,0,0,0,0,9,0,8,1,19
31-Oct-25,25-Nov-25,TORNTPOWER,Non-Hld,1317.6,1300,1221.3,7.89,1378.7,4.64,0.63,56.4,13.8,11.49,2.31,1369.28,1286.3,1203.32,Bearish,1,0,5,4,7,3,0,0,21
31-Oct-25,25-Nov-25,TRENT,Non-Hld,4697.3,4800,4464.75,5.21,5135.25,9.32,0.88,39.72,-57.66,-74.21,16.55,4865.33,4739.41,4613.49,Bearish,0,0,0,0,12,1,16,1,17
31-Oct-25,25-Nov-25,TVSMOTOR,Non-Hld,3509,3600,3410.7,2.88,3789.3,7.99,0.47,48.5,26.9,44.8,-17.9,3676.82,3548.12,3419.43,Bullish,9,9,12,4,0,0,0,0,22
31-Oct-25,25-Nov-25,ULTRACEMCO,Non-Hld,11924,12000,11556.95,3.18,12443.05,4.35,0.6,41.49,-89.3,-72.66,-16.64,12438.34,12134.95,11831.56,Bearish,0,0,0,0,14,6,11,7,35
31-Oct-25,25-Nov-25,UNIONBANK,Non-Hld,148.36,150,141.1,5.15,158.9,7.1,0.87,64.04,2.63,2.04,0.59,147.93,140.73,133.54,Bullish,9,7,13,4,0,0,0,0,21
31-Oct-25,25-Nov-25,UNITDSPR,Non-Hld,1429.9,1500,1413.4,1.17,1586.6,10.96,0.53,71.66,16.86,9.75,7.11,1409.5,1355.37,1301.24,Bullish,18,8,21,14,1,0,0,0,51
31-Oct-25,25-Nov-25,UNOMINDA,Non-Hld,1232.1,1300,1202.2,2.49,1397.8,13.45,0.78,49.09,-15.68,-15.56,-0.11,1340.29,1240.39,1140.49,Bearish,8,2,6,8,2,0,1,0,22
31-Oct-25,25-Nov-25,UPL,Non-Hld,718.1,720,676.1,6.21,763.9,6.38,0.66,67.53,7.38,1.22,6.16,717.43,684.78,652.14,Bearish,0,1,3,5,10,7,9,3,22
31-Oct-25,25-Nov-25,VBL,Non-Hld,469.5,500,464.05,1.17,535.95,14.15,0.52,53.34,3.54,-0.71,4.25,485.96,455.28,424.61,Bearish,0,0,1,1,24,3,15,9,36
31-Oct-25,25-Nov-25,VEDL,Non-Hld,494.3,500,468.65,5.47,531.35,7.5,0.71,58,12.37,11.3,1.07,511.57,485.05,458.53,Bearish,0,0,0,0,23,3,23,2,35
31-Oct-25,25-Nov-25,VOLTAS,Non-Hld,1380.3,1400,1312.5,5.17,1487.5,7.77,0.82,44.07,9.25,12.17,-2.92,1465.16,1407.54,1349.92,Bearish,0,0,0,0,16,2,15,3,23
31-Oct-25,25-Nov-25,WIPRO,Non-Hld,240.9,250,236.45,1.88,263.55,9.4,0.66,42.94,-1.34,-1.07,-0.27,251.22,244.28,237.33,Bearish,0,1,9,2,17,2,7,1,35
31-Oct-25,25-Nov-25,YESBANK,Non-Hld,22.77,23,21.65,5.17,24.35,6.94,0.38,56.72,0.34,0.47,-0.13,23.9,22.72,21.55,Bearish,5,1,5,1,0,0,0,0,11
31-Oct-25,25-Nov-25,ZYDUSLIFE,Non-Hld,976.2,1000,943.95,3.42,1056.05,8.18,0.8,39.82,-2.87,-2.03,-0.85,1013.96,993.17,972.37,Bearish,0,0,1,0,20,0,11,4,29
03-Nov-25,25-Nov-25,360ONE,Non-Hld,1095,1200,1089.8,0.48,1310.2,19.65,0.5,45.3,13.49,22.67,-9.17,1211.09,1126.52,1041.94,Bearish,7,5,5,6,0,0,0,0,20
03-Nov-25,25-Nov-25,ABB,Holding,5256.5,5200,4898.6,7.31,5501.4,4.66,0.9,53.43,7.83,-0.92,8.74,5293.77,5202.23,5110.68,Bullish,9,4,12,5,3,0,1,1,34
03-Nov-25,25-Nov-25,ABCAPITAL,Non-Hld,334.15,350,328.85,1.61,371.15,11.07,0.83,74.3,8.82,6.37,2.45,327.82,306.88,285.95,Bullish,8,8,13,10,0,0,0,0,24
03-Nov-25,25-Nov-25,ADANIENSOL,Non-Hld,994.3,1000,925.6,7.42,1074.4,8.06,0.53,69.1,26.24,24.45,1.79,984.86,943.12,901.38,Bullish,10,8,11,4,0,0,3,2,30
03-Nov-25,25-Nov-25,ADANIENT,Non-Hld,2469.5,2500,2333.8,5.81,2666.2,7.97,0.78,42.7,1.52,13.53,-12.01,2582.37,2528.24,2474.11,Bearish,0,0,13,9,28,4,4,1,38
03-Nov-25,25-Nov-25,ADANIGREEN,Non-Hld,1108,1200,1086.9,1.94,1313.1,18.51,0.67,59.17,20.73,13.45,7.29,1131.66,1058.92,986.18,Bearish,0,0,1,2,13,4,7,12,24
03-Nov-25,25-Nov-25,ADANIPORTS,Non-Hld,1446.2,1500,1414.45,2.24,1585.55,9.64,0.65,54.1,11.77,13.73,-1.96,1492.25,1437.28,1382.32,Bearish,0,0,3,11,14,3,2,2,23
03-Nov-25,25-Nov-25,ALKEM,Non-Hld,5635,5600,5299.55,6.33,5900.45,4.71,1.14,62.22,29.7,30.63,-0.93,5607.62,5517.9,5428.18,Bullish,9,5,12,4,1,0,2,0,31
03-Nov-25,25-Nov-25,AMBER,Non-Hld,7946,8400,7714.35,3,9085.65,14.34,0.68,40.51,16.32,68.72,-52.4,8516.68,8251.83,7986.97,Bearish,0,0,0,0,12,3,6,6,25
03-Nov-25,25-Nov-25,AMBUJACEM,Non-Hld,578.75,580,552.9,4.68,607.1,4.9,0.78,56.29,-1.28,-2.63,1.35,576.84,566.28,555.72,Bullish,17,6,23,2,0,0,0,0,33
03-Nov-25,25-Nov-25,ANGELONE,Non-Hld,2565.1,2500,2312.05,10.94,2687.95,4.79,0.72,67.15,63.19,54.42,8.77,2660.46,2434.48,2208.49,Bearish,10,2,9,5,0,0,0,0,19
03-Nov-25,25-Nov-25,APLAPOLLO,Non-Hld,1802,1800,1714.9,5.08,1885.1,4.61,0.64,67.42,24.92,22.16,2.76,1802.23,1754.52,1706.82,Bullish,6,7,8,5,2,0,0,0,24
03-Nov-25,25-Nov-25,APOLLOHOSP,Non-Hld,7835,8000,7630,2.69,8370,6.83,0.54,52.71,33.21,45.73,-12.52,8028.06,7804.95,7581.84,Bearish,21,6,17,3,0,0,0,0,45
03-Nov-25,25-Nov-25,ASHOKLEY,Non-Hld,139.99,140,131.5,6.46,148.5,6.08,0.6,54.66,1,0.81,0.19,142.09,138.11,134.13,Bullish,6,6,14,13,10,4,2,0,41
03-Nov-25,25-Nov-25,ASIANPAINT,Non-Hld,2512,2600,2465.35,1.89,2734.65,8.86,0.67,60.15,26.62,15.44,11.18,2606.12,2440.19,2274.26,Bearish,0,1,14,4,21,4,1,0,39
03-Nov-25,25-Nov-25,ASTRAL,Non-Hld,1483,1500,1415.95,4.74,1584.05,6.81,0.54,63.29,12.43,8.53,3.9,1482.11,1436.77,1391.43,Bullish,8,4,9,7,1,0,0,0,21
03-Nov-25,25-Nov-25,AUBANK,Non-Hld,867.5,880,837.9,3.53,922.1,6.29,1,69.95,36,32.89,3.11,921.59,822.9,724.2,Bearish,0,0,0,1,7,8,8,9,33
03-Nov-25,25-Nov-25,AUROPHARMA,Non-Hld,1156.1,1100,1013.35,14.09,1186.65,2.64,0.84,67,9.19,5.36,3.83,1149.2,1108.77,1068.33,Bearish,12,3,11,4,0,0,0,0,18
03-Nov-25,25-Nov-25,AXISBANK,Non-Hld,1233.1,1300,1232,0.09,1368,10.94,0.62,61.07,26.78,28.39,-1.61,1274.43,1213.94,1153.45,Bullish,5,0,14,6,16,3,1,0,36
03-Nov-25,25-Nov-25,BAJAJ-AUTO,Non-Hld,8928,9000,8547.35,4.45,9452.65,5.88,0.76,47.09,21.99,45.37,-23.38,9232.46,9000.2,8767.94,Bearish,2,1,9,7,14,5,0,0,31
03-Nov-25,25-Nov-25,BAJAJFINSV,Non-Hld,2080.7,2100,2003.75,3.84,2196.25,5.55,0.63,49.31,23.38,28.12,-4.74,2205.41,2088.65,1971.89,Bearish,0,0,3,1,19,5,10,7,34
03-Nov-25,25-Nov-25,BAJFINANCE,Non-Hld,1040.6,1100,1026.7,1.35,1173.3,12.75,0.77,51.83,17.37,23.87,-6.5,1106.54,1052.9,999.25,Bearish,0,0,5,2,24,7,16,4,41
03-Nov-25,25-Nov-25,BANDHANBNK,Non-Hld,157.85,170,156.21,1.05,183.79,16.43,0.57,40.36,0.11,0.94,-0.83,176.06,165.92,155.78,Bearish,4,11,6,11,1,4,0,0,27
03-Nov-25,25-Nov-25,BANKBARODA,Non-Hld,291.4,280,262.75,10.9,297.25,2.01,0.92,74.86,7.22,6.16,1.07,283.23,269.74,256.25,Bearish,11,14,17,19,4,0,0,0,42
03-Nov-25,25-Nov-25,BANKINDIA,Non-Hld,141.93,140,131.69,7.78,148.31,4.5,0.66,73.12,5.38,4.47,0.91,144.59,131.38,118.17,Bullish,11,11,16,11,0,0,0,0,43
03-Nov-25,25-Nov-25,BDL,Non-Hld,1538,1600,1485.25,3.55,1714.75,11.49,0.67,51.33,-2.46,-4.25,1.78,1559.65,1524.16,1488.68,Bullish,6,2,15,2,9,2,0,2,24
03-Nov-25,25-Nov-25,BEL,Holding,422.2,420,399.1,5.79,440.9,4.43,0.6,59.56,4.91,4.9,0.01,425.12,413.18,401.24,Bearish,0,0,2,1,18,5,11,6,28
03-Nov-25,25-Nov-25,BHARATFORG,Non-Hld,1340,1300,1212.1,10.55,1387.9,3.57,0.75,69.85,30.49,22.88,7.61,1351.28,1262.48,1173.68,Bullish,10,7,14,5,0,0,0,1,23
03-Nov-25,25-Nov-25,BHARTIARTL,Non-Hld,2077,2100,2015.35,3.06,2184.65,5.18,0.52,64.58,40.56,35.17,5.39,2126.99,2005.24,1883.49,Bullish,16,1,17,4,3,0,1,1,34
03-Nov-25,25-Nov-25,BHEL,Non-Hld,265.15,260,244.4,8.49,275.6,3.94,1.25,75.86,6.23,3.08,3.15,261.96,241.14,220.32,Bullish,3,1,20,8,9,16,1,1,39
03-Nov-25,25-Nov-25,BIOCON,Non-Hld,378.4,370,347.35,8.94,392.65,3.77,0.66,64.74,4.82,2.51,2.31,378.61,360.02,341.44,Bullish,9,9,10,6,0,0,0,0,23
03-Nov-25,25-Nov-25,BLUESTARCO,Non-Hld,1905.6,2000,1891.75,0.73,2108.25,10.63,0.67,49.26,12.23,15.42,-3.19,2009.63,1940.79,1871.95,Bearish,1,0,4,1,4,2,6,1,26
03-Nov-25,25-Nov-25,BOSCHLTD,Non-Hld,37090,38000,35984.1,3.07,40015.9,7.89,0.47,32.88,-424.35,-265.54,-158.81,39666.79,38376.25,37085.71,Bearish,1,0,3,0,14,1,6,2,26
03-Nov-25,25-Nov-25,BPCL,Non-Hld,367.6,350,324.75,13.19,375.25,2.08,0.95,73.31,6.8,4.4,2.41,360.39,342.26,324.14,Bullish,7,11,14,7,1,0,0,0,23
03-Nov-25,25-Nov-25,BRITANNIA,Non-Hld,5814,6500,5894,-1.36,7106,22.22,0.6,39.97,-22.26,-1.68,-20.58,6122.89,5925.9,5728.91,Bearish,0,0,2,0,17,4,9,3,37
03-Nov-25,25-Nov-25,BSE,Holding,2542.8,2500,2289.55,11.06,2710.45,6.59,0.83,66.2,64.09,61.79,2.31,2618.34,2428.78,2239.22,Bullish,9,7,14,7,0,0,0,1,22
03-Nov-25,25-Nov-25,CAMS,Holding,3888.3,4000,3769.35,3.16,4230.65,8.8,0.72,51.65,18.63,8.73,9.9,3980.06,3861.54,3743.01,Bearish,0,0,1,1,12,3,10,6,25
03-Nov-25,25-Nov-25,CANBK,Non-Hld,139.69,140,132.42,5.49,147.58,5.65,1.1,75.81,4.07,3.36,0.71,135.98,128.63,121.27,Bullish,15,14,21,18,0,0,0,1,41
03-Nov-25,25-Nov-25,CDSL,Holding,1592.8,1600,1510.5,5.45,1689.5,6.07,0.63,52.12,16.12,18.56,-2.43,1655.46,1597.3,1539.15,Bullish,3,0,14,5,17,1,1,0,26
03-Nov-25,25-Nov-25,CGPOWER,Holding,745,750,713.7,4.39,786.3,5.54,0.71,51.56,-2.34,-1.51,-0.83,765.95,743.62,721.3,Bearish,6,10,5,13,2,1,1,0,25
03-Nov-25,25-Nov-25,CHOLAFIN,Non-Hld,1717.1,1700,1594.6,7.68,1805.4,5.14,0.6,62.83,35.81,36.56,-0.75,1753.22,1673.87,1594.51,Bearish,10,8,10,10,0,0,0,0,27
03-Nov-25,25-Nov-25,CIPLA,Non-Hld,1509.6,1600,1502.7,0.46,1697.3,12.43,0.45,41.32,-0.74,8.87,-9.61,1654.93,1561.79,1468.65,Bullish,10,8,13,12,4,11,0,0,52
03-Nov-25,25-Nov-25,COALINDIA,Holding,389,400,384,1.3,416,6.94,0.8,50.56,0.55,0.68,-0.13,396.18,387.16,378.13,Bullish,4,7,14,8,10,8,0,0,44
03-Nov-25,25-Nov-25,COFORGE,Non-Hld,1794.9,1800,1701.35,5.5,1898.65,5.78,0.48,59.02,28.27,22.35,5.92,1833.93,1746.79,1659.65,Bearish,14,6,5,12,3,0,1,0,34
03-Nov-25,25-Nov-25,COLPAL,Non-Hld,2200.3,2300,2178.9,0.98,2421.1,10.03,0.68,44.42,-10.55,-12.59,2.04,2268.1,2216.85,2165.59,Bearish,0,0,1,0,18,5,12,5,35
03-Nov-25,25-Nov-25,CONCOR,Non-Hld,550.6,550,521.7,5.54,578.3,5.03,0.82,58.42,2.08,-0.4,2.48,552.14,537.19,522.24,Bullish,9,7,14,6,2,0,0,0,29
03-Nov-25,25-Nov-25,CROMPTON,Non-Hld,284,300,277.55,2.32,322.45,13.54,0.69,36.99,-4.33,-5.04,0.71,293.91,287.53,281.16,Bearish,13,0,9,3,2,1,2,0,22
03-Nov-25,25-Nov-25,CUMMINSIND,Non-Hld,4358.5,4400,4145.1,5.15,4654.9,6.8,0.93,74.19,112.02,75.4,36.62,4441.96,4092.43,3742.9,Bearish,0,3,6,7,10,4,1,1,32
03-Nov-25,25-Nov-25,CYIENT,Non-Hld,1160.6,1200,1130.7,2.64,1269.3,9.37,0.63,46.79,0.9,0.14,0.76,1208.91,1166.93,1124.95,Bearish,0,0,8,3,9,4,0,0,22
03-Nov-25,25-Nov-25,DABUR,Non-Hld,502.3,500,478.7,4.93,521.3,3.78,0.48,49.55,-2.34,-3.15,0.81,516.55,498,479.44,Bearish,19,7,17,7,1,0,0,0,34
03-Nov-25,25-Nov-25,DALBHARAT,Non-Hld,2084,2100,2006.1,3.88,2193.9,5.27,0.51,27.35,-52.51,-46.77,-5.75,2293.46,2175.71,2057.97,Bearish,0,0,1,0,15,1,10,2,38
03-Nov-25,25-Nov-25,DELHIVERY,Non-Hld,472,500,459,2.83,541,14.62,0.54,52.41,3.26,2.92,0.34,484.46,469.34,454.22,Bearish,19,2,16,6,2,0,1,0,28
03-Nov-25,25-Nov-25,DIVISLAB,Non-Hld,6790,6500,6022.15,12.75,6977.85,2.77,0.6,71.75,151.39,132.49,18.9,6952.36,6477.85,6003.34,Bullish,13,11,16,12,0,0,0,0,40
03-Nov-25,25-Nov-25,DIXON,Non-Hld,15497,16000,15013.75,3.22,16986.25,9.61,0.53,33.62,-482.03,-414.89,-67.14,17745.13,16306.75,14868.37,Bearish,4,0,11,3,15,2,1,0,25
03-Nov-25,25-Nov-25,DLF,Non-Hld,780,800,761.7,2.4,838.3,7.47,0.75,57.52,6.47,4.95,1.53,795.7,758.86,722.02,Bearish,6,12,12,9,1,0,0,0,26
03-Nov-25,25-Nov-25,DMART,Non-Hld,4164,4300,4083.45,1.97,4516.55,8.47,0.48,31.99,-81.93,-79.69,-2.24,4357.95,4251.05,4144.15,Bearish,0,0,7,5,15,4,3,1,28
03-Nov-25,25-Nov-25,DRREDDY,Non-Hld,1198,1300,1192.55,0.46,1407.45,17.48,0.44,33.51,-11.78,-4.41,-7.37,1308.46,1251.22,1193.98,Bearish,2,0,8,17,12,13,0,1,45
03-Nov-25,25-Nov-25,EICHERMOT,Non-Hld,7020,7000,6665.6,5.32,7334.4,4.48,0.93,58.33,54.8,68.87,-14.07,7061.38,6943.12,6824.87,Bullish,1,1,18,4,14,8,1,0,38
03-Nov-25,25-Nov-25,ETERNAL,Non-Hld,322.35,330,311.15,3.6,348.85,8.22,0.52,41.29,-1.76,1.08,-2.85,356.42,337.45,318.48,Bearish,12,6,12,5,1,0,1,1,25
03-Nov-25,25-Nov-25,EXIDEIND,Non-Hld,383.95,400,375.8,2.17,424.2,10.48,0.82,39.4,-5.01,-3.93,-1.08,407.99,392.65,377.31,Bearish,4,5,3,12,3,8,1,0,26
03-Nov-25,25-Nov-25,FEDERALBNK,Non-Hld,237.52,230,217.16,9.38,242.84,2.24,1.01,82.94,10.08,8.71,1.36,247.17,220.33,193.49,Bullish,8,13,20,7,0,0,0,0,35
03-Nov-25,25-Nov-25,FORTIS,Non-Hld,1030,1000,932.35,10.47,1067.65,3.66,0.59,49.04,12.77,22.66,-9.89,1108.6,1063.28,1017.95,Bullish,8,4,9,6,6,4,1,2,35
03-Nov-25,25-Nov-25,GAIL,Non-Hld,183.95,190,180.3,2.02,199.7,8.56,0.66,59.1,1.46,0.95,0.51,184.37,179.61,174.85,Bullish,5,5,12,8,4,4,1,0,23
03-Nov-25,25-Nov-25,GLENMARK,Non-Hld,1896.5,1900,1797.65,5.5,2002.35,5.58,0.85,48.58,-30.49,-38.35,7.85,1975.94,1884.1,1792.26,Bullish,1,0,18,6,13,7,0,1,34
03-Nov-25,25-Nov-25,GMRAIRPORT,Non-Hld,93.6,95,89.77,4.27,100.23,7.08,0.35,60.63,1.2,0.94,0.27,95.11,91.25,87.39,Bearish,0,0,0,4,10,7,2,5,29
03-Nov-25,25-Nov-25,GODREJCP,Non-Hld,1179.9,1160,1108.15,6.47,1211.85,2.71,0.78,60.34,-13.36,-20,6.64,1162.43,1127.76,1093.08,Bullish,8,8,11,7,1,0,0,0,22
03-Nov-25,25-Nov-25,GODREJPROP,Non-Hld,2313.9,2300,2147.5,7.75,2452.5,5.99,0.68,66.94,68.57,62.28,6.29,2417.47,2199.62,1981.78,Bullish,15,4,17,6,0,0,0,0,34
03-Nov-25,25-Nov-25,GRASIM,Non-Hld,2905,3000,2852.35,1.85,3147.65,8.35,0.67,57.05,31.61,25.14,6.47,2964.22,2854.5,2744.77,Bearish,15,7,10,9,2,0,1,0,38
03-Nov-25,25-Nov-25,HAL,Non-Hld,4698,5000,4625.6,1.57,5374.4,14.4,0.62,43.71,-10.84,14.11,-24.95,4927.03,4788.6,4650.17,Bullish,11,1,16,1,6,2,2,0,30
03-Nov-25,25-Nov-25,HAVELLS,Non-Hld,1498,1500,1439.15,4.09,1560.85,4.2,0.68,48.04,-7.4,-11.73,4.33,1517.9,1488.99,1460.08,Bearish,12,0,9,3,1,0,1,0,23
03-Nov-25,25-Nov-25,HCLTECH,Non-Hld,1544,1400,1247.35,23.78,1552.65,0.56,0.82,65.03,27.18,21.79,5.39,1577.67,1497.24,1416.81,Bearish,1,0,7,6,10,2,3,0,25
03-Nov-25,25-Nov-25,HDFCAMC,Non-Hld,5401.5,5400,5151.4,4.85,5648.6,4.57,0.63,39.67,-62.9,-32.99,-29.92,5837.19,5578.42,5319.66,Bearish,10,6,8,10,2,2,0,0,37
03-Nov-25,25-Nov-25,HDFCBANK,Non-Hld,993.4,1000,966.65,2.77,1033.35,4.02,0.78,53.35,7.09,7.92,-0.84,1015.61,991.43,967.25,Bullish,14,7,18,12,9,3,0,0,45
03-Nov-25,25-Nov-25,HDFCLIFE,Non-Hld,737,750,722.65,1.99,777.35,5.47,0.62,42.7,-6.14,-6.08,-0.06,763.66,746.61,729.56,Bullish,4,5,9,6,4,2,0,0,24
03-Nov-25,25-Nov-25,HEROMOTOCO,Non-Hld,5532,5600,5319.5,3.99,5880.5,6.3,0.73,53.3,51.76,74.27,-22.5,5658.61,5569.15,5479.69,Bearish,0,0,10,6,11,8,1,0,32
03-Nov-25,25-Nov-25,HFCL,Non-Hld,77.99,75,68.2,14.35,81.8,4.89,0.57,55.09,0.41,0.55,-0.14,78.62,75.85,73.07,Bearish,11,9,11,13,0,0,0,0,26
03-Nov-25,25-Nov-25,HINDALCO,Non-Hld,845.5,850,800.3,5.65,899.7,6.41,1.08,73.26,27.21,21.92,5.29,871.23,799.94,728.65,Bearish,3,4,0,0,11,4,18,7,31
03-Nov-25,25-Nov-25,HINDPETRO,Non-Hld,483.55,450,412.2,17.31,487.8,0.88,0.77,72.47,12.32,10.55,1.77,477.86,455.68,433.5,Bearish,6,13,13,11,2,0,0,0,32
03-Nov-25,25-Nov-25,HINDUNILVR,Non-Hld,2460,2600,2440.35,0.81,2759.65,12.18,0.5,36.13,-20.46,-11.47,-8.99,2611.79,2524.05,2436.32,Bearish,0,0,5,0,18,9,8,7,38
03-Nov-25,25-Nov-25,HINDZINC,Non-Hld,480.4,550,480.9,-0.1,619.1,28.87,0.41,50.13,2.34,6.03,-3.69,515.51,491.24,466.97,Bearish,14,10,13,7,1,1,0,0,33
03-Nov-25,25-Nov-25,HUDCO,Non-Hld,237.8,240,223.55,6.37,256.45,7.84,0.54,60.42,2.91,2.13,0.78,238.63,230.12,221.6,Bullish,5,3,13,7,7,3,1,0,30
03-Nov-25,25-Nov-25,ICICIBANK,Non-Hld,1349,1400,1341.6,0.55,1458.4,8.11,0.55,38.39,-9.81,-6.25,-3.56,1419.71,1378.04,1336.37,Bullish,5,3,15,9,13,5,0,2,42
03-Nov-25,25-Nov-25,ICICIGI,Non-Hld,2003,2000,1918.75,4.39,2081.25,3.91,0.78,59.98,32.5,29.7,2.8,2088.92,1957.09,1825.26,Bullish,5,6,10,0,1,0,2,1,29
03-Nov-25,25-Nov-25,ICICIPRULI,Non-Hld,601,600,574.3,4.65,625.7,4.11,0.79,50.34,-0.65,-1.16,0.51,607.25,597.23,587.21,Bullish,7,11,14,5,1,0,0,0,35
03-Nov-25,25-Nov-25,IDEA,Non-Hld,9.58,10,8.7,10.11,11.3,17.95,0.52,59.08,0.29,0.34,-0.05,9.86,9.05,8.24,Bullish,4,4,6,2,0,0,0,0,10
03-Nov-25,25-Nov-25,IDFCFIRSTB,Non-Hld,82,84,79.34,3.35,88.66,8.12,0.58,75.65,2.53,1.89,0.64,82.77,75.81,68.85,Bearish,3,0,9,12,8,7,0,0,32
03-Nov-25,25-Nov-25,IEX,Holding,140.15,150,137.52,1.91,162.48,15.93,0.61,45.91,0.21,-0.09,0.3,149.44,140.8,132.16,Bearish,9,3,9,8,0,1,0,0,22
03-Nov-25,25-Nov-25,IGL,Non-Hld,215.45,215,201.72,6.81,228.28,5.95,0.69,55.44,0.45,0.31,0.13,220.06,212.89,205.72,Bearish,9,9,9,8,0,0,0,0,25
03-Nov-25,25-Nov-25,IIFL,Non-Hld,540.75,550,513.55,5.3,586.45,8.45,0.56,72.05,18.93,15.23,3.7,540.78,502.01,463.24,Bullish,7,8,13,4,0,0,0,0,21
03-Nov-25,25-Nov-25,INDHOTEL,Non-Hld,748,800,742.7,0.71,857.3,14.61,0.81,53.02,-0.21,-2.68,2.48,753.08,736.86,720.65,Bullish,12,2,13,4,2,0,3,0,24
03-Nov-25,25-Nov-25,INDIANB,Non-Hld,882,870,816.9,7.97,923.1,4.66,0.73,84.03,37.7,33.06,4.64,882.64,804.98,727.32,Bearish,14,4,13,5,0,0,0,0,33
03-Nov-25,25-Nov-25,INDIGO,Holding,5700,6000,5629.5,1.25,6370.5,11.76,0.94,45.41,-2.04,15.47,-17.51,5947.89,5775.32,5602.76,Bullish,11,8,15,3,2,0,0,1,37
03-Nov-25,25-Nov-25,INDUSINDBK,Non-Hld,797,800,756.35,5.37,843.65,5.85,0.72,63.53,12.65,7.19,5.46,808.71,764.27,719.83,Bullish,2,1,15,6,11,3,1,0,27
03-Nov-25,25-Nov-25,INDUSTOWER,Non-Hld,382.75,380,356.4,7.39,403.6,5.45,0.61,62.97,6.45,4.04,2.41,384.99,359.14,333.3,Bullish,16,7,17,6,0,0,1,1,29
03-Nov-25,25-Nov-25,INFY,Non-Hld,1486,1500,1431.3,3.82,1568.7,5.57,0.61,52.86,8.24,5.42,2.82,1525.76,1473.7,1421.63,Bearish,1,0,8,3,16,2,2,3,25
03-Nov-25,25-Nov-25,INOXWIND,Non-Hld,157.46,160,148.48,6.05,171.52,8.93,0.53,66.44,2.74,1.83,0.91,159.66,149.38,139.1,Bullish,10,6,13,4,0,0,0,0,21
03-Nov-25,25-Nov-25,IOC,Non-Hld,166.9,160,149.44,11.68,170.56,2.19,1.08,76.91,4.13,2.91,1.22,165.58,155.94,146.31,Bullish,14,18,27,10,2,1,0,0,52
03-Nov-25,25-Nov-25,IRCTC,Holding,725,720,689.2,5.19,750.8,3.56,0.69,53.48,2.17,1.05,1.12,731.12,717.17,703.22,Bearish,13,6,11,8,0,0,0,0,38
03-Nov-25,25-Nov-25,IREDA,Non-Hld,153.49,160,149.04,2.99,170.96,11.38,0.51,52.21,0.65,0.71,-0.06,156.08,152.42,148.76,Bullish,7,4,8,7,2,0,0,0,20
03-Nov-25,25-Nov-25,IRFC,Non-Hld,123.28,125,118.68,3.88,131.32,6.52,0.58,46.21,-0.28,-0.28,-0.01,125.59,123.92,122.26,Bullish,5,0,11,4,7,6,0,0,37
03-Nov-25,25-Nov-25,ITC,Non-Hld,414,420,408.15,1.43,431.85,4.31,0.55,53.37,3.49,2.48,1.02,426.55,409.4,392.26,Bearish,0,0,2,2,23,5,12,13,44
03-Nov-25,25-Nov-25,JINDALSTEL,Non-Hld,1074.5,1100,1042.85,3.03,1157.15,7.69,1.03,63.13,10.47,3.8,6.67,1085.61,1031.24,976.87,Bullish,13,11,18,9,0,0,0,0,35
03-Nov-25,25-Nov-25,JIOFIN,Non-Hld,306.9,310,295.75,3.77,324.25,5.65,0.66,47.07,-0.37,-0.45,0.09,312.97,308.43,303.89,Bullish,3,0,9,4,9,2,1,1,20
03-Nov-25,25-Nov-25,JSWENERGY,Non-Hld,535,600,533.95,0.2,666.05,24.5,0.42,49.21,-0.08,1.05,-1.13,551.56,537.47,523.37,Bullish,8,6,11,4,1,0,0,0,17
03-Nov-25,25-Nov-25,JSWSTEEL,Non-Hld,1194.9,1340,1205.05,-0.84,1474.95,23.44,0.66,62.22,19.11,16.3,2.81,1211.2,1167.06,1122.93,Bearish,0,0,5,1,16,6,8,10,36
03-Nov-25,25-Nov-25,JUBLFOOD,Non-Hld,600.2,600,566.45,5.96,633.55,5.56,0.91,46.4,-4.79,-7.23,2.44,619.19,599.38,579.56,Bearish,0,1,3,7,5,7,1,1,22
03-Nov-25,25-Nov-25,KALYANKJIL,Non-Hld,515.75,500,459.8,12.17,540.2,4.74,0.68,62.51,5.25,1.13,4.13,519.4,493,466.59,Bearish,14,0,9,6,0,0,0,0,20
03-Nov-25,25-Nov-25,KAYNES,Non-Hld,6644.5,7000,6387.45,4.02,7612.55,14.57,0.54,40.11,-75.08,-38.53,-36.54,7432.5,6947.45,6462.4,Bearish,0,0,0,0,17,0,11,2,24
03-Nov-25,25-Nov-25,KEI,Non-Hld,4008.8,4300,3948.3,1.53,4651.7,16.04,0.43,39.44,-20.32,6.4,-26.72,4388.97,4168.64,3948.32,Bearish,0,0,3,0,11,2,7,3,23
03-Nov-25,25-Nov-25,KFINTECH,Holding,1106.9,1200,1079.2,2.57,1320.8,19.32,0.43,47.64,8.11,10.72,-2.6,1188.06,1111.16,1034.26,Bearish,9,5,5,5,0,0,0,0,23
03-Nov-25,25-Nov-25,KOTAKBANK,Non-Hld,2110.4,2200,2096.05,0.68,2303.95,9.17,0.58,47.76,18.96,32.86,-13.9,2227.63,2159.32,2091,Bearish,14,5,14,7,2,1,0,0,32
03-Nov-25,25-Nov-25,KPITTECH,Non-Hld,1168.9,1200,1114.2,4.91,1285.8,10,0.8,45,-7.27,-10.61,3.34,1197.05,1166.04,1135.04,Bearish,10,3,9,1,3,0,4,0,20
03-Nov-25,25-Nov-25,LAURUSLABS,Non-Hld,976,900,809.75,20.53,990.25,1.46,0.72,70.56,24.27,17.05,7.22,989.76,908.77,827.78,Bearish,7,13,9,17,1,0,0,0,35
03-Nov-25,25-Nov-25,LICHSGFIN,Non-Hld,576,600,570.35,0.99,629.65,9.31,0.64,50.78,1.98,1.97,0.01,589.39,573.34,557.3,Bearish,2,18,6,12,0,1,0,0,35
03-Nov-25,25-Nov-25,LICI,Non-Hld,921.4,920,872.65,5.59,967.35,4.99,0.63,61.37,3.42,2.1,1.32,914.77,898.97,883.17,Bearish,10,7,8,11,0,0,0,0,26
03-Nov-25,25-Nov-25,LODHA,Non-Hld,1237.4,1200,1124.45,10.04,1275.55,3.08,0.69,65.63,6.05,-1.15,7.2,1222.98,1168.58,1114.18,Bearish,2,11,5,11,0,0,0,0,18
03-Nov-25,25-Nov-25,LT,Non-Hld,3980.9,4000,3863.9,3.03,4136.1,3.9,0.55,67.82,82.23,72.66,9.57,4050.7,3861.58,3672.45,Bearish,0,0,0,5,16,14,10,18,49
03-Nov-25,25-Nov-25,LTF,Non-Hld,279.9,280,264.5,5.82,295.5,5.57,0.99,74.2,7.18,7.51,-0.33,276.94,265.93,254.92,Bullish,12,8,16,9,0,0,0,0,33
03-Nov-25,25-Nov-25,LTIM,Non-Hld,5692.5,5700,5421.7,4.99,5978.3,5.02,0.62,67.07,109.03,98.82,10.22,5802.54,5531.7,5260.86,Bullish,0,1,12,5,9,6,0,0,34
03-Nov-25,25-Nov-25,LUPIN,Non-Hld,1999,2000,1883.3,6.14,2116.7,5.89,0.67,57.48,-1.01,-5.65,4.64,1980.06,1943.68,1907.31,Bullish,13,6,15,4,1,0,1,0,31
03-Nov-25,25-Nov-25,M&M,Non-Hld,3553.2,3600,3414.4,4.07,3785.6,6.54,0.69,52.36,16.43,25.12,-8.69,3671.7,3532.31,3392.93,Bullish,12,5,16,3,0,0,0,0,24
03-Nov-25,25-Nov-25,MANAPPURAM,Non-Hld,268,300,268.45,-0.17,331.55,23.71,0.51,33.06,-3.42,-1.32,-2.09,297.66,283.05,268.43,Bearish,0,1,2,1,15,6,6,9,37
03-Nov-25,25-Nov-25,MANKIND,Non-Hld,2402,2500,2335.95,2.83,2664.05,10.91,0.83,39.28,-25.95,-24.25,-1.7,2493.32,2443.52,2393.73,Bearish,7,1,7,1,0,0,0,0,16
03-Nov-25,25-Nov-25,MARICO,Non-Hld,722.65,730,697.45,3.61,762.55,5.52,0.96,52.74,1.68,1.54,0.15,732.76,719.66,706.56,Bearish,2,0,3,1,10,1,6,2,21
03-Nov-25,25-Nov-25,MARUTI,Non-Hld,15634,16500,15592.25,0.27,17407.75,11.35,0.4,38.96,121.96,229.67,-107.71,16581.87,16211.5,15841.13,Bearish,0,0,0,0,28,8,16,13,41
03-Nov-25,25-Nov-25,MAXHEALTH,Non-Hld,1152,1200,1124.2,2.47,1275.8,10.75,0.57,43.45,2.19,4.91,-2.71,1219.26,1170.1,1120.95,Bearish,0,0,6,3,12,3,2,1,19
03-Nov-25,25-Nov-25,MAZDOCK,Non-Hld,2754.7,3000,2715.6,1.44,3284.4,19.23,0.41,40.85,-24.36,-13.43,-10.93,2907.05,2817.1,2727.15,Bullish,10,3,11,1,0,1,0,0,20
03-Nov-25,25-Nov-25,MCX,Holding,9531.5,9000,8147,16.99,9853,3.37,0.71,67.21,296.48,308.29,-11.81,9855.79,9031.65,8207.51,Bullish,15,10,20,9,0,0,0,0,39
03-Nov-25,25-Nov-25,MFSL,Non-Hld,1558.8,1600,1512.1,3.09,1687.9,8.28,0.83,50.38,-11.12,-11.58,0.46,1625.47,1560.49,1495.51,Bearish,6,8,6,4,0,0,0,0,24
03-Nov-25,25-Nov-25,MOTHERSON,Holding,106.08,115,103.1,2.89,126.9,19.63,0.46,50.52,0.64,0.8,-0.16,108.48,105.48,102.48,Bullish,9,6,17,4,5,6,7,3,34
03-Nov-25,25-Nov-25,MPHASIS,Non-Hld,2785.9,2900,2718.1,2.49,3081.9,10.62,0.48,48.51,7.17,2.24,4.93,2893.75,2794.88,2696.02,Bearish,4,9,9,7,1,1,1,0,19
03-Nov-25,25-Nov-25,MUTHOOTFIN,Non-Hld,3179.2,3200,2978.85,6.73,3421.15,7.61,0.48,54.87,38.78,60.09,-21.31,3326.46,3222.46,3118.47,Bullish,2,4,10,5,6,2,1,1,23
03-Nov-25,25-Nov-25,NATIONALUM,Non-Hld,238.3,240,223.57,6.59,256.43,7.61,0.66,68.76,7,6.84,0.16,242.35,229.05,215.76,Bearish,8,14,8,12,0,0,0,0,34
03-Nov-25,25-Nov-25,NAUKRI,Non-Hld,1360,1400,1309.1,3.89,1490.9,9.62,0.67,49.88,5.17,1.15,4.02,1407.05,1356.28,1305.51,Bearish,0,0,4,0,15,3,9,2,22
03-Nov-25,25-Nov-25,NBCC,Non-Hld,117.55,120,111.6,5.33,128.4,9.23,0.56,62.66,1.86,1.37,0.49,117.69,113,108.3,Bearish,0,0,11,4,15,2,0,1,36
03-Nov-25,25-Nov-25,NCC,Non-Hld,213.66,215,199.76,6.96,230.24,7.76,0.75,55.53,0.7,0.05,0.65,215.28,210.17,205.05,Bearish,13,8,11,2,0,0,2,0,24
03-Nov-25,25-Nov-25,NESTLEIND,Non-Hld,1268.8,1300,1247.9,1.67,1352.1,6.57,0.37,60.27,23.78,23.55,0.22,1332.51,1242.5,1152.5,Bearish,0,0,4,1,7,15,4,13,38
03-Nov-25,25-Nov-25,NHPC,Non-Hld,85.4,90,83.81,1.9,96.19,12.63,0.53,48.77,0.1,0.32,-0.22,87.66,86.06,84.45,Bullish,11,4,16,1,0,0,0,0,26
03-Nov-25,25-Nov-25,NMDC,Non-Hld,75.95,80,74.99,1.28,85.01,11.93,0.62,52.26,0.08,0.13,-0.05,78.09,75.88,73.68,Bearish,8,9,6,13,2,2,5,1,27
03-Nov-25,25-Nov-25,NTPC,Non-Hld,335.4,350,331.25,1.25,368.75,9.94,0.51,44.41,0.77,1.39,-0.62,346.44,339.92,333.41,Bearish,0,0,4,1,22,6,13,4,39
03-Nov-25,25-Nov-25,NUVAMA,Non-Hld,7145,7500,6871.05,3.99,8128.95,13.77,0.56,54.15,145.57,167.56,-21.99,7445.72,7170.32,6894.93,Bullish,2,0,10,6,9,5,1,0,24
03-Nov-25,25-Nov-25,NYKAA,Non-Hld,249.95,260,242.07,3.26,277.93,11.19,0.66,48.49,2.39,4.18,-1.79,266.84,257.56,248.29,Bearish,13,2,8,7,5,0,0,0,34
03-Nov-25,25-Nov-25,OBEROIRLTY,Non-Hld,1803.1,1800,1714.05,5.2,1885.95,4.59,0.74,71.39,38.27,23.1,15.17,1808.86,1671.1,1533.35,Bearish,9,9,9,8,1,0,0,0,28
03-Nov-25,25-Nov-25,OFSS,Non-Hld,8418,9000,8322.25,1.15,9677.75,14.96,0.52,42.29,-83.86,-52.01,-31.85,9246.37,8692.5,8138.63,Bearish,13,4,9,5,2,0,1,1,26
03-Nov-25,25-Nov-25,OIL,Non-Hld,438,420,391.15,11.98,448.85,2.48,0.66,64.35,5.25,3.17,2.08,435.41,419.27,403.14,Bullish,8,10,10,5,1,0,0,0,24
03-Nov-25,25-Nov-25,ONGC,Non-Hld,256.8,260,248.2,3.46,271.8,5.84,0.6,69.11,4.2,3.68,0.51,258.42,249.31,240.21,Bullish,6,6,14,8,4,1,0,0,29
03-Nov-25,25-Nov-25,PAGEIND,Non-Hld,40645,44000,40412.95,0.57,47587.05,17.08,0.6,40.03,-506.93,-598.97,92.05,42135.21,41250,40364.79,Bearish,0,0,3,1,11,3,5,1,27
03-Nov-25,25-Nov-25,PATANJALI,Non-Hld,575,600,563,2.13,637,10.78,0.37,41.41,-0.14,-0.71,0.57,607.77,592.49,577.21,Bearish,0,0,6,0,30,2,27,2,41
03-Nov-25,25-Nov-25,PAYTM,Non-Hld,1274,1300,1192.1,6.87,1407.9,10.51,0.77,54.16,25.96,27.15,-1.19,1335.03,1274.92,1214.82,Bearish,0,0,1,0,16,3,17,4,26
03-Nov-25,25-Nov-25,PERSISTENT,Non-Hld,5921,6000,5677.6,4.29,6322.4,6.78,0.74,66.87,171.79,150.31,21.49,6195.04,5656.43,5117.82,Bullish,4,5,8,3,4,1,0,1,22
03-Nov-25,25-Nov-25,PETRONET,Non-Hld,285.4,310,284.55,0.3,335.45,17.54,1.34,57.9,1.1,0.65,0.45,286.39,280.79,275.19,Bullish,17,4,21,1,0,0,0,0,32
03-Nov-25,25-Nov-25,PFC,Holding,403.5,400,378.5,6.61,421.5,4.46,0.91,51.68,-0.26,-0.85,0.59,409.91,401.18,392.45,Bearish,13,5,8,9,0,0,2,0,25
03-Nov-25,25-Nov-25,PGEL,Non-Hld,576,600,550.3,4.67,649.7,12.8,0.52,54.57,4.38,3.31,1.07,609.93,566.25,522.56,Bearish,10,5,5,11,0,0,1,1,23
03-Nov-25,25-Nov-25,PHOENIXLTD,Non-Hld,1750,1760,1664.2,5.16,1855.8,6.05,0.64,68.2,35.61,32.24,3.37,1753.5,1661.57,1569.64,Bullish,10,10,13,6,0,0,0,0,25
03-Nov-25,25-Nov-25,PIDILITIND,Non-Hld,1463,1500,1441.95,1.46,1558.05,6.5,0.52,39.57,-9.5,-3.81,-5.7,1547.7,1501.18,1454.65,Bearish,8,3,6,7,2,2,0,0,26
03-Nov-25,25-Nov-25,PIIND,Non-Hld,3695,3600,3378.25,9.38,3821.75,3.43,0.8,59.75,-7.02,-25.15,18.13,3653.12,3571.58,3490.05,Bullish,9,3,11,3,2,0,0,0,22
03-Nov-25,25-Nov-25,PNB,Non-Hld,123.3,125,118.6,3.96,131.4,6.57,0.77,69.35,2.89,2.5,0.39,123.49,117.56,111.62,Bearish,5,14,20,12,4,0,0,0,39
03-Nov-25,25-Nov-25,PNBHOUSING,Non-Hld,939,1000,927.4,1.25,1072.6,14.23,0.77,68,21.1,14.9,6.19,957.13,887.74,818.35,Bullish,11,9,14,10,1,1,0,0,28
03-Nov-25,25-Nov-25,POLICYBZR,Non-Hld,1814,1800,1693.2,7.13,1906.8,5.12,0.6,57.52,8.29,-10.12,18.41,1835.61,1724.92,1614.22,Bearish,6,11,7,12,0,0,0,0,34
03-Nov-25,25-Nov-25,POLYCAB,Non-Hld,7641,7800,7432.1,2.81,8167.9,6.9,0.63,52.65,75.69,78.84,-3.15,7807.17,7626.35,7445.53,Bearish,0,0,2,0,9,3,6,6,22
03-Nov-25,25-Nov-25,POWERGRID,Holding,288,300,282,2.13,318,10.42,0.61,49.28,0.96,1.07,-0.11,293.55,289,284.44,Bearish,0,1,17,2,22,1,1,1,35
03-Nov-25,25-Nov-25,POWERINDIA,Non-Hld,17850,17000,15477.8,15.33,18522.2,3.77,0.54,50.88,-289.99,-424.81,134.83,18281.99,17513.4,16744.81,Bearish,8,0,6,0,6,0,6,1,22
03-Nov-25,25-Nov-25,PPLPHARMA,Non-Hld,201.29,210,192.41,4.62,227.59,13.07,0.49,54.23,1.39,0.94,0.44,206.12,198.29,190.46,Bearish,8,5,3,1,2,0,10,2,26
03-Nov-25,25-Nov-25,PRESTIGE,Non-Hld,1782.4,1800,1687.5,5.62,1912.5,7.3,0.49,69.05,49.14,41.97,7.18,1850.68,1679.32,1507.96,Bullish,9,6,14,4,2,0,0,0,25
03-Nov-25,25-Nov-25,RBLBANK,Non-Hld,328.85,330,312.2,5.33,347.8,5.76,0.69,72.94,13.66,12.68,0.99,343.5,306.86,270.22,Bearish,10,3,4,9,2,0,1,0,25
03-Nov-25,25-Nov-25,RECLTD,Non-Hld,379.1,370,349.5,8.47,390.5,3.01,0.75,55.86,1.66,0.65,1.01,381.37,371.88,362.4,Bearish,16,6,11,10,1,0,0,0,26
03-Nov-25,25-Nov-25,RELIANCE,Non-Hld,1487.3,1500,1449.75,2.59,1550.25,4.23,0.78,67.38,28.3,21.54,6.76,1528.62,1429.69,1330.76,Bearish,1,0,4,11,15,12,15,7,47
03-Nov-25,25-Nov-25,RVNL,Non-Hld,328.85,330,306.25,7.38,353.75,7.57,0.59,40.96,-3.62,-3.17,-0.45,350.5,335.7,320.9,Bullish,10,2,12,4,4,3,0,0,22
03-Nov-25,25-Nov-25,SAIL,Non-Hld,138.1,140,131.02,5.4,148.98,7.88,0.66,60.51,1.43,0.69,0.74,139.24,132.53,125.82,Bullish,14,19,22,14,1,0,0,0,46
03-Nov-25,25-Nov-25,SAMMAANCAP,Non-Hld,190,190,175.37,8.34,204.63,7.7,0.82,76.74,10.86,10.21,0.65,195.59,173.19,150.79,Bearish,3,3,6,11,4,6,0,0,25
03-Nov-25,25-Nov-25,SBICARD,Non-Hld,886,950,875.5,1.2,1024.5,15.63,0.47,44.92,3.44,11.14,-7.7,949.11,915.12,881.12,Bullish,3,2,10,8,7,6,0,2,31
03-Nov-25,25-Nov-25,SBILIFE,Non-Hld,1969.5,1900,1799.8,9.43,2000.2,1.56,0.97,74.18,39.12,24.05,15.07,1989.61,1858.86,1728.11,Bearish,11,5,8,7,1,0,0,0,29
03-Nov-25,25-Nov-25,SBIN,Non-Hld,948.6,950,908.25,4.44,991.75,4.55,0.72,78,23.22,19.84,3.38,955.27,900.35,845.44,Bullish,24,13,28,15,0,0,0,0,52
03-Nov-25,25-Nov-25,SHREECEM,Non-Hld,28045,30000,27971.25,0.26,32028.75,14.2,0.4,34.28,-332.62,-240.68,-91.94,30111,29062.85,28014.71,Bearish,0,0,1,0,12,2,11,3,37
03-Nov-25,25-Nov-25,SHRIRAMFIN,Non-Hld,795.15,800,753.7,5.5,846.3,6.43,1.04,89.54,32.16,24.51,7.65,769.49,699.53,629.58,Bullish,14,11,17,11,0,0,0,1,33
03-Nov-25,25-Nov-25,SIEMENS,Holding,3125.1,3150,2988.8,4.56,3311.2,5.96,0.54,47.84,-13.24,-13.1,-0.14,3238.21,3142.97,3047.73,Bullish,10,4,11,2,0,0,0,0,22
03-Nov-25,25-Nov-25,SOLARINDS,Non-Hld,14160,14000,13138.5,7.77,14861.5,4.95,0.72,53.81,-42.04,-56.13,14.09,14228.68,14038.1,13847.52,Bullish,6,4,9,2,1,0,0,0,16
03-Nov-25,25-Nov-25,SONACOMS,Non-Hld,480.45,500,467.2,2.84,532.8,10.9,0.61,65.48,13.35,11.21,2.14,507.7,456.78,405.86,Bearish,7,15,6,12,0,0,1,0,31
03-Nov-25,25-Nov-25,SRF,Non-Hld,2974.9,3000,2859.65,4.03,3140.35,5.56,0.56,44.95,8.09,28.44,-20.35,3198.52,3044.02,2889.52,Bullish,5,6,8,2,3,1,0,0,21
03-Nov-25,25-Nov-25,SUNPHARMA,Non-Hld,1706.6,1700,1628.6,4.79,1771.4,3.8,0.65,61.65,19.01,17.72,1.29,1721.08,1677.49,1633.9,Bearish,12,2,11,2,1,0,0,0,25
03-Nov-25,25-Nov-25,SUPREMEIND,Non-Hld,3920.3,4000,3787.1,3.52,4212.9,7.46,0.63,38.57,-119.97,-96.59,-23.37,4392.79,4078.85,3764.9,Bearish,7,11,10,7,1,0,0,0,31
03-Nov-25,25-Nov-25,SUZLON,Non-Hld,59.39,60,55.17,7.65,64.83,9.16,0.62,67.51,0.49,-0.34,0.84,59.08,54.89,50.7,Bearish,8,4,4,1,3,1,11,2,23
03-Nov-25,25-Nov-25,SYNGENE,Non-Hld,659.9,660,618.35,6.72,701.65,6.33,0.78,56.3,3.62,1.82,1.8,668.12,644.85,621.58,Bearish,10,3,9,4,0,0,0,0,20
03-Nov-25,25-Nov-25,TATACONSUM,Non-Hld,1195.5,1200,1146.6,4.26,1253.4,4.84,0.59,67.54,17,14.8,2.2,1201.99,1150.72,1099.46,Bullish,18,3,24,3,0,0,0,0,32
03-Nov-25,25-Nov-25,TATAELXSI,Non-Hld,5450,6000,5388.7,1.14,6611.3,21.31,0.53,46.82,-0.6,-13.39,12.79,5604.78,5445.78,5286.77,Bearish,0,0,4,3,12,2,1,2,20
03-Nov-25,25-Nov-25,TATAPOWER,Non-Hld,408.4,400,379.45,7.63,420.55,2.98,0.76,63.6,4.4,3.26,1.14,411.21,397.69,384.17,Bearish,13,4,13,5,1,0,1,0,25
03-Nov-25,25-Nov-25,TATASTEEL,Non-Hld,182.7,190,178.83,2.16,201.17,10.11,0.7,66.3,3.61,2.76,0.85,185.19,175.68,166.17,Bullish,3,2,12,7,6,9,3,0,26
03-Nov-25,25-Nov-25,TATATECH,Non-Hld,697.4,700,667.65,4.46,732.35,5.01,0.55,50.98,0.23,0.03,0.19,718.16,697.67,677.18,Bullish,8,2,9,3,3,1,0,0,22
03-Nov-25,25-Nov-25,TCS,Non-Hld,3019.5,3100,2972.95,1.57,3227.05,6.87,0.66,48.7,7.59,1.67,5.91,3098.72,3017,2935.29,Bearish,0,2,2,1,26,2,19,11,48
03-Nov-25,25-Nov-25,TECHM,Non-Hld,1419.7,1500,1411.2,0.6,1588.8,11.91,0.72,41.64,-5.77,-4.87,-0.9,1467.33,1442.47,1417.6,Bearish,0,0,2,2,13,4,4,4,26
03-Nov-25,25-Nov-25,TIINDIA,Non-Hld,3043,3200,2970,2.46,3430,12.72,0.68,41.37,-24.33,-11.02,-13.3,3231.39,3134.68,3037.98,Bearish,10,3,9,0,3,0,0,1,23
03-Nov-25,25-Nov-25,TITAGARH,Non-Hld,907,900,829.25,9.38,970.75,7.03,0.44,54.85,1.26,-0.18,1.43,919.74,892.7,865.66,Bearish,11,1,11,1,2,0,0,0,17
03-Nov-25,25-Nov-25,TITAN,Non-Hld,3731.4,3700,3524.2,5.88,3875.8,3.87,0.59,61.62,63.71,56.08,7.63,3864.27,3640.36,3416.45,Bearish,1,0,2,0,30,2,28,4,46
03-Nov-25,25-Nov-25,TMPV,Non-Hld,417.4,420,392.45,6.36,447.55,7.22,0.58,,,,,,,,Bearish,12,3,10,6,0,1,1,0,20
03-Nov-25,25-Nov-25,TORNTPHARM,Non-Hld,3627,3600,3439.8,5.44,3760.2,3.67,0.56,57.41,7.96,2.41,5.56,3631.21,3566.3,3501.4,Bullish,4,7,9,3,3,0,0,0,19
03-Nov-25,25-Nov-25,TORNTPOWER,Non-Hld,1343,1340,1256.9,6.85,1423.1,5.96,0.54,61.82,15.93,12.38,3.56,1373.52,1292.49,1211.45,Bearish,11,4,11,3,0,0,0,0,21
03-Nov-25,25-Nov-25,TRENT,Non-Hld,4714,4800,4471.65,5.42,5128.35,8.79,0.88,41.57,-56.7,-70.71,14.01,4855.63,4734.3,4612.96,Bullish,8,3,11,5,1,1,0,0,17
03-Nov-25,25-Nov-25,TVSMOTOR,Non-Hld,3505.5,3600,3420.65,2.48,3779.35,7.81,0.47,48.74,21.74,40.19,-18.45,3673.82,3550.84,3427.87,Bullish,0,2,12,3,6,10,0,0,22
03-Nov-25,25-Nov-25,ULTRACEMCO,Non-Hld,11970,12000,11577.7,3.39,12422.3,3.78,0.61,41.62,-93.07,-76.74,-16.33,12441.58,12131.5,11821.42,Bullish,3,1,8,7,14,3,0,0,36
03-Nov-25,25-Nov-25,UNIONBANK,Non-Hld,151.07,150,141.11,7.06,158.89,5.18,0.82,66.59,3.04,2.24,0.8,149.69,141.39,133.1,Bullish,10,6,11,8,2,0,0,0,21
03-Nov-25,25-Nov-25,UNITDSPR,Non-Hld,1446.8,1500,1427.85,1.33,1572.15,8.66,0.55,74.02,21.65,12.13,9.52,1427.06,1359.62,1292.18,Bearish,7,21,10,20,1,0,1,0,51
03-Nov-25,25-Nov-25,UNOMINDA,Non-Hld,1260,1200,1089.95,15.6,1310.05,3.97,0.99,55.03,-11.2,-14.69,3.49,1332.3,1237.82,1143.34,Bearish,18,1,15,1,2,0,3,0,22
03-Nov-25,25-Nov-25,UPL,Non-Hld,729.05,720,676.8,7.72,763.2,4.68,0.68,70.96,9.56,2.89,6.67,725.43,687.62,649.8,Bullish,10,7,13,6,0,0,0,0,22
03-Nov-25,25-Nov-25,VBL,Non-Hld,475.5,500,468.1,1.58,531.9,11.86,0.51,55.5,3.97,0.23,3.74,488.13,456.85,425.56,Bearish,12,9,9,14,1,0,0,0,36
03-Nov-25,25-Nov-25,VEDL,Non-Hld,512.7,500,466.5,9.9,533.5,4.06,0.75,65.88,13.03,11.65,1.39,515.47,487.15,458.84,Bullish,15,11,18,13,0,0,0,0,35
03-Nov-25,25-Nov-25,VOLTAS,Non-Hld,1369.6,1400,1307.65,4.74,1492.35,8.96,0.81,40.23,4.57,10.65,-6.08,1464.6,1407.8,1351.01,Bearish,0,0,1,0,14,3,11,4,23
03-Nov-25,25-Nov-25,WIPRO,Non-Hld,240.72,250,236.72,1.69,263.28,9.37,0.66,42.67,-1.45,-1.15,-0.3,251.25,244.25,237.26,Bearish,0,0,12,5,16,8,2,1,35
03-Nov-25,25-Nov-25,YESBANK,Non-Hld,22.97,23,21.66,6.05,24.34,5.96,0.39,59.38,0.34,0.44,-0.1,23.89,22.78,21.67,Bullish,4,3,5,2,2,0,0,0,11
03-Nov-25,25-Nov-25,ZYDUSLIFE,Non-Hld,983.05,1020,962.1,2.18,1077.9,9.65,0.77,43.13,-3.74,-2.37,-1.37,1014.17,992.8,971.44,Bearish,11,2,11,5,3,1,1,0,30
04-Nov-25,25-Nov-25,360ONE,Non-Hld,1074.3,1200,1078.05,-0.35,1321.95,23.05,0.46,42.17,8.71,19.88,-11.16,1209.05,1127.62,1046.19,Bearish,0,0,0,0,8,3,8,5,20
04-Nov-25,25-Nov-25,ABB,Holding,5247,5200,4907,6.93,5493,4.69,0.87,52.25,8.6,0.99,7.61,5296.65,5203.52,5110.4,Bearish,0,0,3,1,13,3,9,4,34
04-Nov-25,25-Nov-25,ABCAPITAL,Non-Hld,331.9,350,327.9,1.22,372.1,12.11,0.82,70.94,9.5,7,2.5,331.7,308.26,284.81,Bearish,0,0,0,1,7,7,3,8,24
04-Nov-25,25-Nov-25,ADANIENSOL,Non-Hld,983,1000,929.8,5.72,1070.2,8.87,0.5,65.81,26.66,24.89,1.77,991.01,946.08,901.15,Bearish,0,1,2,0,13,5,11,10,30
04-Nov-25,25-Nov-25,ADANIENT,Non-Hld,2399.9,2500,2323.6,3.28,2676.4,11.52,0.75,36.7,-5.91,9.64,-15.55,2588.64,2520.55,2452.47,Bearish,0,0,0,0,30,3,22,3,39
04-Nov-25,25-Nov-25,ADANIGREEN,Non-Hld,1083,1200,1071.05,1.12,1328.95,22.71,0.59,55.31,19.9,14.74,5.16,1133.99,1060.27,986.55,Bearish,0,0,0,4,13,6,6,11,24
04-Nov-25,25-Nov-25,ADANIPORTS,Non-Hld,1441.9,1460,1388.6,3.84,1531.4,6.21,0.5,54,10.93,13.17,-2.24,1491.84,1439.48,1387.12,Bearish,0,0,6,5,13,3,4,2,23
04-Nov-25,25-Nov-25,ALKEM,Non-Hld,5633,5700,5402.4,4.27,5997.6,6.47,1.07,64.55,38.24,32.15,6.09,5635.56,5526.4,5417.24,Bearish,8,3,8,4,3,0,0,0,32
04-Nov-25,25-Nov-25,AMBER,Non-Hld,7833,8400,7660.4,2.25,9139.6,16.68,0.64,35.72,-17.38,51.5,-68.88,8562.84,8232.98,7903.11,Bearish,0,0,1,0,12,5,7,6,25
04-Nov-25,25-Nov-25,AMBUJACEM,Non-Hld,567,580,551.95,2.73,608.05,7.24,0.68,49.43,-1.14,-2.33,1.19,575.96,565.96,555.96,Bearish,0,0,2,0,18,6,21,4,33
04-Nov-25,25-Nov-25,ANGELONE,Non-Hld,2522,2600,2414,4.47,2786,10.47,0.62,60.25,60.5,55.64,4.86,2661.86,2447.13,2232.41,Bearish,0,0,1,0,8,4,9,3,19
04-Nov-25,25-Nov-25,APLAPOLLO,Non-Hld,1782,1800,1715.95,3.85,1884.05,5.73,0.63,60.44,23.7,22.47,1.23,1804.89,1756.38,1707.88,Bearish,0,0,0,0,9,6,5,7,24
04-Nov-25,25-Nov-25,APOLLOHOSP,Non-Hld,7790,8000,7624.25,2.17,8375.75,7.52,0.53,51.81,30.29,42.64,-12.35,8025.62,7812.38,7599.13,Bearish,1,1,2,0,19,2,17,4,45
04-Nov-25,25-Nov-25,ASHOKLEY,Non-Hld,140.25,140,131.53,6.63,148.47,5.86,0.6,56.08,1.03,0.85,0.18,142.35,138.24,134.14,Bearish,0,0,0,0,19,6,15,10,41
04-Nov-25,25-Nov-25,ASIANPAINT,Non-Hld,2492,2600,2454.25,1.54,2745.75,10.18,0.65,54.3,24.26,17.2,7.06,2609.06,2446.78,2284.51,Bearish,0,1,0,0,15,5,14,5,39
04-Nov-25,25-Nov-25,ASTRAL,Non-Hld,1469,1500,1420.6,3.41,1579.4,7.52,0.54,58.41,12.82,9.39,3.43,1481.02,1440.95,1400.88,Bearish,1,0,0,0,8,4,11,2,22
04-Nov-25,25-Nov-25,AUBANK,Non-Hld,880.1,880,838.75,4.93,921.25,4.68,1.01,72.78,35.48,33.41,2.06,926.45,828.76,731.08,Bearish,11,5,11,6,0,1,0,0,33
04-Nov-25,25-Nov-25,AUROPHARMA,Non-Hld,1152,1100,1020.45,12.89,1179.55,2.39,0.78,63.14,11.2,6.53,4.67,1155.02,1111.4,1067.77,Bearish,0,0,9,4,10,3,2,0,19
04-Nov-25,25-Nov-25,AXISBANK,Non-Hld,1226.1,1300,1225.35,0.06,1374.65,12.12,0.59,58.31,24.6,27.63,-3.03,1275.36,1214.63,1153.9,Bearish,0,0,1,0,15,11,11,10,36
04-Nov-25,25-Nov-25,BAJAJ-AUTO,Non-Hld,8751,9000,8518.7,2.73,9481.3,8.35,0.69,38.57,1.08,36.51,-35.43,9238.32,8998.15,8757.98,Bearish,0,1,0,0,18,5,13,4,31
04-Nov-25,25-Nov-25,BAJAJFINSV,Non-Hld,2074,2100,2003.35,3.53,2196.65,5.91,0.63,47.56,18.73,26.24,-7.51,2204.88,2090.65,1976.42,Bearish,1,3,0,0,14,9,11,7,34
04-Nov-25,25-Nov-25,BAJFINANCE,Non-Hld,1054.7,1100,1032.7,2.13,1167.3,10.68,0.79,56.8,16.04,22.3,-6.26,1105.01,1055.3,1005.59,Bearish,23,6,23,3,0,1,0,0,41
04-Nov-25,25-Nov-25,BANDHANBNK,Non-Hld,156.1,170,155.08,0.66,184.92,18.46,0.53,39.01,-0.66,0.62,-1.28,176.48,165.49,154.49,Bearish,1,0,1,1,14,5,7,10,27
04-Nov-25,25-Nov-25,BANKBARODA,Non-Hld,288.05,280,264.2,9.03,295.8,2.69,0.9,70.43,7.79,6.48,1.3,286.4,270.82,255.23,Bearish,0,0,0,1,11,16,9,21,42
04-Nov-25,25-Nov-25,BANKINDIA,Non-Hld,141.5,140,131.92,7.26,148.08,4.65,0.71,73.16,5.47,4.67,0.8,145.95,132.18,118.42,Bearish,2,0,2,3,15,7,13,6,43
04-Nov-25,25-Nov-25,BDL,Non-Hld,1481,1540,1420.75,4.24,1659.25,12.04,0.67,41.36,-5.99,-4.6,-1.4,1556.67,1520.26,1483.86,Bearish,0,0,1,0,18,3,13,6,24
04-Nov-25,25-Nov-25,BEL,Holding,415.75,420,399.65,4.03,440.35,5.92,0.55,53.42,4.51,4.82,-0.31,425.25,413.28,401.31,Bearish,0,0,0,0,19,3,12,9,28
04-Nov-25,25-Nov-25,BHARATFORG,Non-Hld,1325,1300,1218.6,8.73,1381.4,4.26,0.7,64.58,30.55,24.41,6.13,1358.8,1267,1175.19,Bearish,0,0,1,0,11,3,8,5,24
04-Nov-25,25-Nov-25,BHARTIARTL,Non-Hld,2110,2100,2032.65,3.81,2167.35,2.72,0.42,69.42,43.07,36.75,6.32,2136.7,2015.75,1894.8,Bullish,12,7,14,10,1,0,0,0,34
04-Nov-25,25-Nov-25,BHEL,Non-Hld,267.1,260,243.9,9.51,276.1,3.37,1.25,77.01,7.34,3.93,3.41,265.94,242.24,218.54,Bullish,16,9,17,10,0,0,0,0,39
04-Nov-25,25-Nov-25,BIOCON,Non-Hld,381,380,358.4,6.31,401.6,5.41,0.62,66.91,5.54,3.12,2.42,381.37,361.66,341.95,Bullish,9,4,14,4,2,2,4,0,23
04-Nov-25,25-Nov-25,BLUESTARCO,Non-Hld,1909.9,2000,1859.5,2.71,2140.5,12.07,0.54,46.13,8.63,14.06,-5.43,2008.21,1942.03,1875.85,Bearish,1,0,1,0,12,3,8,5,26
04-Nov-25,25-Nov-25,BOSCHLTD,Non-Hld,37650,38000,36122.65,4.23,39877.35,5.92,0.52,44.09,-404.24,-293.28,-110.96,39623.33,38328.75,37034.17,Bearish,6,10,8,6,0,0,0,0,26
04-Nov-25,25-Nov-25,BPCL,Non-Hld,373,350,322,15.84,378,1.34,1.05,75.7,8.32,5.18,3.13,366.27,343.73,321.2,Bearish,6,11,8,12,0,0,0,0,25
04-Nov-25,25-Nov-25,BRITANNIA,Non-Hld,5914,6000,5720.2,3.39,6279.8,6.19,0.63,47.08,-21.68,-5.68,-16,6113.46,5919.98,5726.49,Bearish,14,5,12,5,1,1,0,0,37
04-Nov-25,25-Nov-25,BSE,Holding,2495,2500,2299.45,8.5,2700.55,8.24,0.78,59.77,62.3,61.89,0.41,2607.59,2442.71,2277.84,Bearish,0,0,1,2,9,5,7,11,22
04-Nov-25,25-Nov-25,CAMS,Holding,3803,4000,3721.45,2.19,4278.55,12.5,0.61,44.38,9.59,8.91,0.69,3980.79,3860.31,3739.84,Bearish,0,0,0,0,16,0,8,7,25
04-Nov-25,25-Nov-25,CANBK,Non-Hld,139.5,140,132.65,5.16,147.35,5.63,1.12,75.81,4.45,3.58,0.87,137.98,129.27,120.56,Bearish,0,0,8,6,15,13,8,5,45
04-Nov-25,25-Nov-25,CDSL,Holding,1536.9,1600,1498.95,2.53,1701.05,10.68,0.55,41.26,9.94,16.83,-6.89,1652.87,1598.02,1543.16,Bearish,0,0,0,0,16,5,14,5,26
04-Nov-25,25-Nov-25,CGPOWER,Holding,748,730,689.15,8.54,770.85,3.05,0.75,52.56,-1.54,-1.52,-0.02,766.11,743.73,721.36,Bearish,8,8,8,4,0,0,0,0,25
04-Nov-25,25-Nov-25,CHOLAFIN,Non-Hld,1750,1800,1673.95,4.54,1926.05,10.06,0.58,66.69,37.13,36.68,0.45,1762.48,1679.46,1596.43,Bearish,9,3,6,9,2,4,0,1,27
04-Nov-25,25-Nov-25,CIPLA,Non-Hld,1503,1600,1498.25,0.32,1701.75,13.22,0.45,40.08,-4.96,6.1,-11.07,1655.56,1561.3,1467.04,Bearish,1,2,2,2,18,15,13,8,52
04-Nov-25,25-Nov-25,COALINDIA,Holding,378,389.75,373.8,1.12,405.7,7.33,0.79,49.45,0.42,0.62,-0.2,385.7,377.23,368.76,Bearish,1,0,10,7,11,11,5,2,44
04-Nov-25,25-Nov-25,COFORGE,Non-Hld,1763.8,1800,1700.65,3.71,1899.35,7.69,0.47,53.87,25.8,23.04,2.76,1829.7,1752.2,1674.7,Bearish,0,0,0,0,13,9,10,11,34
04-Nov-25,25-Nov-25,COLPAL,Non-Hld,2191,2300,2170.85,0.93,2429.15,10.87,0.66,42.98,-12.18,-12.51,0.33,2268.41,2216.14,2163.87,Bearish,0,0,1,0,14,5,11,5,36
04-Nov-25,25-Nov-25,CONCOR,Non-Hld,541.55,550,522.05,3.74,577.95,6.72,0.78,51.66,1.93,0.06,1.87,552.64,537.71,522.78,Bearish,0,0,0,0,12,7,10,6,29
04-Nov-25,25-Nov-25,CROMPTON,Non-Hld,283.45,300,276.5,2.51,323.5,14.13,0.67,36.06,-4.39,-4.91,0.52,293.84,287.24,280.65,Bearish,1,0,0,0,11,1,5,5,22
04-Nov-25,25-Nov-25,CUMMINSIND,Non-Hld,4320,4200,3924.3,10.08,4475.7,3.6,0.96,66.66,110.8,82.48,28.32,4466.62,4111.12,3755.62,Bearish,0,0,0,0,4,11,10,2,32
04-Nov-25,25-Nov-25,CYIENT,Non-Hld,1156.9,1200,1131.85,2.21,1268.15,9.62,0.64,45.79,-0.46,0.02,-0.48,1208.73,1166.51,1124.29,Bearish,0,0,2,1,9,4,6,1,22
04-Nov-25,25-Nov-25,DABUR,Non-Hld,516.5,500,474.55,8.84,525.45,1.73,0.6,57.19,-0.92,-2.7,1.78,519.36,499.18,479,Bullish,13,10,19,4,0,0,0,0,34
04-Nov-25,25-Nov-25,DALBHARAT,Non-Hld,2050.1,2100,1999.65,2.52,2200.35,7.33,0.44,24.1,-55.44,-48.5,-6.94,2290.9,2165.84,2040.78,Bearish,0,0,0,0,15,2,10,3,38
04-Nov-25,25-Nov-25,DELHIVERY,Non-Hld,486,500,463.15,4.93,536.85,10.46,0.52,58.05,4.11,3.16,0.95,486.66,470.45,454.24,Bullish,17,3,19,1,0,0,0,0,28
04-Nov-25,25-Nov-25,DIVISLAB,Non-Hld,6818,6600,6150.9,10.85,7049.1,3.39,0.64,71.77,158.23,137.64,20.6,6916.73,6526.75,6136.77,Bearish,15,7,1,0,1,2,17,9,41
04-Nov-25,25-Nov-25,DIXON,Non-Hld,15258,16000,14933.8,2.17,17066.2,11.85,0.49,30.88,-492.41,-430.39,-62.02,17683.97,16217.4,14750.83,Bearish,0,0,1,0,12,9,6,7,25
04-Nov-25,25-Nov-25,DLF,Non-Hld,773,800,761.3,1.54,838.7,8.5,0.73,56.12,6.5,5.26,1.25,796.6,760.83,725.06,Bearish,0,0,0,2,7,10,8,8,26
04-Nov-25,25-Nov-25,DMART,Non-Hld,4185,4200,4016.25,4.2,4383.75,4.75,0.48,35.9,-79.29,-79.61,0.32,4353.33,4245.09,4136.85,Bearish,9,10,9,4,0,0,0,0,28
04-Nov-25,25-Nov-25,DRREDDY,Non-Hld,1197.5,1300,1196.05,0.12,1403.95,17.24,0.42,35,-14.19,-6.36,-7.82,1310.24,1248.79,1187.34,Bearish,6,5,10,13,10,2,0,0,45
04-Nov-25,25-Nov-25,EICHERMOT,Non-Hld,6917,7000,6681,3.53,7319,5.81,0.89,51.94,48.49,64.8,-16.31,7060.51,6945.62,6830.74,Bearish,0,1,1,0,11,12,11,13,38
04-Nov-25,25-Nov-25,ETERNAL,Non-Hld,313.5,330,307.85,1.84,352.15,12.33,0.47,35.49,-3,0.27,-3.27,358.02,336.37,314.72,Bearish,0,0,1,0,20,1,11,6,25
04-Nov-25,25-Nov-25,EXIDEIND,Non-Hld,379.8,400,374.25,1.48,425.75,12.1,0.74,36.44,-5.26,-4.2,-1.06,407.58,391.64,375.7,Bearish,0,0,0,0,15,3,5,9,26
04-Nov-25,25-Nov-25,FEDERALBNK,Non-Hld,237.6,230,217.81,9.09,242.19,1.93,0.96,82.83,10.03,8.97,1.05,247.44,222.54,197.64,Bearish,1,1,6,10,12,7,5,0,36
04-Nov-25,25-Nov-25,FORTIS,Non-Hld,1019.9,1000,941.15,8.37,1058.85,3.82,0.58,46.04,9.49,20.03,-10.54,1110.67,1061.54,1012.4,Bearish,0,0,0,0,15,3,9,6,35
04-Nov-25,25-Nov-25,GAIL,Non-Hld,181.65,190,179.11,1.42,200.89,10.59,0.62,54.12,1.39,1.04,0.36,184.49,179.86,175.23,Bearish,0,0,1,0,9,7,4,9,23
04-Nov-25,25-Nov-25,GLENMARK,Non-Hld,1846,1900,1792.75,2.97,2007.25,8.74,0.82,38.93,-30.38,-36.75,6.37,1961.83,1877.79,1793.76,Bearish,0,0,0,0,10,8,7,12,34
04-Nov-25,25-Nov-25,GMRAIRPORT,Non-Hld,95.14,95,89.72,6.04,100.28,5.4,0.32,66.09,1.32,1.02,0.31,95.61,91.57,87.54,Bearish,18,4,14,7,0,0,0,0,29
04-Nov-25,25-Nov-25,GODREJCP,Non-Hld,1164.2,1160,1114.85,4.43,1205.15,3.52,0.79,54.97,-9.85,-17.97,8.11,1165.63,1128.54,1091.46,Bearish,0,0,1,1,7,9,6,4,22
04-Nov-25,25-Nov-25,GODREJPROP,Non-Hld,2295,2300,2151.75,6.66,2448.25,6.68,0.64,64.26,65.86,63,2.86,2422.53,2211.46,2000.39,Bearish,0,0,2,0,18,3,11,7,34
04-Nov-25,25-Nov-25,GRASIM,Non-Hld,2878.4,3000,2847.1,1.1,3152.9,9.54,0.63,53.9,28.64,25.84,2.81,2966.35,2858.22,2750.1,Bearish,0,0,2,2,14,7,9,7,38
04-Nov-25,25-Nov-25,HAL,Non-Hld,4679,5000,4609.65,1.5,5390.35,15.2,0.61,42.87,-14.52,8.39,-22.9,4923.4,4780.63,4637.86,Bearish,1,1,1,0,13,7,13,4,30
04-Nov-25,25-Nov-25,HAVELLS,Non-Hld,1483,1500,1440.6,2.94,1559.4,5.15,0.62,44.56,-7.52,-10.89,3.38,1517.07,1488.42,1459.78,Bearish,0,0,0,1,13,1,8,3,23
04-Nov-25,25-Nov-25,HCLTECH,Non-Hld,1525,1400,1264,20.65,1536,0.72,0.79,59.84,25.74,22.58,3.16,1573.19,1503.37,1433.56,Bearish,0,0,0,1,8,7,10,6,25
04-Nov-25,25-Nov-25,HDFCAMC,Non-Hld,5409,5400,5157.7,4.87,5642.3,4.31,0.63,39.57,-67.2,-39.83,-27.37,5832.18,5565.5,5298.82,Bearish,0,0,0,1,10,8,6,9,37
04-Nov-25,25-Nov-25,HDFCBANK,Non-Hld,985.7,1000,966.85,1.95,1033.15,4.81,0.75,48.57,5.78,7.49,-1.72,1014.96,992.02,969.08,Bearish,0,0,0,1,18,14,16,12,45
04-Nov-25,25-Nov-25,HDFCLIFE,Non-Hld,742.8,750,723.25,2.7,776.75,4.57,0.58,46.22,-5.79,-6.02,0.23,760.94,745.58,730.22,Bearish,9,4,5,7,0,0,0,0,24
04-Nov-25,25-Nov-25,HEROMOTOCO,Non-Hld,5303.5,5600,5248.6,1.05,5951.4,12.22,0.71,37.87,27.97,65.01,-37.04,5699.63,5555.52,5411.42,Bearish,0,0,3,0,20,7,13,6,38
04-Nov-25,25-Nov-25,HFCL,Non-Hld,77.1,75,68.66,12.29,81.34,5.5,0.53,53.57,0.45,0.53,-0.07,78.71,75.97,73.23,Bearish,3,0,1,2,11,7,13,7,26
04-Nov-25,25-Nov-25,HINDALCO,Non-Hld,830.85,850,799.8,3.88,900.2,8.35,1.08,63.86,25.63,22.66,2.96,874.39,802.68,730.96,Bearish,0,0,0,1,11,10,15,7,31
04-Nov-25,25-Nov-25,HINDPETRO,Non-Hld,483.05,480,454.05,6.39,505.95,4.74,0.76,72.73,13.27,11.09,2.17,482.68,457.11,431.54,Bearish,2,2,6,9,8,8,4,1,33
04-Nov-25,25-Nov-25,HINDUNILVR,Non-Hld,2443.9,2600,2427,0.7,2773,13.47,0.48,34.1,-23.72,-13.92,-9.8,2612.9,2519.25,2425.6,Bearish,0,1,0,0,17,8,13,8,38
04-Nov-25,25-Nov-25,HINDZINC,Non-Hld,473.4,550,473.5,-0.02,626.5,32.34,0.42,46.19,1.38,5.1,-3.72,515.82,490.33,464.84,Bearish,0,0,0,0,14,12,15,3,33
04-Nov-25,25-Nov-25,HUDCO,Non-Hld,232.8,240,223.25,4.28,256.75,10.29,0.57,54.38,2.74,2.25,0.49,238.83,230.22,221.62,Bearish,0,0,0,0,11,8,11,5,30
04-Nov-25,25-Nov-25,ICICIBANK,Non-Hld,1336.9,1400,1332.6,0.32,1467.4,9.76,0.53,35.92,-11.58,-7.31,-4.26,1421.72,1376.72,1331.71,Bearish,0,2,0,0,17,8,15,8,42
04-Nov-25,25-Nov-25,ICICIGI,Non-Hld,2040,2000,1906.45,7.01,2093.55,2.63,0.66,64.39,34.12,30.58,3.54,2098.49,1963.11,1827.73,Bullish,13,3,16,1,2,0,0,0,29
04-Nov-25,25-Nov-25,ICICIPRULI,Non-Hld,608,600,573.95,5.93,626.05,2.97,0.72,56.52,0.16,-0.9,1.05,608.5,597.58,586.67,Bearish,9,8,5,8,0,0,1,0,35
04-Nov-25,25-Nov-25,IDEA,Non-Hld,9.38,10,8.77,6.96,11.23,19.72,0.57,57.16,0.29,0.33,-0.04,9.88,9.1,8.32,Bearish,0,0,2,0,3,6,5,1,10
04-Nov-25,25-Nov-25,IDFCFIRSTB,Non-Hld,81,84,79.19,2.29,88.81,9.64,0.57,70.73,2.57,2.03,0.54,83.29,76.31,69.34,Bearish,0,0,3,2,13,7,12,5,32
04-Nov-25,25-Nov-25,IEX,Holding,138.15,150,135.2,2.18,164.8,19.29,0.59,42.04,-0.17,-0.1,-0.07,149.26,140.56,131.85,Bearish,0,0,0,0,11,6,10,5,22
04-Nov-25,25-Nov-25,IGL,Non-Hld,214.9,220,206.06,4.29,233.94,8.86,0.65,54.91,0.62,0.37,0.24,220.09,213.23,206.36,Bearish,2,1,1,2,11,6,9,7,26
04-Nov-25,25-Nov-25,IIFL,Non-Hld,539,550,514.7,4.72,585.3,8.59,0.55,71.22,19.46,16.07,3.39,544.49,505.5,466.51,Bearish,0,0,2,3,5,7,3,4,21
04-Nov-25,25-Nov-25,INDHOTEL,Non-Hld,744.2,800,738.25,0.81,861.75,15.8,0.71,50.41,-0.11,-2.17,2.06,753.06,737.84,722.63,Bearish,0,0,3,1,13,1,5,4,24
04-Nov-25,25-Nov-25,INDIANB,Non-Hld,871.25,870,819.9,6.26,920.1,5.61,0.74,79.1,38.01,34.05,3.96,890.5,810.7,730.89,Bearish,0,0,7,4,4,10,6,3,35
04-Nov-25,25-Nov-25,INDIGO,Holding,5630,6000,5580.3,0.89,6419.7,14.03,0.84,41.96,-11.6,10.05,-21.65,5952.08,5772.45,5592.82,Bearish,0,0,0,0,17,7,11,8,37
04-Nov-25,25-Nov-25,INDUSINDBK,Non-Hld,787.1,800,758.5,3.77,841.5,6.91,0.71,59.9,12.53,8.26,4.27,811.07,766.82,722.56,Bearish,0,0,0,3,10,9,7,10,27
04-Nov-25,25-Nov-25,INDUSTOWER,Non-Hld,392.3,380,356.75,9.96,403.25,2.79,0.65,66.78,7.99,4.83,3.16,390.58,361.09,331.6,Bullish,9,9,15,8,1,0,0,0,29
04-Nov-25,25-Nov-25,INFY,Non-Hld,1468,1500,1424.1,3.08,1575.9,7.35,0.58,48.16,6.37,5.61,0.76,1525.75,1474.4,1423.06,Bearish,0,1,0,0,15,4,12,8,25
04-Nov-25,25-Nov-25,INOXWIND,Non-Hld,155.3,160,148.03,4.91,171.97,10.73,0.5,59.8,2.7,2,0.69,159.59,150.15,140.7,Bearish,1,0,0,0,10,4,8,7,22
04-Nov-25,25-Nov-25,IOC,Non-Hld,169.05,160,148.5,13.84,171.5,1.45,1.12,78.27,4.64,3.26,1.38,167.89,156.67,145.44,Bullish,17,17,20,5,0,0,5,6,54
04-Nov-25,25-Nov-25,IRCTC,Holding,719.9,720,689.7,4.38,750.3,4.22,0.68,49.76,1.81,1.21,0.6,731.18,717.58,703.99,Bearish,0,0,0,0,14,7,9,10,38
04-Nov-25,25-Nov-25,IREDA,Non-Hld,151.2,155,145.26,4.09,164.74,8.96,0.51,47.42,0.44,0.66,-0.22,156.09,152.41,148.74,Bearish,0,0,0,0,14,2,14,5,20
04-Nov-25,25-Nov-25,IRFC,Non-Hld,122.3,125,118.49,3.22,131.51,7.53,0.55,43.15,-0.38,-0.3,-0.08,125.64,123.82,122.01,Bearish,0,0,0,0,16,3,11,6,37
04-Nov-25,25-Nov-25,ITC,Non-Hld,408.8,420,406.05,0.68,433.95,6.15,0.53,47.17,2.75,2.53,0.22,426.5,409.81,393.13,Bearish,0,0,0,0,19,7,12,12,45
04-Nov-25,25-Nov-25,JINDALSTEL,Non-Hld,1075.5,1100,1041.45,3.27,1158.55,7.72,1.05,64.01,12.26,5.49,6.77,1090.08,1032.48,974.88,Bearish,3,2,3,2,8,6,12,5,35
04-Nov-25,25-Nov-25,JIOFIN,Non-Hld,302.1,310,294.45,2.6,325.55,7.76,0.62,40.15,-0.83,-0.53,-0.3,313.5,308.21,302.92,Bearish,0,0,1,0,13,2,10,5,20
04-Nov-25,25-Nov-25,JSWENERGY,Non-Hld,528,600,529.1,-0.21,670.9,27.06,0.42,46.12,-0.55,0.73,-1.28,551.39,536.82,522.26,Bearish,0,0,0,0,11,2,10,0,17
04-Nov-25,25-Nov-25,JSWSTEEL,Non-Hld,1180.9,1220,1162.9,1.55,1277.1,8.15,0.64,56.99,17.88,16.61,1.27,1212.57,1168.14,1123.71,Bearish,0,0,0,1,8,10,4,16,36
04-Nov-25,25-Nov-25,JUBLFOOD,Non-Hld,594.4,600,567.3,4.78,632.7,6.44,0.87,42.81,-5.05,-6.8,1.75,614.48,597.88,581.28,Bearish,0,0,1,0,10,3,9,3,22
04-Nov-25,25-Nov-25,KALYANKJIL,Non-Hld,523.5,500,457.4,14.45,542.6,3.65,0.63,65.66,6.46,2.19,4.26,523.96,494.86,465.76,Bullish,10,4,12,4,0,0,0,0,21
04-Nov-25,25-Nov-25,KAYNES,Non-Hld,6678,7000,6398.6,4.37,7601.4,13.83,0.53,40.4,-82.42,-47.31,-35.11,7344.72,6907.05,6469.38,Bearish,14,1,11,2,3,0,2,0,25
04-Nov-25,25-Nov-25,KEI,Non-Hld,3997,4300,3943.05,1.37,4656.95,16.51,0.43,40.02,-27.24,-0.33,-26.91,4394.9,4161.57,3928.23,Bearish,1,0,3,6,6,5,0,0,23
04-Nov-25,25-Nov-25,KFINTECH,Holding,1069.4,1200,1055.2,1.35,1344.8,25.75,0.38,41.04,3.39,9.25,-5.86,1187.59,1111.5,1035.42,Bearish,0,0,0,0,12,4,5,9,23
04-Nov-25,25-Nov-25,KOTAKBANK,Non-Hld,2094.8,2200,2087.6,0.34,2312.4,10.39,0.57,44.77,13.66,29.02,-15.36,2230.29,2156.85,2083.4,Bearish,1,1,1,0,13,7,9,9,32
04-Nov-25,25-Nov-25,KPITTECH,Non-Hld,1155.6,1200,1111.05,4.01,1288.95,11.54,0.7,42.82,-8.13,-10.11,1.99,1197.07,1165.98,1134.89,Bearish,0,0,0,0,13,0,8,3,20
04-Nov-25,25-Nov-25,LAURUSLABS,Non-Hld,983.4,900,807.3,21.81,992.7,0.95,0.75,72,25.97,18.84,7.14,999,914.81,830.62,Bearish,3,14,11,11,3,3,0,0,36
04-Nov-25,25-Nov-25,LICHSGFIN,Non-Hld,574,600,569.3,0.83,630.7,9.88,0.63,49.64,1.62,1.9,-0.28,589.17,573.2,557.24,Bearish,0,0,2,3,9,10,6,5,35
04-Nov-25,25-Nov-25,LICI,Non-Hld,907.4,920,873.15,3.92,966.85,6.55,0.59,53.63,3.53,2.39,1.14,914.56,898.9,883.23,Bearish,2,0,0,0,11,8,11,5,27
04-Nov-25,25-Nov-25,LODHA,Non-Hld,1222,1200,1135.3,7.64,1264.7,3.49,0.64,61.43,8.62,0.81,7.81,1227.46,1173.97,1120.48,Bearish,1,0,3,2,3,10,4,6,20
04-Nov-25,25-Nov-25,LT,Non-Hld,3925,4000,3861.35,1.65,4138.65,5.44,0.51,59.32,75.86,73.3,2.56,4052.88,3870.94,3689.01,Bearish,0,0,0,1,23,8,13,19,49
04-Nov-25,25-Nov-25,LTF,Non-Hld,279.75,280,264.95,5.59,295.05,5.47,1.03,74.4,7.55,7.52,0.03,279.16,266.94,254.72,Bullish,1,4,13,2,9,3,2,1,36
04-Nov-25,25-Nov-25,LTIM,Non-Hld,5625,5700,5429.4,3.6,5970.6,6.14,0.56,58.99,101.82,99.42,2.4,5791.01,5550.03,5309.05,Bearish,0,0,0,0,11,7,10,7,34
04-Nov-25,25-Nov-25,LUPIN,Non-Hld,2003.5,2000,1882.95,6.4,2117.05,5.67,0.6,59.95,2.77,-3.97,6.73,1989.66,1946.67,1903.68,Bearish,16,2,11,4,0,0,2,0,31
04-Nov-25,25-Nov-25,M&M,Non-Hld,3584.3,3600,3430,4.5,3770,5.18,0.58,55.63,17.99,23.69,-5.7,3675.83,3537.78,3399.72,Bullish,11,1,15,1,6,0,2,0,24
04-Nov-25,25-Nov-25,MANAPPURAM,Non-Hld,266.3,280,261.55,1.82,298.45,12.07,0.51,31.89,-4.02,-1.86,-2.16,297.67,281.83,265.99,Bearish,0,0,0,0,15,5,11,5,38
04-Nov-25,25-Nov-25,MANKIND,Non-Hld,2365.2,2500,2317.45,2.06,2682.55,13.42,0.65,35.3,-28.79,-25.16,-3.63,2498.07,2439.18,2380.3,Bearish,0,0,0,0,7,1,4,4,16
04-Nov-25,25-Nov-25,MARICO,Non-Hld,718.95,730,697.05,3.14,762.95,6.12,0.9,48.05,1.25,1.48,-0.23,732.76,719.75,706.74,Bearish,0,0,0,0,10,3,4,4,21
04-Nov-25,25-Nov-25,MARUTI,Non-Hld,15356,16500,15385.5,-0.19,17614.5,14.71,0.34,33.34,50.72,193.88,-143.15,16694.54,16180.3,15666.06,Bearish,0,0,1,0,22,11,11,17,43
04-Nov-25,25-Nov-25,MAXHEALTH,Non-Hld,1139.5,1200,1121.2,1.63,1278.8,12.22,0.54,41.68,-0.58,3.81,-4.39,1219.36,1170.04,1120.72,Bearish,0,0,0,0,13,0,5,3,19
04-Nov-25,25-Nov-25,MAZDOCK,Non-Hld,2682,3000,2663.6,0.69,3336.4,24.4,0.38,34.68,-30.14,-16.74,-13.39,2900.68,2801.02,2701.35,Bearish,0,0,0,0,14,1,9,3,20
04-Nov-25,25-Nov-25,MCX,Holding,9328,9000,8274.75,12.73,9725.25,4.26,0.66,60.95,287.03,304.04,-17.01,9824.95,9088.33,8351.7,Bearish,0,0,1,2,14,9,11,13,39
04-Nov-25,25-Nov-25,MFSL,Non-Hld,1600,1600,1516.5,5.51,1683.5,5.22,0.73,57.4,-6.65,-10.59,3.94,1623.25,1559.84,1496.43,Bullish,9,7,10,5,1,0,1,0,24
04-Nov-25,25-Nov-25,MOTHERSON,Holding,104.55,115,103.2,1.31,126.8,21.28,0.45,46.99,0.47,0.74,-0.27,108.4,105.39,102.38,Bearish,1,1,0,1,20,5,17,9,34
04-Nov-25,25-Nov-25,MPHASIS,Non-Hld,2765,2800,2638.6,4.79,2961.4,7.1,0.47,47.05,3.32,2.46,0.86,2893.23,2793.6,2693.97,Bearish,0,0,0,0,8,4,8,4,19
04-Nov-25,25-Nov-25,MUTHOOTFIN,Non-Hld,3191,3200,2989,6.76,3411,6.89,0.49,54.55,35.32,55.14,-19.81,3325.5,3220.5,3115.49,Bearish,0,0,1,3,7,8,7,2,23
04-Nov-25,25-Nov-25,NATIONALUM,Non-Hld,233,240,222.97,4.5,257.03,10.31,0.66,59.5,6.49,6.77,-0.28,242.08,229.86,217.64,Bearish,0,0,0,0,18,5,14,5,34
04-Nov-25,25-Nov-25,NAUKRI,Non-Hld,1340,1400,1304.7,2.71,1495.3,11.59,0.63,45.14,2.67,1.45,1.21,1404.33,1354.22,1304.11,Bearish,0,0,0,0,10,4,6,6,22
04-Nov-25,25-Nov-25,NBCC,Non-Hld,114,120,110.79,2.9,129.21,13.34,0.48,53.22,1.69,1.44,0.26,117.77,113.13,108.48,Bearish,0,0,1,0,15,4,6,10,36
04-Nov-25,25-Nov-25,NCC,Non-Hld,206,210,194.81,5.74,225.19,9.32,0.71,43.01,0.18,0.08,0.11,215.4,209.93,204.46,Bearish,0,0,1,0,16,3,13,4,24
04-Nov-25,25-Nov-25,NESTLEIND,Non-Hld,1266.5,1300,1249.1,1.39,1350.9,6.66,0.38,59.53,22.12,23.27,-1.14,1332.65,1246.67,1160.69,Bearish,0,0,3,4,6,13,0,8,39
04-Nov-25,25-Nov-25,NHPC,Non-Hld,84.17,90,83.18,1.19,96.82,15.03,0.51,43.89,-0.03,0.25,-0.28,87.71,85.93,84.16,Bearish,0,0,0,0,12,2,12,2,26
04-Nov-25,25-Nov-25,NMDC,Non-Hld,74.33,80,73.59,1.01,86.41,16.25,0.61,44.09,-0.04,0.1,-0.13,78.1,75.79,73.48,Bearish,0,0,0,1,13,8,13,7,27
04-Nov-25,25-Nov-25,NTPC,Non-Hld,330.3,350,327.6,0.82,372.4,12.75,0.47,39.61,-0.06,1.1,-1.16,347.18,339.5,331.82,Bearish,0,0,1,0,19,9,19,3,39
04-Nov-25,25-Nov-25,NUVAMA,Non-Hld,7170,7200,6679.1,7.35,7720.9,7.68,0.58,54.69,132.03,160.46,-28.43,7433.74,7181.32,6928.91,Bullish,6,4,9,6,3,0,1,0,24
04-Nov-25,25-Nov-25,NYKAA,Non-Hld,250.89,260,242.48,3.47,277.52,10.61,0.65,49.33,1.95,3.74,-1.78,267.03,257.34,247.65,Bearish,10,7,7,5,0,1,0,2,34
04-Nov-25,25-Nov-25,OBEROIRLTY,Non-Hld,1781.7,1800,1716.2,3.82,1883.8,5.73,0.75,65.52,40.23,26.53,13.7,1822.75,1679.14,1535.53,Bearish,1,0,3,1,6,11,10,3,29
04-Nov-25,25-Nov-25,OFSS,Non-Hld,8333,8500,8037.85,3.67,8962.15,7.55,0.5,39.77,-93.2,-60.25,-32.96,9223.22,8661.02,8098.81,Bearish,0,0,0,0,14,3,9,3,28
04-Nov-25,25-Nov-25,OIL,Non-Hld,432,420,392.8,9.98,447.2,3.52,0.61,59.39,5.49,3.64,1.86,436.88,419.89,402.9,Bearish,0,0,1,0,9,7,5,9,25
04-Nov-25,25-Nov-25,ONGC,Non-Hld,252.65,260,247.05,2.27,272.95,8.03,0.53,57.18,3.88,3.72,0.16,258.69,249.64,240.59,Bearish,0,0,0,0,11,7,9,9,30
04-Nov-25,25-Nov-25,PAGEIND,Non-Hld,40070,41000,38906.9,2.99,43093.1,7.54,0.57,35.36,-550.7,-589.32,38.62,42047.67,41147,40246.33,Bearish,0,0,1,0,13,0,8,1,27
04-Nov-25,25-Nov-25,PATANJALI,Non-Hld,573.5,600,562.75,1.91,637.25,11.12,0.37,40.24,-1.55,-0.88,-0.67,608.15,591.39,574.63,Bearish,0,1,2,2,11,12,3,11,41
04-Nov-25,25-Nov-25,PAYTM,Non-Hld,1269,1300,1197.5,5.97,1402.5,10.52,0.68,52.17,22.47,26.21,-3.74,1332.69,1277.12,1221.54,Bearish,0,0,15,1,14,2,1,6,26
04-Nov-25,25-Nov-25,PERSISTENT,Non-Hld,5848,6000,5675,3.05,6325,8.16,0.7,61.86,163.02,152.85,10.17,6190.04,5689.89,5189.74,Bearish,0,0,0,0,10,4,6,6,22
04-Nov-25,25-Nov-25,PETRONET,Non-Hld,280.5,310,281.3,-0.28,338.7,20.75,1.34,50.76,0.98,0.72,0.26,286.4,280.8,275.2,Bearish,0,0,1,0,11,5,8,6,32
04-Nov-25,25-Nov-25,PFC,Holding,396.5,400,378.1,4.87,421.9,6.41,0.84,44.87,-0.67,-0.82,0.15,409.4,400.7,391.99,Bearish,0,0,0,0,16,6,13,7,25
04-Nov-25,25-Nov-25,PGEL,Non-Hld,570.1,600,549.2,3.81,650.8,14.16,0.51,50.78,3.85,3.42,0.43,606.26,568.82,531.38,Bearish,0,0,1,0,10,6,10,8,23
04-Nov-25,25-Nov-25,PHOENIXLTD,Non-Hld,1763,1760,1674.85,5.26,1845.15,4.66,0.66,70.59,39.23,33.64,5.59,1767.71,1670.24,1572.76,Bearish,3,8,6,8,3,2,0,0,27
04-Nov-25,25-Nov-25,PIDILITIND,Non-Hld,1455,1500,1437.85,1.19,1562.15,7.36,0.5,38.5,-11.62,-5.37,-6.25,1549.94,1499.48,1449.03,Bearish,0,2,0,0,9,3,4,5,26
04-Nov-25,25-Nov-25,PIIND,Non-Hld,3672.4,3600,3378.85,8.69,3821.15,4.05,0.78,59.47,0.58,-20.01,20.59,3666.01,3574.23,3482.45,Bearish,3,0,1,0,9,2,9,3,24
04-Nov-25,25-Nov-25,PNB,Non-Hld,123.01,125,118.73,3.6,131.27,6.71,0.77,68.32,2.97,2.59,0.37,124.24,117.99,111.74,Bearish,0,1,0,8,9,12,12,5,41
04-Nov-25,25-Nov-25,PNBHOUSING,Non-Hld,929.55,900,843.15,10.25,956.85,2.94,0.75,65.02,21.19,16.16,5.03,961.52,889.57,817.62,Bearish,0,0,0,0,10,8,5,9,28
04-Nov-25,25-Nov-25,POLICYBZR,Non-Hld,1823,1800,1691.65,7.76,1908.35,4.68,0.55,58.69,13.5,-5.4,18.9,1848.48,1729.8,1611.12,Bullish,10,7,12,0,2,0,3,2,34
04-Nov-25,25-Nov-25,POLYCAB,Non-Hld,7560,7700,7321.2,3.26,8078.8,6.86,0.58,50.07,63.71,75.82,-12.1,7806.67,7623.58,7440.48,Bearish,0,0,0,0,9,3,7,3,23
04-Nov-25,25-Nov-25,POWERGRID,Holding,278.8,290,272.65,2.26,307.35,10.24,0.53,38.71,0.05,0.87,-0.81,294.85,288.6,282.36,Bearish,0,0,1,0,24,3,12,6,35
04-Nov-25,25-Nov-25,POWERINDIA,Non-Hld,20341,20000,18546,9.68,21454,5.47,1.17,72.47,-36.42,-347.14,310.72,19101.83,17626.1,16150.37,Bullish,5,9,14,4,1,0,0,0,32
04-Nov-25,25-Nov-25,PPLPHARMA,Non-Hld,200.43,210,193.85,3.39,226.15,12.83,0.41,52.35,1.29,1.01,0.28,206.31,198.53,190.75,Bearish,1,0,3,1,16,1,12,3,26
04-Nov-25,25-Nov-25,PRESTIGE,Non-Hld,1745.8,1800,1687.5,3.45,1912.5,9.55,0.49,61.19,46.77,42.93,3.84,1850.94,1689.58,1528.22,Bearish,1,0,1,0,11,6,14,3,27
04-Nov-25,25-Nov-25,RBLBANK,Non-Hld,322.3,330,312.75,3.05,347.25,7.74,0.69,66.95,13.11,12.76,0.35,343.65,309.27,274.89,Bearish,1,0,0,1,6,4,4,7,25
04-Nov-25,25-Nov-25,RECLTD,Non-Hld,370.95,380,360.35,2.94,399.65,7.74,0.77,48.19,1.22,0.76,0.46,381.22,371.75,362.27,Bearish,0,0,0,0,11,8,15,7,26
04-Nov-25,25-Nov-25,RELIANCE,Non-Hld,1471.1,1500,1449.45,1.49,1550.55,5.4,0.74,62.41,26.96,22.62,4.34,1531.91,1434.59,1337.28,Bearish,0,0,0,1,18,10,8,17,47
04-Nov-25,25-Nov-25,RVNL,Non-Hld,326.8,330,304.75,7.24,355.25,8.71,0.55,38.09,-3.84,-3.3,-0.53,349.17,334.66,320.15,Bearish,0,0,0,0,14,2,10,7,22
04-Nov-25,25-Nov-25,SAIL,Non-Hld,138.2,140,131.43,5.15,148.57,7.5,0.65,60.85,1.63,0.88,0.76,139.96,132.81,125.66,Bullish,4,2,13,14,20,6,2,1,46
04-Nov-25,25-Nov-25,SAMMAANCAP,Non-Hld,186.42,190,175.65,6.13,204.35,9.62,0.73,69.99,10.48,10.26,0.22,196.73,174.5,152.28,Bearish,0,0,0,2,13,4,5,10,26
04-Nov-25,25-Nov-25,SBICARD,Non-Hld,880.1,950,876.5,0.41,1023.5,16.29,0.48,42.4,1.32,9.18,-7.85,950.89,914,877.12,Bullish,1,2,8,6,7,8,0,0,31
04-Nov-25,25-Nov-25,SBILIFE,Non-Hld,1971.1,1900,1801.95,9.39,1998.05,1.37,0.83,74.41,41.16,27.47,13.69,2001.87,1868.89,1735.91,Bearish,0,0,8,9,9,6,1,0,29
04-Nov-25,25-Nov-25,SBIN,Non-Hld,954.6,950,913.4,4.51,986.6,3.35,0.68,79.68,24.44,20.76,3.68,963.38,904.53,845.68,Bullish,8,11,32,11,14,2,1,1,54
04-Nov-25,25-Nov-25,SHREECEM,Non-Hld,27700,29000,27431.9,0.98,30568.1,10.35,0.38,30.92,-396.55,-271.85,-124.7,30205.41,28982.24,27759.07,Bearish,0,0,0,0,13,4,7,5,38
04-Nov-25,25-Nov-25,SHRIRAMFIN,Non-Hld,795.85,800,753.65,5.6,846.35,6.35,1.04,89.55,35.38,26.69,8.69,786.16,705.78,625.41,Bearish,1,1,3,6,11,6,9,6,34
04-Nov-25,25-Nov-25,SIEMENS,Holding,3124.6,3150,2992.1,4.43,3307.9,5.87,0.51,46.85,-13.07,-13.1,0.03,3217.86,3136.36,3054.87,Bearish,0,0,0,0,10,1,7,5,22
04-Nov-25,25-Nov-25,SOLARINDS,Non-Hld,13640,14000,13078.7,4.29,14921.3,9.39,0.62,39.72,-68.81,-58.67,-10.14,14268.97,14012.3,13755.63,Bearish,0,0,1,0,12,1,10,1,16
04-Nov-25,25-Nov-25,SONACOMS,Non-Hld,483.55,500,467.65,3.4,532.35,10.09,0.57,66.59,13.33,11.63,1.7,508.51,460.26,412,Bearish,2,0,6,9,13,5,1,0,31
04-Nov-25,25-Nov-25,SRF,Non-Hld,2942,3000,2859.3,2.89,3140.7,6.75,0.52,42.24,1.35,23.02,-21.67,3198.39,3044.1,2889.8,Bearish,0,0,0,0,9,3,3,7,21
04-Nov-25,25-Nov-25,SUNPHARMA,Non-Hld,1702.7,1720,1645.65,3.47,1794.35,5.38,0.56,55.79,17.6,17.69,-0.1,1721.86,1679.26,1636.65,Bearish,0,0,2,1,11,4,7,4,25
04-Nov-25,25-Nov-25,SUPREMEIND,Non-Hld,3892,4000,3779.85,2.97,4220.15,8.43,0.62,36.52,-117.53,-100.78,-16.75,4387.41,4065.29,3743.18,Bearish,0,0,0,0,6,10,4,8,31
04-Nov-25,25-Nov-25,SUZLON,Non-Hld,60.05,60,55.94,7.35,64.06,6.68,0.59,70.01,0.73,-0.13,0.86,59.9,55.18,50.46,Bullish,3,6,17,5,7,1,0,0,23
04-Nov-25,25-Nov-25,SYNGENE,Non-Hld,647.25,660,621.4,4.16,698.6,7.93,0.76,49.42,2.97,2.05,0.92,668.23,645.45,622.67,Bearish,0,0,0,0,9,3,6,3,20
04-Nov-25,25-Nov-25,TATACONSUM,Non-Hld,1177,1160,1109.05,6.13,1210.95,2.88,0.75,59.69,16.72,15.18,1.54,1205.14,1152.58,1100.03,Bearish,2,0,0,0,12,9,14,8,34
04-Nov-25,25-Nov-25,TATAELXSI,Non-Hld,5375,6000,5331.75,0.81,6668.25,24.06,0.51,43.34,-7.95,-12.3,4.35,5605.07,5445.12,5285.18,Bearish,0,0,0,1,8,5,7,3,20
04-Nov-25,25-Nov-25,TATAPOWER,Non-Hld,400.65,400,381.3,5.07,418.7,4.51,0.68,52.98,3.94,3.4,0.54,411.48,397.94,384.41,Bearish,0,0,0,0,15,3,9,9,25
04-Nov-25,25-Nov-25,TATASTEEL,Non-Hld,179.35,185,174.75,2.63,195.25,8.87,0.6,57.73,3.36,2.88,0.48,185.41,176.14,166.87,Bearish,0,0,1,1,14,6,10,8,26
04-Nov-25,25-Nov-25,TATATECH,Non-Hld,686.8,700,666.25,3.08,733.75,6.84,0.52,45.46,-0.44,-0.06,-0.38,716.54,696.46,676.39,Bearish,0,0,0,0,9,4,10,2,22
04-Nov-25,25-Nov-25,TCS,Non-Hld,2987.7,3100,2957.2,1.03,3242.8,8.54,0.64,45.3,3.58,2.05,1.52,3098.3,3017.65,2937,Bearish,0,2,1,0,22,8,20,9,48
04-Nov-25,25-Nov-25,TECHM,Non-Hld,1407.8,1500,1401.3,0.46,1598.7,13.56,0.72,39,-7.77,-5.45,-2.33,1469.49,1441.71,1413.93,Bearish,0,1,0,0,9,5,10,2,26
04-Nov-25,25-Nov-25,TIINDIA,Non-Hld,2985,3200,2932.65,1.79,3467.35,16.16,0.63,37.26,-31.6,-15.14,-16.46,3241.25,3126.8,3012.35,Bearish,0,0,1,0,10,3,8,3,23
04-Nov-25,25-Nov-25,TITAGARH,Non-Hld,880.95,900,830.5,6.07,969.5,10.05,0.4,46.56,0.05,-0.13,0.18,919.22,891.72,864.23,Bearish,0,0,0,0,11,2,11,1,17
04-Nov-25,25-Nov-25,TITAN,Non-Hld,3810,3700,3521.4,8.2,3878.6,1.8,0.73,68.83,67.89,58.44,9.44,3872.8,3659.77,3446.73,Bullish,16,6,22,12,4,2,0,0,47
04-Nov-25,25-Nov-25,TMPV,Non-Hld,407,420,391,4.09,449,10.32,0.53,58.19,,,,,,,Bearish,0,0,1,1,13,4,9,8,21
04-Nov-25,25-Nov-25,TORNTPHARM,Non-Hld,3573,3600,3447.15,3.65,3752.85,5.03,0.45,49.65,6.49,3.22,3.27,3631.04,3568.75,3506.47,Bearish,0,0,0,0,10,1,5,5,19
04-Nov-25,25-Nov-25,TORNTPOWER,Non-Hld,1302,1340,1256.55,3.62,1423.45,9.33,0.46,51.87,14.19,12.74,1.45,1366.8,1297.7,1228.6,Bearish,0,0,0,0,13,2,7,4,23
04-Nov-25,25-Nov-25,TRENT,Non-Hld,4660.4,4800,4467.05,4.33,5132.95,10.14,0.87,38.09,-59.51,-68.47,8.96,4852.16,4728.46,4604.76,Bearish,0,0,1,0,9,4,12,3,17
04-Nov-25,25-Nov-25,TVSMOTOR,Non-Hld,3475,3600,3405,2.06,3795,9.21,0.46,44.08,14.47,35.04,-20.58,3675.44,3548.96,3422.47,Bearish,0,0,0,0,10,8,6,7,22
04-Nov-25,25-Nov-25,ULTRACEMCO,Non-Hld,11813,12000,11574.15,2.06,12425.85,5.19,0.55,37.66,-105.42,-82.48,-22.94,12457.27,12119.7,11782.13,Bearish,0,2,0,0,14,5,9,7,36
04-Nov-25,25-Nov-25,UNIONBANK,Non-Hld,151.5,150,141.16,7.33,158.84,4.84,0.8,67.33,3.38,2.47,0.91,151.23,142.13,133.04,Bearish,1,6,6,7,4,1,1,1,21
04-Nov-25,25-Nov-25,UNITDSPR,Non-Hld,1450.9,1500,1430.85,1.4,1569.15,8.15,0.56,74.49,25.41,14.79,10.62,1442.43,1364.12,1285.8,Bearish,3,7,3,17,1,13,0,1,51
04-Nov-25,25-Nov-25,UNOMINDA,Non-Hld,1251.4,1200,1096.5,14.13,1303.5,4.16,0.9,52.22,-8.58,-13.47,4.89,1317.13,1233.62,1150.12,Bearish,0,0,4,2,9,6,4,3,23
04-Nov-25,25-Nov-25,UPL,Non-Hld,730.35,720,678.35,7.67,761.65,4.29,0.67,71.19,11.22,4.56,6.66,732.3,690.12,647.93,Bearish,0,2,8,6,7,7,1,2,23
04-Nov-25,25-Nov-25,VBL,Non-Hld,471,500,466.05,1.06,533.95,13.37,0.5,53.54,3.96,0.98,2.99,489.18,458.45,427.72,Bearish,0,0,0,1,19,3,10,6,36
04-Nov-25,25-Nov-25,VEDL,Non-Hld,508,500,469.45,8.21,530.55,4.44,0.72,62.72,13.02,11.92,1.1,517.71,489.02,460.34,Bearish,1,0,4,2,15,12,6,12,35
04-Nov-25,25-Nov-25,VOLTAS,Non-Hld,1355,1400,1305,3.83,1495,10.33,0.72,38.94,0.35,8.59,-8.24,1465.37,1407.44,1349.51,Bearish,1,0,0,0,12,2,10,5,23
04-Nov-25,25-Nov-25,WIPRO,Non-Hld,238.3,250,235.51,1.18,264.49,10.99,0.61,38.75,-1.72,-1.26,-0.46,251.52,244.04,236.57,Bearish,0,0,0,1,14,7,13,9,35
04-Nov-25,25-Nov-25,YESBANK,Non-Hld,23.03,23,21.57,6.77,24.43,6.08,0.39,59.95,0.34,0.42,-0.08,23.87,22.83,21.79,Bearish,3,4,1,2,0,1,0,1,11
04-Nov-25,25-Nov-25,ZYDUSLIFE,Non-Hld,973.4,1000,945.95,2.9,1054.05,8.29,0.71,39.79,-5.12,-2.92,-2.2,1014.89,991.66,968.43,Bearish,0,0,0,0,16,2,9,3,30
06-Nov-25,25-Nov-25,360ONE,Non-Hld,1066.4,1200,1072.35,-0.55,1327.65,24.5,0.41,39.94,4,16.7,-12.7,1208.62,1127.83,1047.04,Bearish,1,0,3,0,9,4,8,2,20
06-Nov-25,25-Nov-25,ABB,Holding,5205,5200,4910.2,6,5489.8,5.47,0.75,50.65,7.83,2.36,5.47,5297.44,5203.95,5110.46,Bearish,0,0,0,1,17,2,16,3,34
06-Nov-25,25-Nov-25,ABCAPITAL,Non-Hld,327.55,330,312.9,4.68,347.1,5.97,0.82,65.9,9.56,7.51,2.05,334.14,309.43,284.73,Bearish,0,0,0,0,8,5,7,4,24
06-Nov-25,25-Nov-25,ADANIENSOL,Non-Hld,969.8,1000,935,3.72,1065,9.82,0.5,59.55,25.27,24.97,0.3,992.65,948.54,904.43,Bearish,0,0,1,3,7,11,5,12,30
06-Nov-25,25-Nov-25,ADANIENT,Non-Hld,2311,2500,2275.5,1.56,2724.5,17.89,0.78,27.42,-20.07,3.7,-23.78,2621.1,2509.16,2397.22,Bearish,0,0,4,0,19,15,13,11,42
06-Nov-25,25-Nov-25,ADANIGREEN,Non-Hld,1062,1200,1054.3,0.73,1345.7,26.71,0.52,50.44,16.95,15.18,1.77,1133.98,1060.26,986.54,Bearish,0,0,1,1,11,6,3,14,24
06-Nov-25,25-Nov-25,ADANIPORTS,Non-Hld,1435.7,1460,1390.65,3.24,1529.35,6.52,0.52,51.42,9.55,12.44,-2.9,1490.43,1441.34,1392.26,Bearish,0,0,1,3,9,8,7,7,23
06-Nov-25,25-Nov-25,ALKEM,Non-Hld,5631.5,5700,5394.65,4.39,6005.35,6.64,1.12,62.16,42.87,34.3,8.58,5653.1,5533.98,5414.85,Bearish,1,0,4,0,6,4,5,5,33
06-Nov-25,25-Nov-25,AMBER,Non-Hld,7841,8000,7426.95,5.57,8573.05,9.34,0.59,37.46,-40.79,33.04,-73.84,8565.19,8203.72,7842.26,Bearish,0,0,4,0,18,2,12,4,27
06-Nov-25,25-Nov-25,AMBUJACEM,Non-Hld,557.5,580,549.95,1.37,610.05,9.43,0.68,44.12,-1.74,-2.21,0.47,575.72,565.38,555.04,Bearish,0,0,0,5,16,10,9,6,33
06-Nov-25,25-Nov-25,ANGELONE,Non-Hld,2484,2500,2325.25,6.83,2674.75,7.68,0.57,55.9,55.16,55.54,-0.38,2654.2,2458.94,2263.67,Bearish,0,0,0,0,10,3,8,7,19
06-Nov-25,25-Nov-25,APLAPOLLO,Non-Hld,1783.2,1800,1723.95,3.44,1876.05,5.21,0.61,62.06,23,22.58,0.42,1808.04,1758.86,1709.67,Bearish,4,3,4,10,2,6,1,1,24
06-Nov-25,25-Nov-25,APOLLOHOSP,Non-Hld,7783,8000,7602.05,2.38,8397.95,7.9,0.58,49.96,25.38,39.19,-13.81,8024,7816.48,7608.95,Bearish,24,1,3,1,5,0,18,1,45
06-Nov-25,25-Nov-25,ASHOKLEY,Non-Hld,140.4,140,131.98,6.38,148.02,5.43,0.62,57.93,1.1,0.9,0.2,142.57,138.32,134.06,Bearish,12,15,13,13,0,1,0,0,41
06-Nov-25,25-Nov-25,ASIANPAINT,Non-Hld,2602.1,2600,2489.8,4.51,2710.2,4.15,0.6,69.07,31.4,20.04,11.36,2629.04,2459.29,2289.54,Bearish,20,9,20,12,0,0,0,1,45
06-Nov-25,25-Nov-25,ASTRAL,Non-Hld,1572,1560,1488.4,5.62,1631.6,3.79,0.78,74.14,20.87,11.69,9.19,1514.84,1448.28,1381.73,Bullish,10,6,14,8,2,0,0,0,27
06-Nov-25,25-Nov-25,AUBANK,Non-Hld,881,880,840.55,4.81,919.45,4.36,1.05,72.92,34.71,33.67,1.04,930.08,834.62,739.15,Bullish,0,5,14,6,7,4,0,1,33
06-Nov-25,25-Nov-25,AUROPHARMA,Non-Hld,1135,1100,1035.4,9.62,1164.6,2.61,0.66,59.82,11.96,7.62,4.35,1158.16,1113.92,1069.68,Bearish,0,0,3,8,9,5,2,1,19
06-Nov-25,25-Nov-25,AXISBANK,Non-Hld,1227.7,1300,1228.6,-0.07,1371.4,11.7,0.58,58.84,22.76,26.66,-3.89,1276.34,1216.71,1157.09,Bullish,4,2,14,6,7,5,0,0,37
06-Nov-25,25-Nov-25,BAJAJ-AUTO,Non-Hld,8713,9000,8517.35,2.3,9482.65,8.83,0.66,37.28,-17.75,25.66,-43.4,9255.41,8988.98,8722.54,Bearish,0,1,7,3,13,6,5,6,31
06-Nov-25,25-Nov-25,BAJAJFINSV,Non-Hld,2065.9,2100,2004.2,3.08,2195.8,6.29,0.59,45.5,14.09,23.81,-9.72,2204.06,2092.18,1980.3,Bearish,0,1,4,3,20,6,4,8,34
06-Nov-25,25-Nov-25,BAJFINANCE,Non-Hld,1042.5,1050,992.2,5.07,1107.8,6.26,0.74,50.69,13.62,20.56,-6.95,1103.47,1056.57,1009.66,Bearish,0,1,0,0,26,5,17,11,41
06-Nov-25,25-Nov-25,BANDHANBNK,Non-Hld,153.01,170,152.79,0.14,187.21,22.35,0.5,36.09,-1.52,0.19,-1.71,177.19,164.91,152.63,Bearish,0,0,0,0,16,8,11,9,27
06-Nov-25,25-Nov-25,BANKBARODA,Non-Hld,286,280,266,7.52,294,2.8,0.86,67.99,8,6.79,1.21,288.44,272.04,255.64,Bearish,1,0,2,7,16,10,7,6,42
06-Nov-25,25-Nov-25,BANKINDIA,Non-Hld,140.05,140,132.83,5.44,147.17,5.08,0.7,67.45,5.31,4.8,0.51,146.78,132.88,118.98,Bearish,0,0,1,1,11,9,5,16,43
06-Nov-25,25-Nov-25,BDL,Non-Hld,1433.9,1600,1431,0.2,1769,23.37,0.66,35.59,-12.12,-6.1,-6.02,1566.43,1515.69,1464.95,Bearish,0,1,1,0,18,6,10,6,25
06-Nov-25,25-Nov-25,BEL,Holding,408.8,420,399.15,2.42,440.85,7.84,0.52,48.63,3.63,4.58,-0.95,425.27,413.2,401.14,Bearish,0,0,0,0,17,8,8,12,28
06-Nov-25,25-Nov-25,BHARATFORG,Non-Hld,1316,1300,1222.55,7.64,1377.45,4.67,0.68,62.9,29.82,25.49,4.33,1363.65,1272.14,1180.63,Bearish,1,0,2,0,11,5,7,6,24
06-Nov-25,25-Nov-25,BHARTIARTL,Non-Hld,2095,2100,2036.2,2.89,2163.8,3.28,0.4,64.95,43.08,38.02,5.06,2142.8,2024.04,1905.29,Bearish,0,0,0,1,8,12,5,13,34
06-Nov-25,25-Nov-25,BHEL,Non-Hld,260,260,247,5.26,273,5,1.05,66.39,7.55,4.65,2.9,267.92,243,218.07,Bearish,0,0,0,2,9,20,3,23,39
06-Nov-25,25-Nov-25,BIOCON,Non-Hld,385,370,345.45,11.45,394.55,2.48,0.72,69.72,6.42,3.78,2.64,384.67,363.53,342.39,Bearish,6,9,11,10,1,0,0,0,24
06-Nov-25,25-Nov-25,BLUESTARCO,Non-Hld,1792,2000,1781.75,0.58,2218.25,23.79,0.42,29.98,-4.82,10.28,-15.1,2030.26,1935.69,1841.13,Bearish,0,0,8,0,23,1,15,2,39
06-Nov-25,25-Nov-25,BOSCHLTD,Non-Hld,37100,38000,36104.2,2.76,39895.8,7.54,0.46,37.33,-450.08,-324.64,-125.44,39637.29,38241.25,36845.21,Bearish,0,0,0,0,10,5,7,7,26
06-Nov-25,25-Nov-25,BPCL,Non-Hld,368.5,350,326,13.04,374,1.49,0.95,69.75,9.01,5.95,3.06,369.89,345.04,320.18,Bearish,1,1,0,0,8,9,4,10,26
06-Nov-25,25-Nov-25,BRITANNIA,Non-Hld,6016,6200,5951.35,1.09,6448.65,7.19,0.56,56.42,-11.32,-6.81,-4.51,6123.3,5926.3,5729.3,Bullish,8,8,15,8,9,1,1,0,37
06-Nov-25,25-Nov-25,BSE,Holding,2458,2500,2302.9,6.73,2697.1,9.73,0.72,55.19,56.9,60.89,-3.99,2587.21,2453.93,2320.65,Bearish,0,0,1,0,11,5,8,10,22
06-Nov-25,25-Nov-25,CAMS,Holding,3742.9,4000,3700.45,1.15,4299.55,14.87,0.56,40.48,-2.49,6.63,-9.12,3986.38,3857.28,3728.17,Bearish,0,0,0,0,13,5,8,10,25
06-Nov-25,25-Nov-25,CANBK,Non-Hld,139.1,140,133.12,4.49,146.88,5.59,1.1,74.64,4.66,3.8,0.87,139.53,129.83,120.13,Bearish,0,1,15,12,16,13,2,1,45
06-Nov-25,25-Nov-25,CDSL,Holding,1532,1600,1499.55,2.16,1700.45,11,0.55,40.23,4.48,14.36,-9.88,1656.52,1596.52,1536.52,Bearish,1,0,5,1,13,8,8,6,28
06-Nov-25,25-Nov-25,CGPOWER,Holding,730.3,730,694.35,5.18,765.65,4.84,0.7,45.83,-2.08,-1.63,-0.45,765.76,742.97,720.18,Bearish,1,1,1,0,6,10,3,13,25
06-Nov-25,25-Nov-25,CHOLAFIN,Non-Hld,1675,1700,1608.45,4.14,1791.55,6.96,0.71,53.12,32.76,35.89,-3.13,1762.12,1682.04,1601.97,Bearish,0,0,4,0,18,4,15,3,30
06-Nov-25,25-Nov-25,CIPLA,Non-Hld,1502.9,1600,1497.7,0.35,1702.3,13.27,0.45,39.8,-8.36,3.21,-11.57,1656.3,1560.71,1465.12,Bearish,0,0,7,12,13,19,2,4,52
06-Nov-25,25-Nov-25,COALINDIA,Holding,373,389.75,371.85,0.31,407.65,9.29,0.76,43.43,-0.03,0.49,-0.51,385.74,377.16,368.58,Bearish,2,0,12,3,21,13,5,12,82
06-Nov-25,25-Nov-25,COFORGE,Non-Hld,1760,1800,1704.5,3.26,1895.5,7.7,0.47,53.32,23.32,23.1,0.22,1827,1756.26,1685.52,Bearish,1,0,9,8,11,9,0,3,35
06-Nov-25,25-Nov-25,COLPAL,Non-Hld,2171,2300,2164.65,0.29,2435.35,12.18,0.64,40.46,-14.69,-12.94,-1.75,2269.83,2214.44,2159.06,Bearish,0,0,6,0,16,8,8,1,36
06-Nov-25,25-Nov-25,CONCOR,Non-Hld,519.5,550,512.85,1.3,587.15,13.02,0.77,37.09,-0.05,0.04,-0.09,553.88,537.05,520.23,Bearish,0,0,1,0,17,8,16,6,30
06-Nov-25,25-Nov-25,CROMPTON,Non-Hld,277.55,300,273.55,1.46,326.45,17.62,0.65,31.35,-4.75,-4.88,0.12,294.4,286.8,279.19,Bearish,0,0,0,0,14,3,11,3,22
06-Nov-25,25-Nov-25,CUMMINSIND,Non-Hld,4314.6,4400,4144.9,4.09,4655.1,7.89,0.86,66.58,108.53,87.69,20.84,4488.32,4128.55,3768.79,Bullish,7,2,9,2,7,2,6,0,32
06-Nov-25,25-Nov-25,CYIENT,Non-Hld,1142.1,1200,1128,1.25,1272,11.37,0.65,42.22,-2.67,-0.52,-2.15,1208.97,1165.45,1121.93,Bearish,0,1,1,0,4,7,2,6,22
06-Nov-25,25-Nov-25,DABUR,Non-Hld,523.15,500,471.1,11.05,528.9,1.1,0.62,60.32,0.73,-2.01,2.75,523.29,500.75,478.22,Bearish,8,14,12,9,1,0,2,1,35
06-Nov-25,25-Nov-25,DALBHARAT,Non-Hld,2053,2100,2005.85,2.35,2194.15,6.88,0.48,24.02,-57.17,-50.23,-6.93,2286.5,2156.33,2026.16,Bearish,1,1,6,2,8,6,3,1,40
06-Nov-25,25-Nov-25,DELHIVERY,Non-Hld,436.4,500,436.85,-0.1,563.15,29.04,0.42,40.64,1.35,2.8,-1.44,489.4,469.14,448.87,Bearish,0,0,2,0,20,6,12,9,32
06-Nov-25,25-Nov-25,DIVISLAB,Non-Hld,6875,7000,6586.6,4.38,7413.4,7.83,0.65,74.24,168.09,143.73,24.37,6934.22,6565.7,6197.18,Bearish,20,5,18,9,0,0,0,0,41
06-Nov-25,25-Nov-25,DIXON,Non-Hld,15090,16000,14875.85,1.44,17124.15,13.48,0.47,28.95,-508.89,-446.09,-62.8,17578.69,16109.75,14640.81,Bearish,1,1,3,1,18,3,6,6,25
06-Nov-25,25-Nov-25,DLF,Non-Hld,758.9,800,752.35,0.87,847.65,11.69,0.72,48.2,5.16,5.24,-0.08,796.01,761.89,727.77,Bearish,1,0,0,1,13,6,9,10,26
06-Nov-25,25-Nov-25,DMART,Non-Hld,4089,4200,4006.25,2.07,4393.75,7.45,0.43,29.07,-84.32,-80.55,-3.77,4360.01,4234.05,4108.09,Bearish,0,0,0,0,16,5,12,3,28
06-Nov-25,25-Nov-25,DRREDDY,Non-Hld,1204,1300,1202.5,0.12,1397.5,16.07,0.41,36.99,-15.5,-8.19,-7.31,1310.95,1246.62,1182.3,Bearish,10,4,3,20,2,10,0,0,45
06-Nov-25,25-Nov-25,EICHERMOT,Non-Hld,6810,7000,6675.5,2.01,7324.5,7.56,0.89,44.93,33.13,58.46,-25.33,7067.78,6938.1,6808.42,Bearish,0,0,1,0,18,10,12,10,38
06-Nov-25,25-Nov-25,ETERNAL,Non-Hld,305.3,330,303.35,0.64,356.65,16.82,0.46,31.39,-4.56,-0.7,-3.86,360.19,334.76,309.33,Bearish,0,0,0,0,18,5,12,5,26
06-Nov-25,25-Nov-25,EXIDEIND,Non-Hld,379.6,400,374.6,1.33,425.4,12.07,0.71,36.65,-5.38,-4.44,-0.95,406.34,390.49,374.63,Bearish,0,2,6,8,6,9,0,1,26
06-Nov-25,25-Nov-25,FEDERALBNK,Non-Hld,235.1,230,219.44,7.14,240.56,2.32,0.98,77.12,9.71,9.12,0.59,247.45,224.37,201.29,Bearish,0,0,1,9,6,12,7,6,36
06-Nov-25,25-Nov-25,FORTIS,Non-Hld,1007.5,1000,941.55,7,1058.45,5.06,0.59,43.75,6.08,17.24,-11.15,1113.42,1059.94,1006.46,Bearish,1,0,1,0,13,9,12,4,35
06-Nov-25,25-Nov-25,GAIL,Non-Hld,178.9,190,177.54,0.77,202.46,13.17,0.6,48.51,1.11,1.05,0.06,184.46,179.82,175.17,Bearish,0,0,0,0,10,7,9,9,23
06-Nov-25,25-Nov-25,GLENMARK,Non-Hld,1808.3,1900,1780,1.59,2020,11.71,0.71,34.17,-32.72,-35.95,3.23,1949.56,1870.18,1790.81,Bearish,0,1,0,0,13,7,5,10,34
06-Nov-25,25-Nov-25,GMRAIRPORT,Non-Hld,94.38,95,89.91,4.97,100.09,6.05,0.33,62.12,1.34,1.08,0.26,95.81,91.88,87.94,Bearish,0,0,3,0,10,8,7,7,30
06-Nov-25,25-Nov-25,GODREJCP,Non-Hld,1143.5,1160,1115.1,2.55,1204.9,5.37,0.74,49.54,-8.38,-16.05,7.67,1164.51,1128.2,1091.9,Bearish,0,0,1,2,7,6,2,9,22
06-Nov-25,25-Nov-25,GODREJPROP,Non-Hld,2193.5,2300,2156.9,1.7,2443.1,11.38,0.67,49.41,55.05,61.41,-6.36,2419.1,2217.48,2015.86,Bearish,2,0,0,0,19,7,15,9,34
06-Nov-25,25-Nov-25,GRASIM,Non-Hld,2697,3000,2720,-0.85,3280,21.62,0.38,33.62,11.48,22.97,-11.48,2979.6,2852.83,2726.06,Bearish,0,0,7,0,26,9,11,9,49
06-Nov-25,25-Nov-25,HAL,Non-Hld,4590,5000,4553.75,0.8,5446.25,18.65,0.61,35.31,-24.59,1.79,-26.38,4930.09,4768.43,4606.77,Bearish,0,0,1,0,16,7,13,6,30
06-Nov-25,25-Nov-25,HAVELLS,Non-Hld,1444,1500,1428.65,1.07,1571.35,8.82,0.59,33.87,-11.04,-10.92,-0.12,1519.66,1485.42,1451.19,Bearish,0,0,0,0,14,2,12,2,23
06-Nov-25,25-Nov-25,HCLTECH,Non-Hld,1527,1400,1265.5,20.66,1534.5,0.49,0.72,58.89,24.11,22.89,1.22,1568.16,1508.59,1449.03,Bearish,0,0,3,10,9,8,3,2,25
06-Nov-25,25-Nov-25,HDFCAMC,Non-Hld,5381,5500,5245.65,2.58,5754.35,6.94,0.61,38.88,-70.92,-46.05,-24.87,5834.75,5557.1,5279.45,Bearish,1,0,4,0,12,6,4,9,37
06-Nov-25,25-Nov-25,HDFCBANK,Non-Hld,987.5,1000,969.4,1.87,1030.6,4.36,0.73,48.2,4.64,6.92,-2.28,1014.9,992.13,969.35,Bullish,2,1,22,7,19,7,3,0,45
06-Nov-25,25-Nov-25,HDFCLIFE,Non-Hld,736,750,723.05,1.79,776.95,5.56,0.55,43.37,-5.97,-6.01,0.04,759.77,744.6,729.43,Bearish,0,0,0,0,11,4,6,6,24
06-Nov-25,25-Nov-25,HEROMOTOCO,Non-Hld,5322,5600,5268,1.03,5932,11.46,0.73,39.27,10.36,54.08,-43.71,5713.58,5541.08,5368.57,Bearish,6,8,6,16,5,6,0,1,38
06-Nov-25,25-Nov-25,HFCL,Non-Hld,74.31,75,69.67,6.66,80.33,8.1,0.53,47.63,0.31,0.48,-0.18,78.7,75.98,73.27,Bearish,0,0,0,0,10,10,7,10,26
06-Nov-25,25-Nov-25,HINDALCO,Non-Hld,786.55,800,759.9,3.51,840.1,6.81,0.74,46.4,20.66,22.26,-1.6,873.96,803.7,733.45,Bearish,0,0,0,0,21,7,16,9,32
06-Nov-25,25-Nov-25,HINDPETRO,Non-Hld,472.3,500,467.4,1.05,532.6,12.77,0.69,62.84,12.92,11.46,1.47,484.51,458.06,431.6,Bearish,0,0,0,2,10,13,3,13,33
06-Nov-25,25-Nov-25,HINDUNILVR,Non-Hld,2439,2600,2422.05,0.7,2777.95,13.9,0.47,32.76,-26.78,-16.49,-10.28,2615.63,2515.19,2414.75,Bearish,0,4,1,4,11,8,6,5,39
06-Nov-25,25-Nov-25,HINDZINC,Non-Hld,467.7,550,473.8,-1.29,626.2,33.89,0.41,43.11,0.13,4.1,-3.98,516.61,489.2,461.78,Bearish,0,0,3,1,13,11,5,8,34
06-Nov-25,25-Nov-25,HUDCO,Non-Hld,227.75,240,221.63,2.76,258.37,13.44,0.56,47.76,2.15,2.23,-0.08,238.69,230.03,221.37,Bearish,0,0,0,0,14,8,10,7,30
06-Nov-25,25-Nov-25,ICICIBANK,Non-Hld,1320.3,1400,1322.55,-0.17,1477.45,11.9,0.5,32.07,-14.14,-8.68,-5.46,1425.21,1373.94,1322.67,Bearish,0,1,0,0,22,10,14,12,42
06-Nov-25,25-Nov-25,ICICIGI,Non-Hld,1998.3,2000,1922.6,3.94,2077.4,3.96,0.63,56.34,31.89,30.84,1.04,2101.25,1968.17,1835.09,Bearish,0,0,1,0,8,7,6,9,29
06-Nov-25,25-Nov-25,ICICIPRULI,Non-Hld,603.2,600,575.35,4.84,624.65,3.56,0.63,53.25,0.48,-0.62,1.1,608.54,597.6,586.65,Bearish,0,2,5,2,7,12,5,6,35
06-Nov-25,25-Nov-25,IDEA,Non-Hld,9.25,10,8.74,5.84,11.26,21.73,0.54,55.09,0.28,0.32,-0.04,9.88,9.1,8.32,Bearish,0,0,1,0,4,3,4,1,10
06-Nov-25,25-Nov-25,IDFCFIRSTB,Non-Hld,80.25,84,79.12,1.43,88.88,10.75,0.55,66.62,2.51,2.12,0.39,83.62,76.73,69.84,Bearish,0,0,2,5,14,6,8,3,32
06-Nov-25,25-Nov-25,IEX,Holding,138.1,150,136.88,0.89,163.12,18.12,0.58,43.1,-0.43,-0.17,-0.26,149.14,140.38,131.63,Bullish,3,0,8,7,7,6,1,0,22
06-Nov-25,25-Nov-25,IGL,Non-Hld,210.7,220,205.83,2.37,234.17,11.14,0.61,48.52,0.44,0.39,0.05,218.91,212.77,206.63,Bearish,0,0,0,0,10,5,3,8,26
06-Nov-25,25-Nov-25,IIFL,Non-Hld,518.65,550,511.85,1.33,588.15,13.4,0.54,59.77,18.18,16.49,1.68,544.72,507.76,470.8,Bearish,0,0,0,0,11,6,15,3,21
06-Nov-25,25-Nov-25,INDHOTEL,Non-Hld,697,800,698.1,-0.16,901.9,29.4,0.55,31.14,-3.71,-2.48,-1.24,759.44,736.03,712.62,Bearish,0,0,1,0,16,3,11,7,27
06-Nov-25,25-Nov-25,INDIANB,Non-Hld,864,870,822.7,5.02,917.3,6.17,0.75,75.15,37.29,34.69,2.59,895.46,816.1,736.74,Bearish,0,1,4,2,6,12,7,6,35
06-Nov-25,25-Nov-25,INDIGO,Holding,5684,5800,5580.4,1.86,6019.6,5.9,0.86,46.18,-14.49,5.15,-19.63,5950.44,5773.9,5597.36,Bullish,1,6,17,6,11,5,1,0,37
06-Nov-25,25-Nov-25,INDUSINDBK,Non-Hld,786.55,800,759.2,3.6,840.8,6.9,0.73,57.77,11.97,9,2.96,812.91,768.68,724.44,Bearish,2,2,7,3,8,8,1,8,27
06-Nov-25,25-Nov-25,INDUSTOWER,Non-Hld,399,380,354.3,12.62,405.7,1.68,0.68,68.8,9.57,5.78,3.79,396.7,363.11,329.52,Bearish,6,12,10,15,0,0,0,0,29
06-Nov-25,25-Nov-25,INFY,Non-Hld,1466.5,1500,1427.1,2.76,1572.9,7.26,0.57,47.85,4.74,5.44,-0.7,1524.41,1475.91,1427.42,Bearish,0,0,12,3,13,6,1,6,25
06-Nov-25,25-Nov-25,INOXWIND,Non-Hld,149.85,160,147.1,1.87,172.9,15.38,0.51,49.59,2.26,2.05,0.2,158.74,150.68,142.63,Bearish,0,0,1,0,12,2,12,4,22
06-Nov-25,25-Nov-25,IOC,Non-Hld,168.36,160,149.41,12.68,170.59,1.32,1.09,75.5,4.92,3.59,1.33,169.63,157.37,145.1,Bearish,0,0,9,5,18,14,9,7,56
06-Nov-25,25-Nov-25,IRCTC,Holding,703.45,720,684.8,2.72,755.2,7.36,0.73,40.49,0.3,1.02,-0.73,731.85,716.91,701.96,Bearish,0,1,2,1,15,12,13,9,38
06-Nov-25,25-Nov-25,IREDA,Non-Hld,148.38,155,144.6,2.61,165.4,11.47,0.48,42.9,0.08,0.54,-0.46,156.26,152.22,148.18,Bearish,0,0,0,0,13,4,8,6,20
06-Nov-25,25-Nov-25,IRFC,Non-Hld,120.25,125,118.02,1.89,131.98,9.75,0.51,37.05,-0.61,-0.36,-0.25,125.67,123.54,121.4,Bearish,0,0,0,0,16,5,13,3,38
06-Nov-25,25-Nov-25,ITC,Non-Hld,408.5,420,406.35,0.53,433.65,6.16,0.5,45.59,2.02,2.43,-0.41,426.29,410.2,394.11,Bearish,0,0,8,7,18,6,5,4,45
06-Nov-25,25-Nov-25,JINDALSTEL,Non-Hld,1048,1100,1032.9,1.46,1167.1,11.36,0.94,51.37,10.71,6.54,4.18,1090.94,1033.07,975.2,Bearish,0,0,1,1,10,11,6,15,35
06-Nov-25,25-Nov-25,JIOFIN,Non-Hld,297.95,310,293.45,1.53,326.55,9.6,0.59,35.75,-1.48,-0.72,-0.77,314.44,307.62,300.8,Bearish,0,0,0,0,13,4,7,7,20
06-Nov-25,25-Nov-25,JSWENERGY,Non-Hld,517.3,600,518.35,-0.2,681.65,31.77,0.41,40.05,-1.77,0.23,-2,551.2,535.29,519.37,Bearish,0,0,0,0,9,6,10,4,17
06-Nov-25,25-Nov-25,JSWSTEEL,Non-Hld,1169.7,1340,1205.45,-2.97,1474.55,26.06,0.6,52.59,15.7,16.43,-0.73,1212.86,1168.74,1124.62,Bearish,0,0,3,1,14,9,4,13,36
06-Nov-25,25-Nov-25,JUBLFOOD,Non-Hld,582.25,600,565.05,3.04,634.95,9.05,0.85,38.15,-6.01,-6.64,0.63,612.4,596.35,580.29,Bearish,0,1,0,0,11,3,7,6,22
06-Nov-25,25-Nov-25,KALYANKJIL,Non-Hld,515.75,500,460.1,12.1,539.9,4.68,0.58,58.07,6.55,3.06,3.48,526.03,496.12,466.2,Bearish,0,0,1,0,12,4,11,5,21
06-Nov-25,25-Nov-25,KAYNES,Non-Hld,6325,7000,6213.95,1.79,7786.05,23.1,0.32,32.02,-111.16,-60.08,-51.08,7222.68,6845.32,6467.97,Bearish,0,0,1,0,23,0,10,6,29
06-Nov-25,25-Nov-25,KEI,Non-Hld,3925.8,4300,3929.8,-0.1,4670.2,18.96,0.44,36.14,-37.34,-7.73,-29.61,4401.49,4147.87,3894.25,Bearish,0,0,3,0,9,5,6,2,23
06-Nov-25,25-Nov-25,KFINTECH,Holding,1062.1,1200,1051.6,1,1348.4,26.96,0.37,39.74,-0.93,7.21,-8.15,1186.38,1112.12,1037.86,Bearish,0,0,4,1,9,7,1,7,23
06-Nov-25,25-Nov-25,KOTAKBANK,Non-Hld,2080,2200,2078.85,0.06,2321.15,11.59,0.57,42.5,8.28,24.87,-16.6,2233.91,2154.66,2075.41,Bearish,0,0,0,1,14,10,10,6,32
06-Nov-25,25-Nov-25,KPITTECH,Non-Hld,1154,1200,1115.6,3.44,1284.4,11.3,0.62,44.11,-8.4,-9.77,1.37,1196.57,1165.42,1134.26,Bearish,5,0,4,6,5,3,0,2,20
06-Nov-25,25-Nov-25,LAURUSLABS,Non-Hld,977.8,1000,948.7,3.07,1051.3,7.52,0.72,70.39,26.74,20.42,6.33,1005.83,920.67,835.51,Bearish,1,4,11,8,12,8,4,2,36
06-Nov-25,25-Nov-25,LICHSGFIN,Non-Hld,567.9,600,567.05,0.15,632.95,11.45,0.63,46.83,1.02,1.73,-0.7,589.13,573.38,557.63,Bearish,0,1,1,3,12,11,4,8,35
06-Nov-25,25-Nov-25,LICI,Non-Hld,894,900,854.25,4.65,945.75,5.79,0.5,49.11,2.81,2.47,0.34,912.51,898.08,883.66,Bearish,1,0,3,0,16,1,12,5,27
06-Nov-25,25-Nov-25,LODHA,Non-Hld,1231,1200,1136.35,8.33,1263.65,2.65,0.69,63.41,11.3,2.9,8.4,1235.81,1178.34,1120.88,Bearish,2,10,6,11,2,0,1,0,20
06-Nov-25,25-Nov-25,LT,Non-Hld,3893,4000,3854.95,0.99,4145.05,6.47,0.48,53.77,66.59,71.96,-5.37,4048.55,3878.54,3708.53,Bearish,0,0,3,0,18,12,11,20,50
06-Nov-25,25-Nov-25,LTF,Non-Hld,275.2,280,265.45,3.67,294.55,7.03,0.94,65.67,7.37,7.49,-0.12,279.93,267.73,255.54,Bearish,0,0,0,0,10,10,7,12,36
06-Nov-25,25-Nov-25,LTIM,Non-Hld,5641,5700,5446.15,3.58,5953.85,5.55,0.58,60.91,97.55,99.04,-1.49,5771.01,5570.21,5369.42,Bullish,8,4,11,4,1,3,0,0,34
06-Nov-25,25-Nov-25,LUPIN,Non-Hld,1970,2000,1890.7,4.19,2109.3,7.07,0.56,50.1,2.38,-2.7,5.08,1990.14,1948.21,1906.27,Bearish,0,0,2,1,22,1,14,1,31
06-Nov-25,25-Nov-25,M&M,Non-Hld,3615.1,3600,3445.25,4.93,3754.75,3.86,0.61,59.12,21.99,23.35,-1.37,3684.78,3544.06,3403.34,Bearish,5,6,10,9,3,5,0,0,24
06-Nov-25,25-Nov-25,MANAPPURAM,Non-Hld,274,300,268.15,2.18,331.85,21.11,0.6,43.53,-3.85,-2.26,-1.59,296.59,280.98,265.38,Bullish,10,11,15,7,2,0,0,0,39
06-Nov-25,25-Nov-25,MANKIND,Non-Hld,2310,2400,2245.65,2.87,2554.35,10.58,0.53,28.95,-35.51,-27.23,-8.28,2509.42,2430.6,2351.79,Bearish,0,0,0,0,10,2,7,4,16
06-Nov-25,25-Nov-25,MARICO,Non-Hld,712.65,720,688.55,3.5,751.45,5.44,0.83,44.44,0.56,1.29,-0.73,732.82,719.66,706.49,Bearish,0,0,0,0,10,4,8,4,21
06-Nov-25,25-Nov-25,MARUTI,Non-Hld,15449,17000,15435.3,0.09,18564.7,20.17,0.36,36.13,0.56,155.21,-154.66,16751.8,16147.5,15543.2,Bullish,5,1,12,14,7,22,0,1,45
06-Nov-25,25-Nov-25,MAXHEALTH,Non-Hld,1128.8,1200,1115.65,1.18,1284.35,13.78,0.49,38.73,-3.79,2.29,-6.08,1219.99,1169.78,1119.56,Bearish,0,0,1,0,10,3,7,3,20
06-Nov-25,25-Nov-25,MAZDOCK,Non-Hld,2628,3000,2625.2,0.11,3374.8,28.42,0.35,30.33,-38.55,-21.1,-17.44,2908.04,2788.97,2669.9,Bearish,0,0,0,0,13,3,7,6,20
06-Nov-25,25-Nov-25,MCX,Holding,9233,10000,9151.95,0.89,10848.05,17.49,0.66,58.74,270.38,297.31,-26.93,9758.78,9140.4,8522.02,Bearish,0,0,10,6,14,8,8,3,39
06-Nov-25,25-Nov-25,MFSL,Non-Hld,1581.2,1700,1577,0.27,1823,15.29,0.7,55.28,-3.73,-9.22,5.49,1622.87,1559.7,1496.52,Bearish,1,2,7,1,7,7,3,5,25
06-Nov-25,25-Nov-25,MOTHERSON,Holding,104.01,115,101.62,2.35,128.38,23.43,0.44,45.19,0.27,0.64,-0.37,108.41,105.38,102.35,Bearish,3,0,3,3,18,6,11,8,35
06-Nov-25,25-Nov-25,MPHASIS,Non-Hld,2772,2800,2646.3,4.75,2953.7,6.55,0.46,47.75,0.84,2.13,-1.29,2890.75,2791.41,2692.07,Bullish,1,0,7,5,5,6,0,0,19
06-Nov-25,25-Nov-25,MUTHOOTFIN,Non-Hld,3180,3200,2991.85,6.29,3408.15,7.17,0.51,53.88,31.85,50.48,-18.63,3323.21,3217.56,3111.9,Bearish,1,1,7,7,6,6,1,1,23
06-Nov-25,25-Nov-25,NATIONALUM,Non-Hld,230.81,240,222.81,3.59,257.19,11.43,0.61,55.49,5.81,6.58,-0.77,241.25,230.54,219.82,Bearish,0,0,0,2,12,10,12,8,34
06-Nov-25,25-Nov-25,NAUKRI,Non-Hld,1327,1400,1301.8,1.94,1498.2,12.9,0.58,42.65,-0.27,1.11,-1.38,1400.94,1351.38,1301.82,Bearish,0,0,0,1,11,4,6,4,23
06-Nov-25,25-Nov-25,NBCC,Non-Hld,111.25,120,110.53,0.65,129.47,16.38,0.44,47.93,1.34,1.42,-0.08,117.77,113.07,108.37,Bearish,0,0,0,2,17,8,11,7,36
06-Nov-25,25-Nov-25,NCC,Non-Hld,197.7,210,192.83,2.53,227.17,14.91,0.61,33.14,-1.04,-0.15,-0.89,217.44,209.15,200.87,Bearish,1,0,2,0,16,6,9,7,32
06-Nov-25,25-Nov-25,NESTLEIND,Non-Hld,1272.9,1300,1251.55,1.71,1348.45,5.94,0.32,59.88,20.66,22.75,-2.08,1331.21,1251.13,1171.06,Bearish,10,7,8,9,2,3,0,0,39
06-Nov-25,25-Nov-25,NHPC,Non-Hld,82.8,90,82.67,0.16,97.33,17.55,0.54,39.17,-0.24,0.15,-0.39,87.96,85.75,83.54,Bearish,1,2,2,0,16,4,15,4,27
06-Nov-25,25-Nov-25,NMDC,Non-Hld,73.2,80,73.2,0,86.8,18.58,0.56,39.46,-0.22,0.03,-0.25,78.22,75.64,73.06,Bearish,0,0,0,0,12,8,6,10,27
06-Nov-25,25-Nov-25,NTPC,Non-Hld,327,350,324.05,0.91,375.95,14.97,0.44,36.01,-1.02,0.68,-1.7,348.43,338.93,329.43,Bearish,0,0,2,0,23,6,13,9,41
06-Nov-25,25-Nov-25,NUVAMA,Non-Hld,7339.5,7500,6994.15,4.94,8005.85,9.08,0.53,60.1,132.67,154.9,-22.23,7435.12,7198.75,6962.38,Bearish,7,10,9,9,0,1,0,0,24
06-Nov-25,25-Nov-25,NYKAA,Non-Hld,246.4,260,240.65,2.39,279.35,13.37,0.6,44.48,1.21,3.23,-2.02,267.07,256.53,245.98,Bearish,0,0,0,0,15,5,13,7,34
06-Nov-25,25-Nov-25,OBEROIRLTY,Non-Hld,1776,1800,1719.25,3.3,1880.75,5.9,0.77,65.37,41.25,29.47,11.78,1834.97,1686.43,1537.88,Bearish,0,0,3,3,7,8,5,3,29
06-Nov-25,25-Nov-25,OFSS,Non-Hld,8210,9000,8238.65,-0.35,9761.35,18.9,0.46,36.56,-108.44,-69.89,-38.55,9151.38,8612.14,8072.9,Bearish,0,0,1,0,17,4,8,5,28
06-Nov-25,25-Nov-25,OIL,Non-Hld,433.15,450,420.8,2.93,479.2,10.63,0.6,60.32,5.75,4.06,1.69,438.33,420.42,402.5,Bearish,0,0,5,6,7,7,4,2,25
06-Nov-25,25-Nov-25,ONGC,Non-Hld,252.1,260,247.05,2.04,272.95,8.27,0.54,55.49,3.51,3.68,-0.17,258.81,249.95,241.09,Bearish,0,0,6,3,13,5,7,2,30
06-Nov-25,25-Nov-25,PAGEIND,Non-Hld,39700,44000,40489.3,-1.95,47510.7,19.67,0.54,32.88,-608.63,-593.18,-15.45,42098.32,41050.25,40002.18,Bearish,0,0,3,4,10,4,4,2,29
06-Nov-25,25-Nov-25,PATANJALI,Non-Hld,572,600,561.65,1.84,638.35,11.6,0.37,39.07,-2.84,-1.27,-1.57,608.5,590.18,571.85,Bearish,0,1,0,1,16,10,10,8,41
06-Nov-25,25-Nov-25,PAYTM,Non-Hld,1321.9,1300,1215.85,8.72,1384.15,4.71,0.79,63.38,23.68,25.7,-2.03,1336.81,1281.27,1225.72,Bullish,10,5,21,7,3,0,0,0,28
06-Nov-25,25-Nov-25,PERSISTENT,Non-Hld,5831.5,6000,5688.7,2.51,6311.3,8.23,0.69,60.75,152.98,152.88,0.1,6183.68,5718.43,5253.18,Bearish,0,0,6,4,7,5,0,3,22
06-Nov-25,25-Nov-25,PETRONET,Non-Hld,275.4,310,281.55,-2.18,338.45,22.89,1.27,43.74,0.43,0.66,-0.23,285.4,280.17,274.94,Bearish,0,0,1,0,16,3,12,7,33
06-Nov-25,25-Nov-25,PFC,Holding,387.5,400,375.75,3.13,424.25,9.48,0.77,37.43,-1.78,-1.01,-0.77,409.57,399.56,389.55,Bearish,0,0,0,0,17,6,17,6,25
06-Nov-25,25-Nov-25,PGEL,Non-Hld,551,600,538.1,2.4,661.9,20.13,0.6,42.54,1.89,3.11,-1.22,602.06,570.27,538.47,Bearish,0,0,1,0,15,3,10,9,23
06-Nov-25,25-Nov-25,PHOENIXLTD,Non-Hld,1738.9,1760,1678.9,3.57,1841.1,5.88,0.64,64.92,39.8,34.87,4.93,1775.64,1676.88,1578.13,Bearish,0,0,1,0,3,12,4,8,27
06-Nov-25,25-Nov-25,PIDILITIND,Non-Hld,1451,1500,1436.6,1,1563.4,7.75,0.51,36.06,-14.14,-7.12,-7.01,1553.01,1498.08,1443.15,Bearish,0,0,0,0,9,3,10,4,26
06-Nov-25,25-Nov-25,PIIND,Non-Hld,3740,3600,3354.65,11.49,3845.35,2.82,0.75,65.38,11.86,-13.63,25.5,3702.24,3582.6,3462.95,Bullish,9,8,10,8,2,0,0,0,24
06-Nov-25,25-Nov-25,PNB,Non-Hld,120.7,125,118.44,1.91,131.56,9,0.72,58.63,2.77,2.63,0.14,124.39,118.31,112.22,Bearish,0,0,0,1,14,10,11,17,41
06-Nov-25,25-Nov-25,PNBHOUSING,Non-Hld,907.6,1000,903.25,0.48,1096.75,20.84,0.71,55.36,19.19,16.77,2.42,962.92,890.5,818.08,Bearish,0,0,0,0,14,5,10,9,28
06-Nov-25,25-Nov-25,POLICYBZR,Non-Hld,1756.6,1800,1692.45,3.79,1907.55,8.59,0.66,50.94,12.19,-1.88,14.07,1847.7,1729.42,1611.14,Bearish,0,0,2,0,16,3,10,10,34
06-Nov-25,25-Nov-25,POLYCAB,Non-Hld,7593,7700,7339.95,3.45,8060.05,6.15,0.59,51.28,56.12,71.88,-15.76,7806.6,7623.38,7440.15,Bullish,6,3,7,5,3,1,1,0,23
06-Nov-25,25-Nov-25,POWERGRID,Holding,270.25,280,264.25,2.27,295.75,9.44,0.49,31.51,-1.36,0.42,-1.78,297.82,287.67,277.51,Bearish,0,1,1,0,21,7,12,8,37
06-Nov-25,25-Nov-25,POWERINDIA,Non-Hld,20200,20000,18684.55,8.11,21315.45,5.52,1.07,69.25,142.72,-249.17,391.88,19613.28,17759.1,15904.92,Bearish,0,0,2,12,4,15,1,6,33
06-Nov-25,25-Nov-25,PPLPHARMA,Non-Hld,200.6,210,195.5,2.61,224.5,11.91,0.38,50.55,1.12,1.03,0.08,206.38,198.72,191.05,Bearish,0,0,14,8,17,5,1,0,26
06-Nov-25,25-Nov-25,PRESTIGE,Non-Hld,1725.2,1800,1679,2.75,1921,11.35,0.51,56.85,42.67,42.88,-0.21,1843.73,1699.31,1554.89,Bearish,0,0,1,0,14,6,17,2,27
06-Nov-25,25-Nov-25,RBLBANK,Non-Hld,325.5,330,313.3,3.89,346.7,6.51,0.68,67.96,12.67,12.74,-0.08,342.74,311.87,281.01,Bearish,7,6,6,4,0,0,2,1,25
06-Nov-25,25-Nov-25,RECLTD,Non-Hld,362.8,370,352.35,2.97,387.65,6.85,0.71,42.37,0.23,0.66,-0.43,381.46,371.23,361,Bearish,1,0,0,0,15,7,15,4,26
06-Nov-25,25-Nov-25,RELIANCE,Non-Hld,1494.8,1500,1451.35,2.99,1548.65,3.6,0.73,67.52,27.44,23.59,3.85,1538.18,1440.16,1342.14,Bearish,14,16,17,16,0,0,0,1,47
06-Nov-25,25-Nov-25,RVNL,Non-Hld,317.5,330,302.8,4.85,357.2,12.5,0.51,31.54,-4.6,-3.56,-1.04,345.92,332.8,319.69,Bearish,0,0,0,0,17,3,8,7,22
06-Nov-25,25-Nov-25,SAIL,Non-Hld,137.75,140,131.84,4.48,148.16,7.56,0.65,60.14,1.75,1.05,0.7,140.55,133.06,125.57,Bearish,0,0,14,9,18,13,4,2,46
06-Nov-25,25-Nov-25,SAMMAANCAP,Non-Hld,185.58,190,177.33,4.65,202.67,9.21,0.73,68.38,9.99,10.21,-0.22,197.66,175.61,153.56,Bearish,1,0,7,10,11,6,0,1,26
06-Nov-25,25-Nov-25,SBICARD,Non-Hld,869.75,950,870.65,-0.1,1029.35,18.35,0.47,39.02,-1.16,7.11,-8.27,953.68,912.26,870.83,Bearish,1,0,0,1,12,9,4,12,31
06-Nov-25,25-Nov-25,SBILIFE,Non-Hld,1969.7,1900,1802.4,9.28,1997.6,1.42,0.86,74.15,42.23,30.42,11.81,2012.29,1878.22,1744.16,Bearish,6,6,6,9,4,4,0,1,29
06-Nov-25,25-Nov-25,SBIN,Non-Hld,959.85,1000,954.1,0.6,1045.9,8.96,0.74,80.32,25.37,21.68,3.69,970.04,909.33,848.63,Bearish,4,4,17,19,12,21,0,1,56
06-Nov-25,25-Nov-25,SHREECEM,Non-Hld,27400,30000,27492.7,-0.34,32507.3,18.64,0.38,29.67,-454.08,-308.3,-145.79,30254.54,28882.41,27510.29,Bearish,0,0,3,0,11,4,5,2,40
06-Nov-25,25-Nov-25,SHRIRAMFIN,Non-Hld,791.95,800,755.8,4.78,844.2,6.6,1.08,86.71,37.18,28.79,8.4,798.68,712.07,625.46,Bearish,0,0,5,5,13,8,5,6,34
06-Nov-25,25-Nov-25,SIEMENS,Holding,3084,3150,2994.55,2.99,3305.45,7.18,0.46,42.51,-15.66,-13.61,-2.05,3193.58,3128,3062.42,Bearish,0,0,0,0,11,3,10,3,22
06-Nov-25,25-Nov-25,SOLARINDS,Non-Hld,13410,14000,13094.4,2.41,14905.6,11.15,0.66,35.15,-108.79,-68.69,-40.09,14344.83,13973.95,13603.07,Bearish,0,0,0,0,10,2,9,2,18
06-Nov-25,25-Nov-25,SONACOMS,Non-Hld,483.1,500,470.3,2.72,529.7,9.65,0.5,65.78,13.1,11.93,1.17,507.94,463.7,419.46,Bearish,0,0,5,14,12,6,0,1,31
06-Nov-25,25-Nov-25,SRF,Non-Hld,2897,3000,2849.85,1.65,3150.15,8.74,0.45,38.25,-7.33,16.95,-24.28,3204.22,3040.82,2877.42,Bearish,0,2,0,0,9,4,2,10,21
06-Nov-25,25-Nov-25,SUNPHARMA,Non-Hld,1686,1700,1645.9,2.44,1754.1,4.04,0.52,54.39,15.96,17.35,-1.38,1721.84,1680.9,1639.95,Bearish,2,0,8,4,10,5,3,2,25
06-Nov-25,25-Nov-25,SUPREMEIND,Non-Hld,3836.1,4000,3756.45,2.12,4243.55,10.62,0.51,34.42,-117.76,-104.18,-13.58,4374.87,4046.81,3718.75,Bearish,0,2,1,1,9,3,4,4,31
06-Nov-25,25-Nov-25,SUZLON,Non-Hld,59.5,60,56.3,5.68,63.7,7.06,0.61,67.19,0.88,0.07,0.8,60.52,55.46,50.4,Bearish,1,0,7,5,13,2,9,0,23
06-Nov-25,25-Nov-25,SYNGENE,Non-Hld,617.2,650,611.85,0.87,688.15,11.5,0.7,37.9,0.36,1.71,-1.35,669.52,644.85,620.18,Bearish,0,0,2,0,10,7,10,3,20
06-Nov-25,25-Nov-25,TATACONSUM,Non-Hld,1180.5,1160,1108.5,6.5,1211.5,2.63,0.72,62.55,17.21,15.59,1.62,1208.89,1156.1,1103.32,Bearish,9,9,3,19,1,1,1,0,34
06-Nov-25,25-Nov-25,TATAELXSI,Non-Hld,5227.5,6000,5237.5,-0.19,6762.5,29.36,0.46,35.84,-24.66,-14.77,-9.89,5619.32,5437.78,5256.23,Bearish,0,1,0,0,12,2,12,3,20
06-Nov-25,25-Nov-25,TATAPOWER,Non-Hld,390.8,400,380.75,2.64,419.25,7.28,0.6,44.19,2.82,3.28,-0.46,411.5,397.9,384.31,Bearish,0,0,0,0,17,4,14,4,25
06-Nov-25,25-Nov-25,TATASTEEL,Non-Hld,177.35,185,173.79,2.05,196.21,10.63,0.51,53.3,2.97,2.9,0.07,185.45,176.43,167.41,Bearish,0,0,1,0,15,5,11,8,26
06-Nov-25,25-Nov-25,TATATECH,Non-Hld,675.6,700,663.9,1.76,736.1,8.96,0.49,40.51,-1.75,-0.4,-1.35,714.97,694.66,674.36,Bearish,0,0,1,0,10,4,6,4,23
06-Nov-25,25-Nov-25,TCS,Non-Hld,3010,3100,2976.05,1.14,3223.95,7.11,0.66,48.32,2.05,2.05,0,3096.78,3020.06,2943.35,Bearish,7,19,18,12,2,4,1,1,48
06-Nov-25,25-Nov-25,TECHM,Non-Hld,1415.9,1500,1409.75,0.44,1590.25,12.31,0.71,40.68,-8.91,-6.14,-2.76,1470.62,1441.19,1411.76,Bearish,8,7,5,7,0,1,1,0,26
06-Nov-25,25-Nov-25,TIINDIA,Non-Hld,2975.8,3200,2941.45,1.17,3458.55,16.22,0.52,36.19,-38.13,-19.74,-18.39,3238.43,3114.76,2991.09,Bearish,0,0,5,6,12,4,2,1,23
06-Nov-25,25-Nov-25,TITAGARH,Non-Hld,855.65,900,825,3.72,975,13.95,0.52,40.92,-2.76,-0.66,-2.11,914.78,888.16,861.53,Bearish,0,0,1,0,12,3,14,1,17
06-Nov-25,25-Nov-25,TITAN,Non-Hld,3770,3700,3545.5,6.33,3854.5,2.24,0.6,63.21,67.27,60.21,7.06,3864.85,3677.58,3490.3,Bearish,3,1,2,6,13,15,4,21,50
06-Nov-25,25-Nov-25,TMPV,Non-Hld,407.75,420,393.15,3.71,446.85,9.59,0.53,59.89,,,,,,,Bullish,3,2,12,7,8,4,1,0,21
06-Nov-25,25-Nov-25,TORNTPHARM,Non-Hld,3567.6,3600,3447.55,3.48,3752.45,5.18,0.47,46.88,3.55,3.29,0.26,3630.58,3569.58,3508.58,Bearish,1,0,3,1,7,5,2,5,19
06-Nov-25,25-Nov-25,TORNTPOWER,Non-Hld,1272,1400,1265.5,0.51,1534.5,20.64,0.43,45.78,10.18,12.23,-2.05,1364.31,1299.36,1234.41,Bearish,0,0,1,0,9,5,12,3,23
06-Nov-25,25-Nov-25,TRENT,Non-Hld,4674,4800,4477.2,4.4,5122.8,9.6,0.84,39.99,-59.55,-66.69,7.14,4852.32,4728.12,4603.92,Bearish,11,2,9,5,0,0,1,1,17
06-Nov-25,25-Nov-25,TVSMOTOR,Non-Hld,3452,3600,3399.25,1.55,3800.75,10.1,0.43,41.1,6.51,29.34,-22.83,3679,3545.62,3412.24,Bearish,0,0,0,0,8,11,7,9,22
06-Nov-25,25-Nov-25,ULTRACEMCO,Non-Hld,11942,12000,11605,2.9,12395,3.79,0.54,41.81,-106.63,-87.31,-19.32,12454.09,12106,11757.91,Bearish,8,10,2,14,0,2,0,0,37
06-Nov-25,25-Nov-25,UNIONBANK,Non-Hld,150,150,141.59,5.94,158.41,5.61,0.79,64.09,3.49,2.67,0.82,152.29,142.71,133.14,Bearish,0,1,0,1,8,7,5,7,21
06-Nov-25,25-Nov-25,UNITDSPR,Non-Hld,1416.4,1500,1409.2,0.51,1590.8,12.31,0.51,61.97,25.33,16.89,8.43,1448.65,1367.35,1286.05,Bearish,0,0,0,1,11,15,6,19,51
06-Nov-25,25-Nov-25,UNOMINDA,Non-Hld,1232.2,1200,1107.1,11.3,1292.9,4.93,0.78,48.38,-7.87,-12.35,4.48,1284.24,1227,1169.76,Bearish,0,0,2,2,10,4,4,5,23
06-Nov-25,25-Nov-25,UPL,Non-Hld,729,750,710.15,2.65,789.85,8.35,0.62,71.84,12.55,6.16,6.4,738.66,692.79,646.92,Bearish,3,1,10,3,11,3,4,1,23
06-Nov-25,25-Nov-25,VBL,Non-Hld,471.8,500,467.35,0.95,532.65,12.9,0.49,53.93,3.98,1.58,2.4,490.08,460.04,430,Bearish,1,1,4,13,8,14,2,2,36
06-Nov-25,25-Nov-25,VEDL,Non-Hld,505,500,471.2,7.17,528.8,4.71,0.7,60.65,12.6,12.06,0.55,519.02,490.68,462.33,Bearish,0,0,5,9,17,6,6,3,35
06-Nov-25,25-Nov-25,VOLTAS,Non-Hld,1299,1300,1225.45,6,1374.55,5.82,0.61,28.51,-8.31,5.21,-13.52,1478.89,1403.45,1328.01,Bearish,0,0,0,0,16,5,8,9,27
06-Nov-25,25-Nov-25,WIPRO,Non-Hld,240.05,250,237.17,1.21,262.83,9.49,0.64,43.38,-1.75,-1.36,-0.39,251.54,243.87,236.19,Bearish,4,16,9,12,2,1,0,0,35
06-Nov-25,25-Nov-25,YESBANK,Non-Hld,22.62,23,21.63,4.58,24.37,7.74,0.37,53.58,0.31,0.4,-0.09,23.86,22.85,21.85,Bearish,0,0,0,0,9,0,4,2,11
06-Nov-25,25-Nov-25,ZYDUSLIFE,Non-Hld,934.8,1000,929.2,0.6,1070.8,14.55,0.52,30.32,-8.93,-4.12,-4.81,1022.49,989.1,955.71,Bearish,0,0,2,0,20,3,13,2,30
07-Nov-25,25-Nov-25,360ONE,Non-Hld,1066.2,1200,1068.6,-0.22,1331.4,24.87,0.39,39.49,0.08,13.38,-13.29,1209.78,1127.14,1044.5,Bearish,6,1,4,5,4,0,0,2,20
07-Nov-25,25-Nov-25,ABB,Holding,5011.5,5200,4908.6,2.1,5491.4,9.58,0.72,35.26,-9.73,-0.06,-9.67,5318.78,5198.35,5077.92,Bearish,0,0,1,0,17,6,16,7,38
07-Nov-25,25-Nov-25,ABCAPITAL,Non-Hld,337.15,330,311.9,8.1,348.1,3.25,0.9,71.4,10.39,8.09,2.3,338.34,311.58,284.81,Bullish,7,8,12,5,0,0,0,0,28
07-Nov-25,25-Nov-25,ADANIENSOL,Non-Hld,966.35,1000,931.9,3.7,1068.1,10.53,0.49,57.07,23.29,24.63,-1.34,992.27,950.87,909.46,Bearish,0,0,4,3,12,9,5,6,30
07-Nov-25,25-Nov-25,ADANIENT,Non-Hld,2374.8,2500,2332.9,1.8,2667.1,12.31,0.76,36.44,-29.8,-6.43,-23.37,2625.68,2495.3,2364.91,Bearish,6,27,10,19,4,0,0,0,46
07-Nov-25,25-Nov-25,ADANIGREEN,Non-Hld,1059,1200,1058.85,0.01,1341.15,26.64,0.5,49.97,13.48,15.24,-1.76,1136.81,1062.74,988.67,Bullish,3,3,10,7,8,1,0,3,24
07-Nov-25,25-Nov-25,ADANIPORTS,Non-Hld,1448.9,1460,1396.65,3.74,1523.35,5.14,0.56,54.93,9.27,11.81,-2.54,1488.17,1444.04,1399.92,Bearish,3,10,6,10,0,2,0,1,23
07-Nov-25,25-Nov-25,ALKEM,Non-Hld,5670,5700,5413.95,4.73,5986.05,5.57,0.97,63.92,48,37.04,10.97,5673.78,5542.72,5411.67,Bearish,9,1,9,4,1,1,3,0,33
07-Nov-25,25-Nov-25,AMBER,Non-Hld,7282,8000,6883,5.8,9117,25.2,0.43,24.89,-106.98,5.04,-112.01,8710.77,8153.12,7595.48,Bearish,0,0,1,0,22,4,14,11,35
07-Nov-25,25-Nov-25,AMBUJACEM,Non-Hld,558.75,580,551.55,1.31,608.45,8.89,0.75,44.06,-2.07,-2,-0.07,575.84,565.08,554.32,Bullish,3,2,14,5,9,5,0,1,34
07-Nov-25,25-Nov-25,ANGELONE,Non-Hld,2609,2600,2427.35,7.48,2772.65,6.27,0.68,66.83,57.85,55.81,2.04,2634.13,2491.57,2349.01,Bullish,8,6,12,3,0,0,0,0,20
07-Nov-25,25-Nov-25,APLAPOLLO,Non-Hld,1802.8,1800,1727.45,4.36,1872.55,3.87,0.6,65.52,23.36,22.73,0.63,1812.42,1762.64,1712.85,Bearish,3,8,5,6,3,1,0,0,24
07-Nov-25,25-Nov-25,APOLLOHOSP,Non-Hld,7642,8000,7607.65,0.45,8392.35,9.82,0.49,41.41,7.93,30.64,-22.71,8024.59,7821.25,7617.91,Bearish,0,0,6,5,15,16,10,3,45
07-Nov-25,25-Nov-25,ASHOKLEY,Non-Hld,141.32,140,132.24,6.87,147.76,4.56,0.66,58.19,1.14,0.97,0.16,143.02,138.5,133.99,Bearish,10,15,16,11,0,0,0,1,41
07-Nov-25,25-Nov-25,ASIANPAINT,Non-Hld,2612,2600,2496,4.65,2704,3.52,0.6,70.82,35.78,23.51,12.27,2640.45,2481.07,2321.69,Bearish,4,9,10,14,4,7,0,0,45
07-Nov-25,25-Nov-25,ASTRAL,Non-Hld,1557.3,1600,1528.65,1.87,1671.35,7.32,0.67,71.55,26.24,14.6,11.64,1534.72,1455.85,1376.98,Bearish,0,0,1,13,6,12,1,6,27
07-Nov-25,25-Nov-25,AUBANK,Non-Hld,907.15,900,858.7,5.64,941.3,3.76,1.17,77.89,35.93,34.12,1.81,937.15,841.67,746.18,Bullish,10,6,15,9,0,0,0,0,33
07-Nov-25,25-Nov-25,AUROPHARMA,Non-Hld,1122.5,1100,1045.75,7.34,1154.25,2.83,0.64,53.79,11.09,8.31,2.78,1156.28,1116.57,1076.86,Bearish,0,0,0,2,4,7,2,8,19
07-Nov-25,25-Nov-25,AXISBANK,Non-Hld,1224.1,1250,1209.05,1.24,1290.95,5.46,0.6,56.36,18.95,24.18,-5.23,1274.05,1221.79,1169.52,Bearish,0,0,8,5,9,17,3,5,37
07-Nov-25,25-Nov-25,BAJAJ-AUTO,Non-Hld,8717,9000,8522.9,2.28,9477.1,8.72,0.65,37.27,-41.82,3.5,-45.32,9269.36,8982.5,8695.64,Bearish,0,0,11,5,22,5,0,2,31
07-Nov-25,25-Nov-25,BAJAJFINSV,Non-Hld,2110,2100,2007.55,5.1,2192.45,3.91,0.68,54.27,10.76,19.23,-8.48,2199.3,2099.54,1999.77,Bearish,15,10,15,7,2,2,1,0,35
07-Nov-25,25-Nov-25,BAJFINANCE,Non-Hld,1069.6,1100,1040.4,2.81,1159.6,8.41,0.77,58.64,12.49,17.81,-5.32,1101.95,1060.38,1018.82,Bullish,15,14,19,10,2,0,1,0,41
07-Nov-25,25-Nov-25,BANDHANBNK,Non-Hld,153.95,170,153.4,0.36,186.6,21.21,0.5,37.31,-2.11,-0.27,-1.84,177.67,164.56,151.45,Bearish,8,10,10,9,1,1,1,2,27
07-Nov-25,25-Nov-25,BANKBARODA,Non-Hld,289.2,280,264.5,9.34,295.5,2.18,0.92,69.69,8.34,7.34,1,292.47,274.6,256.73,Bullish,11,14,18,6,0,0,0,1,42
07-Nov-25,25-Nov-25,BANKINDIA,Non-Hld,144.65,140,131.64,9.88,148.36,2.56,0.73,72.56,5.48,4.94,0.55,148.14,133.87,119.59,Bullish,11,12,15,10,0,0,0,0,43
07-Nov-25,25-Nov-25,BDL,Non-Hld,1446,1540,1415.1,2.18,1664.9,15.14,0.64,37.45,-17.47,-9.22,-8.25,1571.14,1511.35,1451.56,Bearish,13,5,9,10,4,2,0,1,27
07-Nov-25,25-Nov-25,BEL,Holding,414.4,420,401.55,3.2,438.45,5.8,0.52,52.51,3.04,4.13,-1.1,425.1,414.02,402.95,Bearish,9,14,9,11,0,0,0,0,28
07-Nov-25,25-Nov-25,BHARATFORG,Non-Hld,1317.4,1300,1224.55,7.58,1375.45,4.41,0.67,61.84,27.92,26.63,1.29,1365.74,1284.22,1202.71,Bearish,0,1,6,4,8,4,0,1,24
07-Nov-25,25-Nov-25,BHARTIARTL,Non-Hld,2001.5,2100,1991.75,0.49,2208.25,10.33,0.3,46.89,35.12,38.54,-3.42,2147.89,2035.5,1923.1,Bearish,0,0,1,0,20,5,15,7,34
07-Nov-25,25-Nov-25,BHEL,Non-Hld,264.3,250,231.7,14.07,268.3,1.51,1.07,68.34,8.25,5.99,2.25,273.78,245.65,217.51,Bearish,9,17,8,20,0,1,1,1,39
07-Nov-25,25-Nov-25,BIOCON,Non-Hld,380,370,347.4,9.38,392.6,3.32,0.71,63.56,6.82,4.81,2.01,387.94,366.5,345.06,Bearish,0,0,2,0,9,8,10,10,25
07-Nov-25,25-Nov-25,BLUESTARCO,Non-Hld,1756,2000,1764.25,-0.47,2235.75,27.32,0.32,27.41,-17.92,4.64,-22.56,2051.47,1928.71,1805.95,Bearish,1,0,6,1,18,7,5,8,40
07-Nov-25,25-Nov-25,BOSCHLTD,Non-Hld,36800,37000,35231.95,4.45,38768.05,5.35,0.48,35.84,-497.62,-359.24,-138.39,39691.52,38164.25,36636.98,Bearish,1,4,0,0,7,3,6,6,26
07-Nov-25,25-Nov-25,BPCL,Non-Hld,367,342.5,314.9,16.54,370.1,0.84,1.04,72.71,10.25,7.36,2.89,370.52,340.87,311.22,Bearish,5,10,10,9,1,1,0,1,26
07-Nov-25,25-Nov-25,BRITANNIA,Non-Hld,6155,6500,6159.2,-0.07,6840.8,11.14,0.81,65.34,9.26,-5.43,14.68,6158.72,5943.2,5727.68,Bullish,11,12,21,3,1,0,0,0,37
07-Nov-25,25-Nov-25,BSE,Holding,2666.9,2500,2250.5,18.5,2749.5,3.1,0.92,69.49,67.3,61.58,5.72,2596.79,2483.96,2371.12,Bullish,9,8,15,7,0,0,0,0,26
07-Nov-25,25-Nov-25,CAMS,Holding,3801,4000,3745.5,1.48,4254.5,11.93,0.57,46.27,-6.34,4.01,-10.35,3970.02,3844.3,3718.59,Bullish,8,8,10,7,0,0,1,2,27
07-Nov-25,25-Nov-25,CANBK,Non-Hld,140.8,140,133.27,5.65,146.73,4.21,1.12,76.23,4.95,4.19,0.76,142.34,131.23,120.13,Bullish,15,17,20,17,0,0,0,0,45
07-Nov-25,25-Nov-25,CDSL,Holding,1577.8,1600,1515.3,4.12,1684.7,6.78,0.59,50.7,0.72,9.49,-8.77,1655.69,1597.5,1539.31,Bearish,14,9,8,13,0,0,3,1,29
07-Nov-25,25-Nov-25,CGPOWER,Holding,734.8,730,697.1,5.41,762.9,3.82,0.7,45.68,-2.04,-1.55,-0.49,763.44,741.76,720.07,Bearish,1,1,7,8,7,5,0,0,25
07-Nov-25,25-Nov-25,CHOLAFIN,Non-Hld,1699.8,1700,1624.3,4.65,1775.7,4.47,0.8,55.68,30.2,34.9,-4.7,1763.68,1693.1,1622.52,Bearish,12,10,9,10,0,0,0,0,30
07-Nov-25,25-Nov-25,CIPLA,Non-Hld,1509.8,1600,1502.4,0.49,1697.6,12.44,0.46,40.9,-12.38,-2.13,-10.25,1656.03,1560.78,1465.52,Bearish,2,6,10,13,9,15,0,1,52
07-Nov-25,25-Nov-25,COALINDIA,Holding,376,389.75,374.15,0.49,405.35,7.81,0.75,47.76,-0.21,0.3,-0.51,385.63,377.57,369.52,Bearish,13,12,11,16,5,2,0,1,84
07-Nov-25,25-Nov-25,COFORGE,Non-Hld,1740.4,1800,1700.95,2.32,1899.05,9.12,0.5,49.12,19.22,22.32,-3.1,1825.72,1757.77,1689.82,Bearish,1,0,0,0,13,8,13,8,35
07-Nov-25,25-Nov-25,COLPAL,Non-Hld,2166,2300,2157,0.42,2443,12.79,0.64,39.52,-17,-13.75,-3.24,2271.61,2213.11,2154.61,Bearish,2,3,0,0,11,2,9,4,38
07-Nov-25,25-Nov-25,CONCOR,Non-Hld,521.9,550,515.65,1.21,584.35,11.97,0.75,38.31,-1.54,-0.07,-1.46,554.87,536.96,519.06,Bearish,13,3,13,7,0,1,0,0,35
07-Nov-25,25-Nov-25,CROMPTON,Non-Hld,277.5,300,275.55,0.71,324.45,16.92,0.62,29.72,-5.01,-4.83,-0.18,295.06,286.29,277.53,Bearish,0,0,6,7,10,7,1,5,22
07-Nov-25,25-Nov-25,CUMMINSIND,Non-Hld,4290,4300,4102.15,4.58,4497.85,4.84,0.73,63.68,103.58,90.87,12.71,4499.64,4147.52,3795.4,Bearish,0,0,8,10,12,7,4,0,32
07-Nov-25,25-Nov-25,CYIENT,Non-Hld,1116,1200,1104.05,1.08,1295.95,16.12,0.81,36.03,-6.72,-1.76,-4.96,1212.41,1163.27,1114.13,Bearish,0,0,0,0,14,6,11,6,22
07-Nov-25,25-Nov-25,DABUR,Non-Hld,519,500,473.8,9.54,526.2,1.39,0.65,58.82,2.5,-0.59,3.09,523.1,501.75,480.39,Bearish,0,0,2,9,9,14,3,6,36
07-Nov-25,25-Nov-25,DALBHARAT,Non-Hld,2042.5,2100,2002.35,2.01,2197.65,7.6,0.48,22.92,-58.77,-51.94,-6.83,2282.47,2146.83,2011.2,Bearish,1,1,2,0,11,1,4,3,40
07-Nov-25,25-Nov-25,DELHIVERY,Non-Hld,431.55,500,431.9,-0.08,568.1,31.64,0.36,35.94,-1.58,2.19,-3.77,495.8,468.09,440.38,Bearish,0,0,0,0,21,6,12,15,34
07-Nov-25,25-Nov-25,DIVISLAB,Non-Hld,6607,7000,6550,0.87,7450,12.76,0.67,57.67,154.68,149.16,5.52,6864.87,6626.12,6387.38,Bearish,0,0,3,3,22,6,20,3,43
07-Nov-25,25-Nov-25,DIXON,Non-Hld,14850,16000,14723.45,0.86,17276.55,16.34,0.46,26.6,-534.36,-463.74,-70.61,17533.39,16009.25,14485.11,Bearish,0,1,0,0,15,5,6,10,27
07-Nov-25,25-Nov-25,DLF,Non-Hld,758.5,800,752.65,0.78,847.35,11.71,0.71,48.25,3.97,5.12,-1.15,791.27,765.9,740.53,Bullish,3,2,8,7,9,6,0,3,26
07-Nov-25,25-Nov-25,DMART,Non-Hld,4015.9,4200,3967.9,1.21,4432.1,10.36,0.41,24.81,-89.63,-81.43,-8.2,4365.28,4213.74,4062.21,Bearish,0,0,0,0,16,6,10,8,30
07-Nov-25,25-Nov-25,DRREDDY,Non-Hld,1207,1300,1199.4,0.63,1400.6,16.04,0.4,37.22,-17.05,-11.37,-5.68,1312.34,1242.86,1173.39,Bearish,1,2,2,9,8,11,1,10,45
07-Nov-25,25-Nov-25,EICHERMOT,Non-Hld,6885,7000,6709.3,2.62,7290.7,5.89,0.95,49.64,27.07,52.18,-25.12,7068.05,6937.28,6806.5,Bearish,7,12,13,9,1,4,0,0,38
07-Nov-25,25-Nov-25,ETERNAL,Non-Hld,305.9,330,303.25,0.87,356.75,16.62,0.43,31.88,-5.69,-1.7,-4,361.07,332.98,304.9,Bearish,1,1,0,1,15,2,4,11,27
07-Nov-25,25-Nov-25,EXIDEIND,Non-Hld,377.1,400,373.55,0.95,426.45,13.09,0.72,34.43,-5.59,-4.83,-0.76,405.02,388.54,372.06,Bearish,0,1,1,0,8,8,7,7,26
07-Nov-25,25-Nov-25,FEDERALBNK,Non-Hld,237.5,230,218.39,8.75,241.61,1.73,0.99,78.26,9.47,9.19,0.28,247.53,226.1,204.67,Bearish,8,12,10,10,1,0,2,0,36
07-Nov-25,25-Nov-25,FORTIS,Non-Hld,1020.2,1000,941.65,8.34,1058.35,3.74,0.62,46.93,2.39,12.23,-9.84,1114.16,1055.68,997.21,Bullish,9,10,12,4,1,0,0,0,35
07-Nov-25,25-Nov-25,GAIL,Non-Hld,180.8,190,178.85,1.09,201.15,11.26,0.61,51.4,0.93,1.05,-0.12,184.65,180.12,175.59,Bullish,8,8,11,5,1,0,0,0,23
07-Nov-25,25-Nov-25,GLENMARK,Non-Hld,1822.4,1900,1788.25,1.91,2011.75,10.39,0.67,34.14,-33.22,-34.42,1.2,1931.37,1859.77,1788.17,Bearish,9,4,8,5,1,2,1,3,35
07-Nov-25,25-Nov-25,GMRAIRPORT,Non-Hld,95.7,95,90.11,6.2,99.89,4.38,0.39,65.87,1.46,1.21,0.25,96.38,92.5,88.63,Bullish,8,11,12,8,1,0,0,0,30
07-Nov-25,25-Nov-25,GODREJCP,Non-Hld,1125.3,1160,1109.7,1.41,1210.3,7.55,0.71,44.31,-8.64,-14.51,5.87,1159.22,1123.08,1086.95,Bearish,0,0,0,0,7,4,4,7,22
07-Nov-25,25-Nov-25,GODREJPROP,Non-Hld,2139,2300,2135,0.19,2465,15.24,0.62,43.83,41.89,57.5,-15.62,2409.69,2222.95,2036.2,Bearish,0,0,1,0,17,11,11,11,36
07-Nov-25,25-Nov-25,GRASIM,Non-Hld,2724,3000,2730.7,-0.25,3269.3,20.02,0.42,36.31,-2.27,17.56,-19.83,2988.09,2853.72,2719.35,Bearish,5,15,8,16,2,4,0,0,49
07-Nov-25,25-Nov-25,HAL,Non-Hld,4632,5000,4585,1.03,5415,16.9,0.63,39.23,-30.87,-8.33,-22.54,4923.1,4752.28,4581.46,Bearish,14,7,13,5,1,1,1,4,31
07-Nov-25,25-Nov-25,HAVELLS,Non-Hld,1450,1500,1433.6,1.14,1566.4,8.03,0.6,35.73,-13.02,-10.9,-2.13,1519.44,1482.71,1445.97,Bearish,2,2,4,7,5,2,0,1,25
07-Nov-25,25-Nov-25,HCLTECH,Non-Hld,1511,1400,1282,17.86,1518,0.46,0.7,53.7,20.08,22.33,-2.25,1563.37,1514.85,1466.33,Bearish,0,0,0,1,11,6,8,9,25
07-Nov-25,25-Nov-25,HDFCAMC,Non-Hld,5435,5500,5277.05,2.99,5722.95,5.3,0.59,42.29,-69.51,-50.74,-18.77,5835.74,5554.95,5274.16,Bearish,10,10,9,11,0,1,1,0,37
07-Nov-25,25-Nov-25,HDFCBANK,Non-Hld,984.3,1000,969.4,1.54,1030.6,4.7,0.68,46.53,2.75,5.58,-2.83,1014.28,992.71,971.15,Bearish,0,0,10,6,17,16,8,8,46
07-Nov-25,25-Nov-25,HDFCLIFE,Non-Hld,750,750,725.9,3.32,774.1,3.21,0.51,50.19,-4.99,-5.81,0.82,759.96,744.7,729.44,Bearish,6,9,3,10,0,0,0,0,24
07-Nov-25,25-Nov-25,HEROMOTOCO,Non-Hld,5300,5600,5263.1,0.7,5936.9,12.02,0.71,37.66,-5.94,42.07,-48.01,5733.08,5530.25,5327.42,Bearish,0,0,1,1,10,12,6,12,38
07-Nov-25,25-Nov-25,HFCL,Non-Hld,74.85,75,69.73,7.34,80.27,7.24,0.52,48.12,0.2,0.43,-0.23,78.53,76.07,73.6,Bullish,4,4,10,6,5,5,2,0,26
07-Nov-25,25-Nov-25,HINDALCO,Non-Hld,790.5,800,763.75,3.5,836.25,5.79,0.65,46.22,15.28,20.81,-5.53,875.75,807.68,739.61,Bearish,14,6,12,9,5,1,1,0,32
07-Nov-25,25-Nov-25,HINDPETRO,Non-Hld,476.1,480,457.45,4.08,502.55,5.56,0.7,69.08,13.66,12.27,1.39,487.29,456.25,425.21,Bearish,5,13,7,14,0,0,0,1,33
07-Nov-25,25-Nov-25,HINDUNILVR,Non-Hld,2416.8,2600,2417.6,-0.03,2782.4,15.13,0.45,32.21,-29.73,-20.81,-8.92,2598.12,2488.67,2379.23,Bearish,0,0,6,1,14,8,5,9,39
07-Nov-25,25-Nov-25,HINDZINC,Non-Hld,474.95,550,473.85,0.23,626.15,31.83,0.42,47.67,-0.75,2.46,-3.21,513.06,486.45,459.84,Bearish,11,15,10,9,0,0,0,0,35
07-Nov-25,25-Nov-25,HUDCO,Non-Hld,231.5,240,223.94,3.38,256.06,10.61,0.57,51.23,1.76,2.15,-0.4,238.97,230.46,221.95,Bullish,9,10,11,6,1,1,0,1,30
07-Nov-25,25-Nov-25,ICICIBANK,Non-Hld,1342.6,1400,1338.4,0.31,1461.6,8.86,0.53,41.67,-14.69,-10.72,-3.97,1425.8,1370.61,1315.42,Bearish,6,22,11,14,0,1,1,1,44
07-Nov-25,25-Nov-25,ICICIGI,Non-Hld,2017.9,2000,1923.7,4.9,2076.3,2.89,0.6,59.05,31.3,30.94,0.37,2102.79,1975.58,1848.36,Bearish,12,3,8,5,3,1,1,1,29
07-Nov-25,25-Nov-25,ICICIPRULI,Non-Hld,616.95,600,571.1,8.03,628.9,1.94,0.69,60.72,1.65,-0.17,1.82,611.88,598.72,585.55,Bearish,12,9,11,10,0,0,0,0,35
07-Nov-25,25-Nov-25,IDEA,Non-Hld,9.61,10,8.9,7.98,11.1,15.5,0.55,59.1,0.28,0.3,-0.03,9.97,9.15,8.33,Bearish,4,4,3,3,0,0,0,1,10
07-Nov-25,25-Nov-25,IDFCFIRSTB,Non-Hld,81.32,84,79.66,2.08,88.34,8.63,0.57,69.3,2.47,2.26,0.21,84.39,77.59,70.79,Bullish,11,10,13,9,0,0,0,0,32
07-Nov-25,25-Nov-25,IEX,Holding,139.1,150,137.96,0.83,162.04,16.49,0.59,45.15,-0.74,-0.37,-0.37,149.08,140.23,131.39,Bearish,4,13,4,10,0,0,1,1,22
07-Nov-25,25-Nov-25,IGL,Non-Hld,212.44,210,197.87,7.36,222.13,4.56,0.67,49.75,0.44,0.46,-0.02,217.53,212.32,207.12,Bearish,7,6,6,3,2,1,3,2,26
07-Nov-25,25-Nov-25,IIFL,Non-Hld,525.7,550,514.4,2.2,585.6,11.39,0.53,61.18,17.13,17.07,0.06,550.13,511.81,473.48,Bearish,6,11,7,9,0,0,0,0,21
07-Nov-25,25-Nov-25,INDHOTEL,Non-Hld,691.65,800,693.6,-0.28,906.4,31.05,0.53,28.72,-6.9,-3.08,-3.82,765.32,734.65,703.98,Bearish,0,2,3,0,14,2,9,7,28
07-Nov-25,25-Nov-25,INDIANB,Non-Hld,873.95,870,824.75,5.97,915.25,4.73,0.72,76.53,36.07,35.36,0.71,904.57,827.08,749.59,Bullish,9,7,11,7,0,0,0,0,35
07-Nov-25,25-Nov-25,INDIGO,Holding,5604.5,6000,5591.95,0.22,6408.05,14.34,0.75,39.93,-29.38,-6.36,-23.02,5960.93,5766.95,5572.97,Bearish,0,2,0,0,17,3,9,12,37
07-Nov-25,25-Nov-25,INDUSINDBK,Non-Hld,797.05,800,761.5,4.67,838.5,5.2,0.77,61.93,11.88,10.04,1.84,816.99,773.54,730.09,Bearish,6,13,11,10,0,0,0,0,27
07-Nov-25,25-Nov-25,INDUSTOWER,Non-Hld,400,380,354.75,12.76,405.25,1.31,0.73,69.87,11.38,7.57,3.82,405.87,367.3,328.72,Bearish,0,8,10,5,4,5,1,2,30
07-Nov-25,25-Nov-25,INFY,Non-Hld,1478,1500,1429.3,3.41,1570.7,6.27,0.55,50.93,3.18,4.68,-1.5,1523.55,1475.2,1426.85,Bearish,15,5,11,7,1,0,1,2,25
07-Nov-25,25-Nov-25,INOXWIND,Non-Hld,149.15,160,147.7,0.98,172.3,15.52,0.53,47.74,1.74,2.06,-0.32,158.26,151.47,144.69,Bearish,2,0,6,9,8,9,2,1,22
07-Nov-25,25-Nov-25,IOC,Non-Hld,168.9,160,148.81,13.5,171.19,1.36,1.1,76.17,5.25,4.18,1.07,172.77,158.84,144.92,Bullish,8,13,20,12,4,3,0,0,56
07-Nov-25,25-Nov-25,IRCTC,Holding,704,720,689,2.18,751,6.68,0.73,40.58,-1.04,0.61,-1.65,731.8,717.39,702.99,Bearish,18,4,14,4,2,0,1,0,41
07-Nov-25,25-Nov-25,IREDA,Non-Hld,149.88,160,148,1.27,172,14.76,0.5,44.6,-0.24,0.32,-0.56,156.01,152.36,148.72,Bearish,13,4,8,6,2,0,3,0,20
07-Nov-25,25-Nov-25,IRFC,Non-Hld,121.6,125,119.14,2.06,130.86,7.62,0.52,41.91,-0.73,-0.46,-0.27,125.73,123.35,120.98,Bearish,11,7,8,7,3,0,1,2,40
07-Nov-25,25-Nov-25,ITC,Non-Hld,404.4,420,403.8,0.15,436.2,7.86,0.49,41.51,0.74,1.96,-1.22,425.76,410.86,395.96,Bearish,0,0,1,0,18,8,12,10,46
07-Nov-25,25-Nov-25,JINDALSTEL,Non-Hld,1067.2,1100,1045.4,2.09,1154.6,8.19,0.95,57.62,11.33,7.49,3.83,1095.24,1035.6,975.97,Bearish,13,9,11,11,0,1,1,0,35
07-Nov-25,25-Nov-25,JIOFIN,Non-Hld,299.65,310,294.65,1.7,325.35,8.58,0.57,38.06,-1.89,-0.95,-0.93,314.99,307.35,299.72,Bearish,10,4,7,7,0,1,0,1,20
07-Nov-25,25-Nov-25,JSWENERGY,Non-Hld,518.5,600,521.1,-0.5,678.9,30.94,0.42,41.44,-2.56,-0.33,-2.23,551.93,534.52,517.12,Bullish,6,1,9,4,3,2,0,0,18
07-Nov-25,25-Nov-25,JSWSTEEL,Non-Hld,1174,1200,1152.85,1.83,1247.15,6.23,0.59,53.48,14.05,15.95,-1.9,1212.85,1170.06,1127.28,Bearish,12,8,10,9,1,2,0,0,36
07-Nov-25,25-Nov-25,JUBLFOOD,Non-Hld,575.85,600,562.8,2.32,637.2,10.65,0.81,34.94,-7.21,-6.56,-0.65,612.56,594.74,576.92,Bearish,0,0,0,0,14,4,8,6,23
07-Nov-25,25-Nov-25,KALYANKJIL,Non-Hld,513.9,500,459.85,11.75,540.15,5.11,0.5,57.52,6.92,4.59,2.33,530.73,499.64,468.55,Bearish,11,0,0,0,4,0,15,2,21
07-Nov-25,25-Nov-25,KAYNES,Non-Hld,6249,7000,6192.85,0.91,7807.15,24.93,0.34,28.52,-144.22,-82.46,-61.75,7186.82,6774.92,6363.03,Bearish,0,0,5,1,11,10,2,8,29
07-Nov-25,25-Nov-25,KEI,Non-Hld,3960,4300,3928.65,0.8,4671.35,17.96,0.47,37.11,-44.09,-15,-29.09,4396.41,4131.96,3867.52,Bullish,3,1,6,4,4,4,1,0,25
07-Nov-25,25-Nov-25,KFINTECH,Holding,1105.6,1200,1088.95,1.53,1311.05,18.58,0.42,51.51,-2.66,3.54,-6.2,1178.56,1116.92,1055.29,Bearish,9,9,4,11,0,0,1,0,23
07-Nov-25,25-Nov-25,KOTAKBANK,Non-Hld,2089.9,2200,2085.9,0.19,2314.1,10.73,0.55,43.67,4.37,20.77,-16.4,2236.13,2153.18,2070.24,Bearish,12,5,9,8,3,2,0,1,32
07-Nov-25,25-Nov-25,KPITTECH,Non-Hld,1154.4,1200,1116.2,3.42,1283.8,11.21,0.61,42.42,-9.02,-9.62,0.6,1196.59,1165.03,1133.46,Bearish,0,1,0,0,8,3,8,4,20
07-Nov-25,25-Nov-25,LAURUSLABS,Non-Hld,984,1000,950.85,3.49,1049.15,6.62,0.72,70.8,27.31,22.92,4.39,1014.48,933.06,851.64,Bullish,4,5,11,7,5,5,0,2,36
07-Nov-25,25-Nov-25,LICHSGFIN,Non-Hld,571.7,600,568.1,0.63,631.9,10.53,0.63,47.7,0.63,1.51,-0.88,588.75,573.84,558.92,Bearish,5,9,7,7,2,0,0,0,35
07-Nov-25,25-Nov-25,LICI,Non-Hld,926,900,856.4,8.13,943.6,1.9,0.54,60.1,4.41,3.01,1.4,918.39,900.12,881.86,Bearish,6,10,12,9,5,0,0,0,27
07-Nov-25,25-Nov-25,LODHA,Non-Hld,1226.9,1200,1139,7.72,1261,2.78,0.69,61.32,13.74,6.54,7.21,1240.96,1187.95,1134.94,Bearish,1,0,4,9,8,6,1,3,20
07-Nov-25,25-Nov-25,LT,Non-Hld,3882.1,4000,3852.65,0.76,4147.35,6.83,0.48,53.5,53.68,67.02,-13.34,4040.78,3893.94,3747.09,Bullish,5,3,16,10,17,6,2,5,50
07-Nov-25,25-Nov-25,LTF,Non-Hld,304.5,300,283.25,7.5,316.75,4.02,1.16,80.35,9.41,7.87,1.53,288.93,270.13,251.34,Bullish,11,12,22,9,0,0,0,0,50
07-Nov-25,25-Nov-25,LTIM,Non-Hld,5575,5700,5441.25,2.46,5958.75,6.88,0.57,53.74,86.36,96.51,-10.14,5747.9,5582.51,5417.12,Bearish,0,0,1,1,14,5,12,5,34
07-Nov-25,25-Nov-25,LUPIN,Non-Hld,1969,2000,1907.6,3.22,2092.4,6.27,0.53,53.34,3.35,-1.49,4.84,1989.76,1951.52,1913.27,Bullish,3,1,11,9,15,1,0,0,31
07-Nov-25,25-Nov-25,M&M,Non-Hld,3685,3600,3436.05,7.25,3763.95,2.14,0.74,65.4,30.82,24.34,6.48,3698.03,3564.16,3430.29,Bearish,11,7,11,8,0,0,0,0,24
07-Nov-25,25-Nov-25,MANAPPURAM,Non-Hld,271.1,280,265.5,2.11,294.5,8.63,0.58,41.22,-4.07,-3,-1.07,292.68,277.99,263.31,Bearish,0,0,0,1,8,9,4,12,39
07-Nov-25,25-Nov-25,MANKIND,Non-Hld,2268,2400,2251.4,0.74,2548.6,12.37,0.49,24.59,-44.66,-31.61,-13.06,2521.03,2415.46,2309.88,Bearish,0,0,5,0,10,3,2,3,18
07-Nov-25,25-Nov-25,MARICO,Non-Hld,710.2,720,689.1,3.06,750.9,5.73,0.83,43.14,-0.11,1.01,-1.12,732.76,719.7,706.64,Bearish,0,0,0,0,8,2,7,4,21
07-Nov-25,25-Nov-25,MARUTI,Non-Hld,15490,17000,15395.25,0.62,18604.75,20.11,0.38,37.11,-36.6,116.85,-153.45,16790.21,16120.85,15451.49,Bearish,7,11,10,15,1,13,1,4,45
07-Nov-25,25-Nov-25,MAXHEALTH,Non-Hld,1136.1,1200,1123.25,1.14,1276.75,12.38,0.5,42.09,-5.47,0.74,-6.21,1220.6,1169.32,1118.04,Bearish,6,6,5,4,0,0,0,0,20
07-Nov-25,25-Nov-25,MAZDOCK,Non-Hld,2670,3000,2654.25,0.59,3345.75,25.31,0.37,36.93,-43.38,-28.28,-15.1,2899.67,2772.09,2644.51,Bearish,8,8,5,7,0,0,0,0,22
07-Nov-25,25-Nov-25,MCX,Holding,9420,9000,8371.25,12.53,9628.75,2.22,0.71,62.36,256.57,283.78,-27.2,9624.18,9233.45,8842.72,Bullish,8,4,15,14,10,4,0,0,39
07-Nov-25,25-Nov-25,MFSL,Non-Hld,1620.2,1700,1600,1.26,1800,11.1,0.76,61.61,1.31,-7.11,8.42,1630.23,1562.16,1494.1,Bullish,9,8,14,5,1,0,0,0,25
07-Nov-25,25-Nov-25,MOTHERSON,Holding,104.27,115,102.47,1.76,127.53,22.31,0.46,44.65,0.02,0.45,-0.43,108.03,105.54,103.06,Bearish,14,8,10,8,4,0,2,1,35
07-Nov-25,25-Nov-25,MPHASIS,Non-Hld,2734.9,2800,2649.8,3.21,2950.2,7.87,0.47,44.44,-4.13,0.88,-5.01,2890.33,2788.22,2686.11,Bearish,0,0,0,0,9,5,5,8,19
07-Nov-25,25-Nov-25,MUTHOOTFIN,Non-Hld,3223,3200,3004,7.29,3396,5.37,0.53,59.36,32.45,46.87,-14.42,3319.67,3215.9,3112.13,Bearish,8,7,8,8,0,0,0,0,23
07-Nov-25,25-Nov-25,NATIONALUM,Non-Hld,234.61,240,224.99,4.28,255.01,8.7,0.61,60,5.13,6.12,-1,241.67,231.28,220.89,Bearish,14,7,8,13,0,0,0,0,34
07-Nov-25,25-Nov-25,NAUKRI,Non-Hld,1344.5,1400,1310.7,2.58,1489.3,10.77,0.56,47.68,-2.3,0.07,-2.38,1399.18,1349.88,1300.59,Bearish,10,3,7,6,0,1,0,0,24
07-Nov-25,25-Nov-25,NBCC,Non-Hld,113.46,120,110.37,2.8,129.63,14.25,0.45,51.85,1.08,1.34,-0.26,117.82,113.2,108.58,Bearish,13,8,12,4,0,0,2,2,37
07-Nov-25,25-Nov-25,NCC,Non-Hld,195.42,210,193.99,0.74,226.01,15.65,0.57,32.37,-2.24,-0.66,-1.59,218.68,208.41,198.14,Bearish,1,3,11,9,15,4,3,1,32
07-Nov-25,25-Nov-25,NESTLEIND,Non-Hld,1262.8,1300,1249.35,1.08,1350.65,6.96,0.33,58.14,17.66,21.15,-3.49,1325.61,1259.1,1192.6,Bearish,0,1,0,2,11,6,11,2,39
07-Nov-25,25-Nov-25,NHPC,Non-Hld,81.52,85,80.02,1.87,89.98,10.38,0.52,34.4,-0.57,-0.05,-0.51,88.33,85.43,82.53,Bearish,0,0,6,2,15,7,5,4,28
07-Nov-25,25-Nov-25,NMDC,Non-Hld,74.2,80,73.83,0.5,86.17,16.13,0.54,45.55,-0.32,-0.08,-0.24,77.54,75.32,73.09,Bearish,11,5,7,10,2,1,0,0,28
07-Nov-25,25-Nov-25,NTPC,Non-Hld,326,350,325.9,0.03,374.1,14.75,0.45,39.32,-1.95,-0.16,-1.79,346.26,335.57,324.89,Bullish,12,8,14,9,0,1,0,1,43
07-Nov-25,25-Nov-25,NUVAMA,Non-Hld,7280,7500,7046.65,3.31,7953.35,9.25,0.53,59.71,131.03,150.13,-19.1,7436.69,7213.28,6989.86,Bearish,0,0,6,7,5,10,1,2,24
07-Nov-25,25-Nov-25,NYKAA,Non-Hld,246,260,239.57,2.68,280.43,14,0.63,43.86,0.34,2.33,-1.99,266.36,255.28,244.21,Bearish,2,2,0,0,14,3,14,5,35
07-Nov-25,25-Nov-25,OBEROIRLTY,Non-Hld,1786.9,1800,1724.45,3.62,1875.55,4.96,0.79,66.86,42.57,32.09,10.48,1843.6,1697.29,1550.98,Bearish,4,8,8,6,0,1,0,0,29
07-Nov-25,25-Nov-25,OFSS,Non-Hld,8080,9000,8042.7,0.46,9957.3,23.23,0.47,32.65,-131.76,-87.88,-43.88,9002.27,8521.29,8040.31,Bearish,1,0,1,0,13,7,8,7,30
07-Nov-25,25-Nov-25,OIL,Non-Hld,433.95,450,422.15,2.8,477.85,10.12,0.59,60.73,5.93,4.43,1.5,439.99,421.26,402.54,Bearish,9,6,9,6,3,2,1,0,25
07-Nov-25,25-Nov-25,ONGC,Non-Hld,252.5,260,248.4,1.65,271.6,7.56,0.44,56.59,3,3.48,-0.49,258.34,250.92,243.49,Bearish,0,0,9,6,13,4,1,0,30
07-Nov-25,25-Nov-25,PAGEIND,Non-Hld,39750,40000,38128.05,4.25,41871.95,5.34,0.5,32.75,-648.68,-604.28,-44.4,42100.71,40952.25,39803.79,Bearish,9,3,3,0,1,0,6,2,29
07-Nov-25,25-Nov-25,PATANJALI,Non-Hld,576,600,564.95,1.96,635.05,10.25,0.38,43.38,-3.95,-2.16,-1.79,607.57,588.26,568.96,Bearish,4,9,4,13,4,4,0,0,42
07-Nov-25,25-Nov-25,PAYTM,Non-Hld,1345,1300,1213.45,10.84,1386.55,3.09,0.91,68.21,24.22,24.14,0.08,1342.16,1288.43,1234.7,Bearish,6,11,12,14,0,0,0,0,28
07-Nov-25,25-Nov-25,PERSISTENT,Non-Hld,5789,6000,5678.3,1.95,6321.7,9.2,0.67,56.68,138.5,150,-11.5,6160.46,5744.3,5328.14,Bearish,0,0,1,0,8,6,4,10,22
07-Nov-25,25-Nov-25,PETRONET,Non-Hld,278.5,270,253.85,9.71,286.15,2.75,1.19,48.61,0.27,0.58,-0.31,284.91,279.91,274.91,Bullish,10,5,12,6,1,0,1,1,35
07-Nov-25,25-Nov-25,PFC,Holding,375.9,400,372.45,0.93,427.55,13.74,0.66,33.29,-3.27,-1.52,-1.75,411.25,398.26,385.28,Bearish,0,0,0,0,21,3,12,11,26
07-Nov-25,25-Nov-25,PGEL,Non-Hld,530.25,560,513.65,3.23,606.35,14.35,0.56,34.51,-1.75,2.07,-3.82,597.78,571.72,545.67,Bearish,0,0,1,1,11,8,9,10,24
07-Nov-25,25-Nov-25,PHOENIXLTD,Non-Hld,1761.1,1700,1601,10,1799,2.15,0.63,68.33,42.06,36.31,5.75,1785.2,1685.94,1586.67,Bearish,6,7,7,6,0,1,0,1,27
07-Nov-25,25-Nov-25,PIDILITIND,Non-Hld,1447,1500,1440.45,0.45,1559.55,7.78,0.5,40.13,-15.65,-9.99,-5.66,1553.68,1493.38,1433.07,Bearish,7,5,3,4,0,1,0,0,26
07-Nov-25,25-Nov-25,PIIND,Non-Hld,3768,3600,3355.15,12.3,3844.85,2.04,0.89,66.03,21.22,-6.66,27.88,3731.15,3595.63,3460.11,Bearish,3,6,4,2,3,2,7,3,25
07-Nov-25,25-Nov-25,PNB,Non-Hld,122.3,120,114.01,7.27,125.99,3.02,0.72,62.23,2.69,2.69,0,124.99,119.22,113.44,Bearish,14,10,13,15,1,0,0,0,41
07-Nov-25,25-Nov-25,PNBHOUSING,Non-Hld,898.5,1000,894.6,0.44,1105.4,23.03,0.63,50.15,15.88,17.15,-1.27,968.1,894.27,820.44,Bearish,0,0,1,1,17,7,8,9,28
07-Nov-25,25-Nov-25,POLICYBZR,Non-Hld,1787.3,1800,1700.8,5.09,1899.2,6.26,0.65,53.28,15.15,4.91,10.24,1861.15,1734.77,1608.39,Bearish,5,13,9,10,0,1,1,0,34
07-Nov-25,25-Nov-25,POLYCAB,Non-Hld,7540,7700,7344,2.67,8056,6.84,0.57,49.2,38.38,60.97,-22.59,7805.41,7617.52,7429.64,Bearish,0,1,2,2,6,5,4,4,23
07-Nov-25,25-Nov-25,POWERGRID,Holding,271.75,290,267.15,1.72,312.85,15.12,0.51,33.93,-2.72,-0.49,-2.23,299.35,286.64,273.94,Bullish,4,5,12,7,4,5,0,0,41
07-Nov-25,25-Nov-25,POWERINDIA,Non-Hld,20890,20000,18518.8,12.8,21481.2,2.83,1.09,72.7,450.91,-19.24,470.15,20595.28,18048.85,15502.42,Bearish,6,10,10,11,2,1,0,0,33
07-Nov-25,25-Nov-25,PPLPHARMA,Non-Hld,199.18,210,195.57,1.85,224.43,12.68,0.37,50.25,0.95,1.02,-0.06,206.31,198.98,191.66,Bearish,0,2,8,1,10,9,3,7,26
07-Nov-25,25-Nov-25,PRESTIGE,Non-Hld,1736,1800,1691.75,2.62,1908.25,9.92,0.6,58.67,37.7,41.64,-3.95,1821.24,1718.73,1616.22,Bullish,7,6,14,4,1,0,0,0,27
07-Nov-25,25-Nov-25,RBLBANK,Non-Hld,328.5,330,314.3,4.52,345.7,5.24,0.7,69.67,11.78,12.43,-0.64,342.59,315.82,289.05,Bearish,6,7,6,2,0,0,1,1,25
07-Nov-25,25-Nov-25,RECLTD,Non-Hld,365,370,354.45,2.98,385.55,5.63,0.72,44.17,-0.6,0.37,-0.98,381.6,371.26,360.93,Bullish,6,2,10,8,4,5,0,0,28
07-Nov-25,25-Nov-25,RELIANCE,Non-Hld,1480,1500,1452.45,1.9,1547.55,4.56,0.63,60.43,24.71,23.98,0.74,1539.06,1450.46,1361.85,Bearish,0,0,0,5,16,10,10,18,47
07-Nov-25,25-Nov-25,RVNL,Non-Hld,318.95,330,306.75,3.98,353.25,10.75,0.52,31.46,-5.13,-3.97,-1.16,342.23,330.45,318.66,Bearish,12,7,7,7,0,0,0,0,24
07-Nov-25,25-Nov-25,SAIL,Non-Hld,140.65,140,131.78,6.73,148.22,5.38,0.75,65.38,2.13,1.4,0.73,141.98,133.61,125.24,Bearish,15,16,14,19,1,0,0,0,46
07-Nov-25,25-Nov-25,SAMMAANCAP,Non-Hld,185.23,190,177.5,4.35,202.5,9.32,0.7,68.36,9.05,9.88,-0.83,198.3,178.19,158.08,Bullish,6,3,9,7,6,3,0,1,26
07-Nov-25,25-Nov-25,SBICARD,Non-Hld,870.1,950,868.7,0.16,1031.3,18.53,0.49,39.76,-3.96,3.47,-7.42,953.8,907.71,861.62,Bearish,1,3,6,8,5,9,0,1,31
07-Nov-25,25-Nov-25,SBILIFE,Non-Hld,2003.9,2020,1961.7,2.15,2078.3,3.71,0.76,77.61,44.83,33.3,11.53,2024.27,1889.52,1754.78,Bearish,13,5,11,5,0,0,1,0,29
07-Nov-25,25-Nov-25,SBIN,Non-Hld,954.8,950,920.5,3.73,979.5,2.59,0.81,76.03,25.32,23,2.31,975.94,918.99,862.04,Bearish,1,2,8,13,6,28,1,13,56
07-Nov-25,25-Nov-25,SHREECEM,Non-Hld,27400,29000,27341.3,0.21,30658.7,11.89,0.36,29.03,-499.97,-346.63,-153.34,30302.12,28791.05,27279.98,Bearish,0,0,1,2,13,2,5,2,40
07-Nov-25,25-Nov-25,SHRIRAMFIN,Non-Hld,817.7,800,752.05,8.73,847.95,3.7,1.1,89.32,40.75,32.61,8.14,819.87,721.77,623.66,Bullish,11,10,22,3,0,0,1,1,34
07-Nov-25,25-Nov-25,SIEMENS,Holding,3030,3100,2941,3.03,3259,7.56,0.45,36.77,-21.08,-15,-6.08,3174.48,3115.89,3057.3,Bearish,0,0,0,0,9,6,8,7,22
07-Nov-25,25-Nov-25,SOLARINDS,Non-Hld,13595,14000,13138.2,3.48,14861.8,9.32,0.61,40.97,-123.15,-79.58,-43.57,14361.65,13952.25,13542.85,Bearish,6,5,6,4,1,0,0,0,18
07-Nov-25,25-Nov-25,SONACOMS,Non-Hld,489.95,500,473.5,3.47,526.5,7.46,0.49,69.62,13.06,12.31,0.75,503.47,470.71,437.94,Bearish,10,10,8,13,0,0,0,0,31
07-Nov-25,25-Nov-25,SRF,Non-Hld,2899.9,3000,2854.2,1.6,3145.8,8.48,0.39,38.02,-14.25,10.71,-24.96,3209.83,3037.02,2864.22,Bearish,3,3,4,1,8,1,1,5,21
07-Nov-25,25-Nov-25,SUNPHARMA,Non-Hld,1692.7,1700,1648.95,2.65,1751.05,3.45,0.53,56,13.82,16.27,-2.45,1717.8,1685.46,1653.12,Bearish,4,0,4,11,2,9,0,1,25
07-Nov-25,25-Nov-25,SUPREMEIND,Non-Hld,3831.2,4000,3761.65,1.85,4238.35,10.63,0.51,33.75,-117.7,-106.88,-10.82,4369.08,4031.25,3693.43,Bearish,0,1,0,0,11,6,9,3,31
07-Nov-25,25-Nov-25,SUZLON,Non-Hld,57.5,60,55.98,2.72,64.02,11.34,0.47,52.61,0.89,0.39,0.5,61.2,56.03,50.87,Bearish,0,0,0,0,11,7,10,11,23
07-Nov-25,25-Nov-25,SYNGENE,Non-Hld,615.7,660,615,0.11,705,14.5,0.68,35.67,-2.41,0.86,-3.27,671.43,644.53,617.63,Bearish,0,1,1,1,9,5,5,5,23
07-Nov-25,25-Nov-25,TATACONSUM,Non-Hld,1167,1200,1150.6,1.43,1249.4,7.06,0.57,53.59,14.96,15.53,-0.56,1208.99,1161.52,1114.05,Bearish,0,0,0,1,8,13,8,10,34
07-Nov-25,25-Nov-25,TATAELXSI,Non-Hld,5175,5600,5134.4,0.79,6065.6,17.21,0.48,32.47,-45.62,-21.8,-23.82,5616.44,5414.18,5211.91,Bearish,0,1,3,0,8,6,7,4,20
07-Nov-25,25-Nov-25,TATAPOWER,Non-Hld,394.15,400,382.5,3.05,417.5,5.92,0.6,45.34,1.71,2.93,-1.22,410.61,398.91,387.21,Bearish,12,5,10,7,3,1,0,0,25
07-Nov-25,25-Nov-25,TATASTEEL,Non-Hld,181.5,185,175.71,3.3,194.29,7.05,0.56,60.15,2.75,2.86,-0.12,186.12,177.05,167.97,Bearish,11,8,8,11,0,1,0,0,26
07-Nov-25,25-Nov-25,TATATECH,Non-Hld,674.55,700,660.45,2.13,739.55,9.64,0.55,38.7,-3.07,-0.93,-2.14,714.22,692.88,671.55,Bearish,3,1,1,0,6,4,9,3,23
07-Nov-25,25-Nov-25,TCS,Non-Hld,2993.5,3100,2963.7,1.01,3236.3,8.11,0.64,45.85,-2.63,0.51,-3.13,3093.09,3015.85,2938.61,Bearish,1,1,1,0,16,12,20,11,48
07-Nov-25,25-Nov-25,TECHM,Non-Hld,1387.2,1500,1386.4,0.06,1613.6,16.32,0.66,34.43,-11.84,-7.28,-4.56,1476.15,1438.37,1400.59,Bearish,0,0,1,0,11,6,7,6,26
07-Nov-25,25-Nov-25,TIINDIA,Non-Hld,2989,3200,2952.35,1.24,3447.65,15.34,0.57,37.23,-42.17,-24.22,-17.95,3241.96,3106.93,2971.9,Bearish,0,0,9,2,7,6,0,0,23
07-Nov-25,25-Nov-25,TITAGARH,Non-Hld,846.35,900,823.25,2.81,976.75,15.41,0.5,37.72,-6.49,-2.04,-4.45,915.4,884.08,852.77,Bearish,1,2,1,0,10,2,4,6,18
07-Nov-25,25-Nov-25,TITAN,Non-Hld,3768,3800,3671,2.64,3929,4.27,0.59,62.5,65.61,61.29,4.32,3871.7,3687.76,3503.82,Bearish,2,2,4,14,10,18,6,5,50
07-Nov-25,25-Nov-25,TMPV,Non-Hld,405.75,420,393.6,3.09,446.4,10.02,0.54,55.98,,,,,,,Bearish,0,0,3,2,10,7,3,7,21
07-Nov-25,25-Nov-25,TORNTPHARM,Non-Hld,3581,3600,3465.2,3.34,3734.8,4.29,0.43,50.54,3.32,3.3,0.03,3631.3,3570.13,3508.96,Bearish,6,0,6,4,5,1,2,0,19
07-Nov-25,25-Nov-25,TORNTPOWER,Non-Hld,1281,1400,1279.5,0.12,1520.5,18.7,0.44,47.49,7.56,11.3,-3.73,1358.27,1302.17,1246.07,Bearish,10,4,5,8,0,0,0,0,24
07-Nov-25,25-Nov-25,TRENT,Non-Hld,4618.5,4700,4393.3,5.13,5006.7,8.41,0.74,36.6,-63.04,-65.96,2.92,4851.01,4728.66,4606.3,Bearish,0,0,0,0,12,0,12,2,17
07-Nov-25,25-Nov-25,TVSMOTOR,Non-Hld,3469,3600,3413.7,1.62,3786.3,9.15,0.42,42.69,0.99,23.67,-22.68,3680.61,3544.31,3408.01,Bearish,10,7,8,8,0,1,0,0,23
07-Nov-25,25-Nov-25,ULTRACEMCO,Non-Hld,11850,12000,11616.2,2.01,12383.8,4.5,0.51,40.04,-114.05,-97.53,-16.52,12459.82,12080.25,11700.68,Bearish,3,2,6,2,10,3,4,6,37
07-Nov-25,25-Nov-25,UNIONBANK,Non-Hld,153.15,150,140.75,8.81,159.25,3.98,0.85,67.9,3.86,3.08,0.78,154.58,144.26,133.95,Bearish,7,7,7,8,0,0,1,0,21
07-Nov-25,25-Nov-25,UNITDSPR,Non-Hld,1428.8,1500,1416.55,0.86,1583.45,10.82,0.52,64.34,25.98,18.71,7.27,1456.09,1372.15,1288.21,Bearish,10,17,9,13,1,0,1,2,51
07-Nov-25,25-Nov-25,UNOMINDA,Non-Hld,1225,1300,1210.15,1.23,1389.85,13.46,0.59,47.53,-7.56,-11.39,3.83,1265.18,1222.92,1180.65,Bearish,0,0,7,7,11,4,0,0,23
07-Nov-25,25-Nov-25,UPL,Non-Hld,749,750,720.45,3.96,779.55,4.08,0.81,76.4,15.08,9.07,6.01,751.37,699.26,647.16,Bearish,3,13,5,13,1,3,0,0,23
07-Nov-25,25-Nov-25,VBL,Non-Hld,471.3,500,467,0.92,533,13.09,0.48,52.99,3.81,2.02,1.79,489.8,461.81,433.82,Bearish,1,1,7,11,8,11,0,2,36
07-Nov-25,25-Nov-25,VEDL,Non-Hld,515.15,500,467.7,10.15,532.3,3.33,0.75,64.74,12.58,12.24,0.34,523.43,493.99,464.56,Bullish,15,10,17,9,0,0,0,0,35
07-Nov-25,25-Nov-25,VOLTAS,Non-Hld,1322,1300,1230,7.48,1370,3.63,0.64,36.35,-14.62,-0.65,-13.97,1483.83,1400.03,1316.23,Bullish,6,13,12,4,1,1,0,0,28
07-Nov-25,25-Nov-25,WIPRO,Non-Hld,236.75,250,234.79,0.83,265.21,12.02,0.6,38.15,-2.11,-1.62,-0.5,251.59,243.05,234.52,Bearish,2,2,0,0,16,6,12,9,35
07-Nov-25,25-Nov-25,YESBANK,Non-Hld,22.88,23,21.72,5.34,24.28,6.12,0.38,56.17,0.29,0.37,-0.08,23.83,22.92,22.01,Bullish,4,3,6,2,1,0,0,0,11
07-Nov-25,25-Nov-25,ZYDUSLIFE,Non-Hld,945,1000,933.65,1.22,1066.35,12.84,0.56,33.58,-11.73,-6.17,-5.55,1024.99,985.87,946.74,Bearish,3,9,7,10,3,4,0,1,33
10-Nov-2025,25-Nov-2025,360ONE,Non-Hld,1075.7,1200.0,1073.3,0.22,1326.7,23.33,0.38,42.25,-2.3,10.24,-12.54,1210.08,1126.92,1043.76,6 - Very Bullish,5,0,6,2,2,2,0,1,20
10-Nov-2025,25-Nov-2025,ABB,Holding,4995.0,5200.0,4924.3,1.44,5475.7,9.62,0.66,33.08,-25.35,-4.23,-21.12,5344.44,5193.52,5042.61,3 - Mild Bearish,0,2,11,6,15,6,1,3,38
10-Nov-2025,25-Nov-2025,ABCAPITAL,Non-Hld,333.85,350.0,329.3,1.38,370.7,11.04,0.85,66.4,10.48,8.9,1.58,342.35,315.26,288.17,1 - Very Bearish,0,0,0,1,7,7,6,4,28
10-Nov-2025,25-Nov-2025,ADANIENSOL,Non-Hld,959.0,1000.0,934.2,2.65,1065.8,11.14,0.51,56.58,21.35,23.97,-2.62,992.84,952.23,911.62,1 - Very Bearish,0,0,1,2,12,8,10,5,30
10-Nov-2025,25-Nov-2025,ADANIENT,Non-Hld,2365.0,2500.0,2324.65,1.74,2675.35,13.12,0.68,36.65,-33.54,-11.85,-21.69,2624.71,2486.28,2347.86,1 - Very Bearish,0,0,8,10,17,17,1,12,46
10-Nov-2025,25-Nov-2025,ADANIGREEN,Non-Hld,1037.6,1200.0,1033.05,0.44,1366.95,31.74,0.48,46.36,9.84,14.16,-4.32,1136.24,1061.59,986.94,1 - Very Bearish,0,0,0,0,15,2,11,7,24
10-Nov-2025,25-Nov-2025,ADANIPORTS,Non-Hld,1444.0,1460.0,1396.45,3.41,1523.55,5.51,0.54,53.7,8.68,11.18,-2.51,1484.63,1446.51,1408.39,1 - Very Bearish,0,0,0,1,11,4,11,4,23
10-Nov-2025,25-Nov-2025,ALKEM,Non-Hld,5660.0,5700.0,5398.05,4.85,6001.95,6.04,0.9,64.69,52.35,40.1,12.25,5693.2,5552.68,5412.15,5 - Bullish,7,3,6,1,2,1,8,2,33
10-Nov-2025,25-Nov-2025,AMBER,Non-Hld,7011.0,8000.0,6932.0,1.14,9068.0,29.34,0.42,21.53,-185.23,-47.71,-137.52,8815.63,8067.3,7318.97,1 - Very Bearish,0,3,9,9,17,5,0,2,35
10-Nov-2025,25-Nov-2025,AMBUJACEM,Non-Hld,555.9,580.0,550.35,1.01,609.65,9.67,0.67,42.38,-2.6,-2.12,-0.48,575.68,564.42,553.17,1 - Very Bearish,0,0,1,1,19,4,10,7,34
10-Nov-2025,25-Nov-2025,ANGELONE,Non-Hld,2608.0,2600.0,2449.05,6.49,2750.95,5.48,0.68,65.46,60.74,56.8,3.94,2629.0,2506.72,2384.45,6 - Very Bullish,0,0,8,7,7,5,0,1,20
10-Nov-2025,25-Nov-2025,APLAPOLLO,Non-Hld,1795.0,1800.0,1735.95,3.4,1864.05,3.85,0.54,64.91,23.27,22.84,0.43,1816.34,1765.84,1715.34,3 - Mild Bearish,0,0,6,5,8,5,1,0,24
10-Nov-2025,25-Nov-2025,APOLLOHOSP,Non-Hld,7534.0,8000.0,7537.75,-0.05,8462.25,12.32,0.43,36.13,-12.94,21.92,-34.86,8046.5,7813.68,7580.85,3 - Mild Bearish,0,0,2,1,22,8,13,8,45
10-Nov-2025,25-Nov-2025,ASHOKLEY,Non-Hld,142.41,140.0,132.48,7.5,147.52,3.59,0.7,60.78,1.23,1.03,0.21,143.52,138.74,133.96,4 - Mild Bullish,9,15,13,16,2,0,0,0,41
10-Nov-2025,25-Nov-2025,ASIANPAINT,Non-Hld,2651.9,2600.0,2485.25,6.71,2714.75,2.37,0.63,73.94,43.23,27.46,15.77,2658.46,2496.58,2334.7,6 - Very Bullish,14,9,19,9,0,0,0,1,45
10-Nov-2025,25-Nov-2025,ASTRAL,Non-Hld,1569.0,1600.0,1535.4,2.19,1664.6,6.09,0.7,72.84,31.03,17.88,13.15,1553.38,1463.96,1374.55,4 - Mild Bullish,6,12,7,6,0,0,0,0,27
10-Nov-2025,25-Nov-2025,AUBANK,Non-Hld,912.15,900.0,859.4,6.14,940.6,3.12,1.28,78.79,36.95,34.69,2.26,942.17,849.4,756.62,4 - Mild Bullish,6,7,10,10,2,0,0,0,35
10-Nov-2025,25-Nov-2025,AUROPHARMA,Non-Hld,1153.5,1100.0,1030.75,11.91,1169.25,1.37,0.6,61.41,13.07,10.11,2.96,1164.11,1119.26,1074.4,4 - Mild Bullish,7,5,4,10,0,2,0,0,19
10-Nov-2025,25-Nov-2025,AXISBANK,Non-Hld,1215.5,1250.0,1205.75,0.81,1294.25,6.48,0.57,53.83,16.71,22.69,-5.98,1272.4,1223.62,1174.83,1 - Very Bearish,0,1,0,0,14,8,10,10,37
10-Nov-2025,25-Nov-2025,BAJAJ-AUTO,Non-Hld,8770.0,8800.0,8482.15,3.39,9117.85,3.97,0.62,41.31,-46.25,-6.45,-39.8,9274.75,8973.78,8672.8,4 - Mild Bullish,0,5,9,9,12,8,1,0,31
10-Nov-2025,25-Nov-2025,BAJAJFINSV,Non-Hld,2120.1,2100.0,2003.7,5.81,2196.3,3.59,0.7,57.39,11.81,17.75,-5.94,2195.12,2105.23,2015.35,5 - Bullish,12,10,12,10,0,0,0,0,35
10-Nov-2025,25-Nov-2025,BAJFINANCE,Non-Hld,1086.6,1100.0,1042.05,4.28,1157.95,6.57,0.73,63.57,13.82,17.01,-3.19,1102.74,1063.44,1024.14,6 - Very Bullish,17,8,22,6,0,0,0,0,41
10-Nov-2025,25-Nov-2025,BANDHANBNK,Non-Hld,152.38,160.0,150.0,1.59,170.0,11.56,0.5,35.97,-2.88,-1.1,-1.79,177.66,163.36,149.06,3 - Mild Bearish,0,0,1,0,14,7,12,7,27
10-Nov-2025,25-Nov-2025,BANKBARODA,Non-Hld,287.45,280.0,265.75,8.17,294.25,2.37,0.9,67.56,8.26,7.53,0.74,294.01,275.64,257.26,3 - Mild Bearish,0,0,3,1,14,11,13,8,42
10-Nov-2025,25-Nov-2025,BANKINDIA,Non-Hld,145.76,140.0,131.5,10.84,148.5,1.88,0.78,73.96,5.52,5.11,0.41,150.17,135.65,121.12,6 - Very Bullish,7,12,14,8,4,0,0,0,45
10-Nov-2025,25-Nov-2025,BDL,Non-Hld,1512.5,1600.0,1483.0,1.99,1717.0,13.52,0.68,50.28,-14.56,-10.29,-4.28,1568.86,1510.22,1451.57,4 - Mild Bullish,13,10,9,14,0,0,0,0,27
10-Nov-2025,25-Nov-2025,BEL,Holding,416.9,420.0,402.7,3.53,437.3,4.89,0.54,54.42,3.0,3.91,-0.9,425.33,414.19,403.05,4 - Mild Bullish,4,9,11,10,2,5,0,0,28
10-Nov-2025,25-Nov-2025,BHARATFORG,Non-Hld,1330.2,1300.0,1222.95,8.77,1377.05,3.52,0.69,64.32,27.46,26.8,0.67,1367.69,1289.64,1211.6,5 - Bullish,14,3,9,5,0,0,0,0,24
10-Nov-2025,25-Nov-2025,BHARTIARTL,Non-Hld,2020.5,2100.0,2011.1,0.47,2188.9,8.33,0.32,49.83,29.45,36.72,-7.27,2143.36,2039.49,1935.62,4 - Mild Bullish,5,9,10,11,3,2,0,0,34
10-Nov-2025,25-Nov-2025,BHEL,Non-Hld,272.5,260.0,242.4,12.42,277.6,1.87,1.05,73.78,9.04,6.6,2.44,277.77,247.33,216.9,4 - Mild Bullish,13,16,16,17,0,0,0,0,39
10-Nov-2025,25-Nov-2025,BIOCON,Non-Hld,381.25,400.0,374.8,1.72,425.2,11.53,0.69,64.82,6.95,5.24,1.71,389.53,367.94,346.34,6 - Very Bullish,8,5,12,4,1,0,0,0,25
10-Nov-2025,25-Nov-2025,BLUESTARCO,Non-Hld,1775.0,1900.0,1769.3,0.32,2030.7,14.41,0.29,31.07,-26.47,-1.58,-24.89,2062.66,1922.68,1782.69,6 - Very Bullish,5,0,7,10,9,9,1,1,41
10-Nov-2025,25-Nov-2025,BOSCHLTD,Non-Hld,37200.0,40000.0,37198.9,0.0,42801.1,15.06,0.54,41.49,-491.71,-385.73,-105.98,39672.42,38105.0,36537.58,5 - Bullish,9,6,9,3,1,0,0,0,26
10-Nov-2025,25-Nov-2025,BPCL,Non-Hld,365.1,342.5,315.9,15.57,369.1,1.1,0.99,70.22,10.52,7.99,2.53,373.68,342.54,311.41,1 - Very Bearish,0,0,1,4,4,12,1,10,44
10-Nov-2025,25-Nov-2025,BRITANNIA,Non-Hld,6135.0,6500.0,6154.15,-0.31,6845.85,11.59,0.86,63.14,22.74,0.21,22.53,6184.29,5956.3,5728.31,3 - Mild Bearish,1,0,7,6,6,15,6,2,39
10-Nov-2025,25-Nov-2025,BSE,Holding,2627.0,2700.0,2489.55,5.52,2910.45,10.79,0.77,64.16,72.29,63.72,8.57,2615.1,2495.97,2376.84,1 - Very Bearish,0,0,1,2,10,7,6,14,26
10-Nov-2025,25-Nov-2025,CAMS,Holding,3818.0,4000.0,3764.3,1.43,4235.7,10.94,0.55,48.0,-7.53,1.71,-9.23,3970.03,3844.34,3718.64,4 - Mild Bullish,3,8,6,10,6,2,0,0,27
10-Nov-2025,25-Nov-2025,CANBK,Non-Hld,140.9,140.0,133.38,5.64,146.62,4.06,1.09,76.66,5.04,4.36,0.68,143.65,131.91,120.18,6 - Very Bullish,2,5,17,13,12,6,1,0,45
10-Nov-2025,25-Nov-2025,CDSL,Holding,1587.0,1600.0,1520.85,4.35,1679.15,5.81,0.57,52.85,1.73,7.93,-6.2,1654.89,1596.72,1538.56,4 - Mild Bullish,2,3,8,11,10,4,0,0,29
10-Nov-2025,25-Nov-2025,CGPOWER,Holding,738.7,730.0,697.4,5.92,762.6,3.24,0.7,48.35,-1.99,-1.64,-0.35,762.05,741.0,719.94,4 - Mild Bullish,8,4,5,10,1,3,0,0,25
10-Nov-2025,25-Nov-2025,CHOLAFIN,Non-Hld,1754.9,1700.0,1613.75,8.75,1786.25,1.79,0.93,62.69,31.84,34.29,-2.44,1765.61,1700.11,1634.61,6 - Very Bullish,8,10,11,8,0,0,0,1,30
10-Nov-2025,25-Nov-2025,CIPLA,Non-Hld,1507.9,1600.0,1507.05,0.06,1692.95,12.27,0.45,42.5,-13.02,-4.31,-8.71,1655.9,1558.26,1460.62,4 - Mild Bullish,7,7,8,15,9,8,0,0,52
10-Nov-2025,25-Nov-2025,COALINDIA,Holding,381.55,389.75,377.3,1.13,402.2,5.41,0.76,55.28,0.13,0.26,-0.13,386.0,377.92,369.85,4 - Mild Bullish,14,18,17,16,1,1,0,0,84
10-Nov-2025,25-Nov-2025,COFORGE,Non-Hld,1756.1,1800.0,1708.9,2.76,1891.1,7.69,0.48,51.99,15.53,20.47,-4.94,1824.72,1762.26,1699.81,5 - Bullish,13,7,8,13,0,0,1,0,35
10-Nov-2025,25-Nov-2025,COLPAL,Non-Hld,2171.2,2300.0,2156.65,0.67,2443.35,12.53,0.63,40.27,-18.46,-14.94,-3.52,2272.52,2211.76,2151.01,5 - Bullish,6,1,4,8,5,6,1,3,38
10-Nov-2025,25-Nov-2025,CONCOR,Non-Hld,521.5,550.0,515.65,1.13,584.35,12.05,0.75,38.12,-2.61,-0.58,-2.03,554.97,535.96,516.95,1 - Very Bearish,5,4,2,3,5,3,12,1,35
10-Nov-2025,25-Nov-2025,CROMPTON,Non-Hld,280.35,300.0,279.15,0.43,320.85,14.45,0.64,36.31,-4.94,-4.85,-0.09,295.03,285.92,276.81,4 - Mild Bullish,3,7,7,9,0,4,0,0,23
10-Nov-2025,25-Nov-2025,CUMMINSIND,Non-Hld,4342.5,4300.0,4111.7,5.61,4488.3,3.36,0.82,67.34,99.16,94.25,4.91,4528.9,4184.66,3840.42,4 - Mild Bullish,2,12,5,11,2,3,0,0,32
10-Nov-2025,25-Nov-2025,CYIENT,Non-Hld,1143.0,1200.0,1128.8,1.26,1271.2,11.22,0.76,45.01,-7.38,-2.88,-4.5,1212.29,1162.37,1112.46,4 - Mild Bullish,8,8,5,11,0,0,0,0,22
10-Nov-2025,25-Nov-2025,DABUR,Non-Hld,515.85,520.0,501.95,2.77,538.05,4.3,0.63,56.41,2.91,0.11,2.81,524.21,503.16,482.12,1 - Very Bearish,0,0,2,7,9,13,5,10,36
10-Nov-2025,25-Nov-2025,DALBHARAT,Non-Hld,2055.0,2100.0,2010.1,2.23,2189.9,6.56,0.47,28.6,-57.91,-53.13,-4.77,2273.56,2138.09,2002.62,5 - Bullish,10,3,6,4,0,0,0,0,40
10-Nov-2025,25-Nov-2025,DELHIVERY,Non-Hld,428.1,480.0,424.4,0.87,535.6,25.11,0.33,35.4,-4.36,0.88,-5.24,499.09,466.23,433.36,3 - Mild Bearish,0,0,6,5,22,7,1,6,35
10-Nov-2025,25-Nov-2025,DIVISLAB,Non-Hld,6706.0,7000.0,6626.85,1.19,7373.15,9.95,0.7,59.19,144.46,148.22,-3.76,6866.72,6636.98,6407.23,6 - Very Bullish,5,5,15,12,6,11,0,0,43
10-Nov-2025,25-Nov-2025,DIXON,Non-Hld,14915.0,16000.0,14776.5,0.94,17223.5,15.48,0.44,27.1,-546.78,-480.35,-66.43,17413.32,15897.7,14382.08,6 - Very Bullish,3,0,10,6,12,4,0,0,27
10-Nov-2025,25-Nov-2025,DLF,Non-Hld,760.0,800.0,754.1,0.78,845.9,11.3,0.7,48.55,3.13,4.72,-1.59,789.57,766.89,744.2,6 - Very Bullish,5,2,12,4,2,5,0,0,26
10-Nov-2025,25-Nov-2025,DMART,Non-Hld,4035.0,4200.0,3973.25,1.55,4426.75,9.71,0.44,26.01,-94.64,-84.08,-10.57,4364.09,4198.68,4033.26,6 - Very Bullish,3,1,11,4,7,9,1,0,32
10-Nov-2025,25-Nov-2025,DRREDDY,Non-Hld,1198.5,1300.0,1199.2,-0.06,1400.8,16.88,0.38,35.48,-17.69,-12.64,-5.06,1310.86,1239.58,1168.3,1 - Very Bearish,0,1,1,19,14,12,0,1,45
10-Nov-2025,25-Nov-2025,EICHERMOT,Non-Hld,6894.5,7000.0,6710.65,2.74,7289.35,5.73,0.94,48.55,20.45,45.84,-25.39,7069.05,6935.78,6802.5,2 - Bearish,6,4,4,4,9,7,7,4,38
10-Nov-2025,25-Nov-2025,ETERNAL,Non-Hld,301.8,330.0,300.8,0.33,359.2,19.02,0.41,29.55,-6.89,-2.74,-4.15,361.39,330.78,300.17,3 - Mild Bearish,0,0,2,0,18,4,7,9,27
10-Nov-2025,25-Nov-2025,EXIDEIND,Non-Hld,378.85,400.0,374.4,1.19,425.6,12.34,0.71,37.31,-5.51,-4.96,-0.55,403.45,387.46,371.48,5 - Bullish,11,4,6,6,1,1,1,2,27
10-Nov-2025,25-Nov-2025,FEDERALBNK,Non-Hld,238.0,240.0,231.73,2.71,248.27,4.32,1.02,78.97,8.93,9.15,-0.23,247.76,229.14,210.52,4 - Mild Bullish,3,5,11,11,6,3,0,0,36
10-Nov-2025,25-Nov-2025,FORTIS,Non-Hld,992.7,1000.0,938.95,5.72,1061.05,6.89,0.48,40.02,-1.0,9.59,-10.58,1116.83,1052.3,987.78,3 - Mild Bearish,0,0,1,0,19,4,13,5,35
10-Nov-2025,25-Nov-2025,GAIL,Non-Hld,181.4,190.0,179.79,0.9,200.21,10.37,0.6,53.62,0.92,1.03,-0.11,184.79,180.24,175.69,5 - Bullish,7,3,6,7,2,2,0,1,23
10-Nov-2025,25-Nov-2025,GLENMARK,Non-Hld,1838.1,1900.0,1795.05,2.4,2004.95,9.08,0.69,39.01,-32.3,-34.0,1.7,1916.91,1854.3,1791.69,6 - Very Bullish,9,8,12,3,0,1,0,1,35
10-Nov-2025,25-Nov-2025,GMRAIRPORT,Non-Hld,95.45,95.0,90.02,6.03,99.98,4.75,0.36,65.81,1.5,1.27,0.23,96.74,92.77,88.8,3 - Mild Bearish,0,0,1,0,9,10,7,10,31
10-Nov-2025,25-Nov-2025,GODREJCP,Non-Hld,1127.0,1180.0,1122.05,0.44,1237.95,9.84,0.76,45.88,-8.38,-13.29,4.91,1159.4,1123.22,1087.05,4 - Mild Bullish,1,9,4,8,1,1,0,0,22
10-Nov-2025,25-Nov-2025,GODREJPROP,Non-Hld,2166.7,2300.0,2153.0,0.64,2447.0,12.94,0.63,46.16,30.08,51.16,-21.08,2396.56,2239.82,2083.08,5 - Bullish,14,11,13,9,1,0,0,1,38
10-Nov-2025,25-Nov-2025,GRASIM,Non-Hld,2762.0,3000.0,2771.7,-0.35,3228.3,16.88,0.46,41.62,-8.1,12.43,-20.53,2990.3,2851.32,2712.33,4 - Mild Bullish,2,21,5,18,3,1,0,0,49
10-Nov-2025,25-Nov-2025,HAL,Non-Hld,4787.0,5000.0,4706.0,1.72,5294.0,10.59,0.74,55.27,-20.91,-10.85,-10.06,4917.89,4750.12,4582.36,4 - Mild Bullish,8,14,13,8,0,0,0,0,31
10-Nov-2025,25-Nov-2025,HAVELLS,Non-Hld,1456.0,1500.0,1438.2,1.24,1561.8,7.27,0.61,39.31,-13.77,-11.47,-2.3,1518.55,1480.79,1443.04,5 - Bullish,5,3,5,5,2,3,0,0,25
10-Nov-2025,25-Nov-2025,HCLTECH,Non-Hld,1540.0,1400.0,1249.65,23.23,1550.35,0.67,0.71,61.03,20.03,21.87,-1.84,1565.22,1517.69,1470.16,6 - Very Bullish,11,5,12,6,0,0,0,0,25
10-Nov-2025,25-Nov-2025,HDFCAMC,Non-Hld,5490.0,5500.0,5290.25,3.78,5709.75,4.0,0.62,47.36,-61.87,-56.22,-5.65,5837.48,5549.92,5262.37,4 - Mild Bullish,4,13,8,10,2,1,0,0,37
10-Nov-2025,25-Nov-2025,HDFCBANK,Non-Hld,984.6,1000.0,970.5,1.45,1029.5,4.56,0.69,48.3,2.13,4.89,-2.76,1014.12,992.89,971.67,4 - Mild Bullish,8,4,14,18,7,12,1,0,46
10-Nov-2025,25-Nov-2025,HDFCLIFE,Non-Hld,750.0,750.0,726.9,3.18,773.1,3.08,0.54,50.89,-4.05,-5.45,1.41,759.4,744.52,729.64,4 - Mild Bullish,4,5,3,12,2,4,0,0,24
10-Nov-2025,25-Nov-2025,HEROMOTOCO,Non-Hld,5368.5,5600.0,5293.2,1.42,5906.8,10.03,0.7,42.99,-13.58,30.94,-44.52,5738.66,5522.62,5306.59,4 - Mild Bullish,9,13,9,12,1,1,0,0,38
10-Nov-2025,25-Nov-2025,HFCL,Non-Hld,74.3,75.0,69.97,6.19,80.03,7.71,0.51,45.97,0.06,0.35,-0.29,78.58,76.12,73.67,3 - Mild Bearish,0,0,2,1,11,7,6,3,26
10-Nov-2025,25-Nov-2025,HINDALCO,Non-Hld,784.9,800.0,766.2,2.44,833.8,6.23,0.61,44.45,11.64,18.98,-7.34,875.37,808.24,741.11,1 - Very Bearish,0,0,5,7,14,9,5,5,32
10-Nov-2025,25-Nov-2025,HINDPETRO,Non-Hld,481.6,500.0,473.0,1.82,527.0,9.43,0.7,70.11,13.84,12.58,1.26,490.68,457.96,425.25,4 - Mild Bullish,6,10,11,10,1,1,0,0,33
10-Nov-2025,25-Nov-2025,HINDUNILVR,Non-Hld,2409.0,2600.0,2416.55,-0.31,2783.45,15.54,0.44,31.39,-31.12,-22.87,-8.25,2597.97,2483.66,2369.34,3 - Mild Bearish,0,0,9,6,15,10,2,4,41
10-Nov-2025,25-Nov-2025,HINDZINC,Non-Hld,486.0,550.0,484.35,0.34,615.65,26.68,0.41,53.47,-0.15,1.94,-2.09,511.82,485.77,459.71,4 - Mild Bullish,14,12,9,13,1,0,0,0,35
10-Nov-2025,25-Nov-2025,HUDCO,Non-Hld,233.32,250.0,230.68,1.14,269.32,15.43,0.51,54.77,1.8,2.08,-0.28,239.07,230.5,221.94,5 - Bullish,18,5,15,4,1,0,0,0,30
10-Nov-2025,25-Nov-2025,ICICIBANK,Non-Hld,1346.8,1400.0,1342.95,0.29,1457.05,8.19,0.54,43.61,-13.9,-11.36,-2.54,1424.85,1369.0,1313.14,4 - Mild Bullish,5,15,7,17,1,2,0,0,44
10-Nov-2025,25-Nov-2025,ICICIGI,Non-Hld,2021.5,2000.0,1922.3,5.16,2077.7,2.78,0.62,59.78,30.91,30.93,-0.02,2103.43,1983.02,1862.61,6 - Very Bullish,7,1,10,5,6,2,0,0,29
10-Nov-2025,25-Nov-2025,ICICIPRULI,Non-Hld,612.0,620.0,596.45,2.61,643.55,5.16,0.64,60.44,2.78,0.71,2.06,615.28,600.28,585.28,2 - Bearish,3,0,0,2,11,5,12,5,37
10-Nov-2025,25-Nov-2025,IDEA,Non-Hld,9.53,10.0,8.95,6.48,11.05,15.95,0.55,57.26,0.28,0.3,-0.02,10.0,9.17,8.34,2 - Bearish,1,0,0,0,2,4,3,2,10
10-Nov-2025,25-Nov-2025,IDFCFIRSTB,Non-Hld,81.09,84.0,79.67,1.78,88.33,8.93,0.56,67.78,2.41,2.29,0.12,84.74,77.93,71.12,3 - Mild Bearish,0,0,3,2,9,9,5,8,32
10-Nov-2025,25-Nov-2025,IEX,Holding,139.5,150.0,137.99,1.09,162.01,16.14,0.59,46.66,-0.74,-0.44,-0.3,149.06,140.22,131.37,6 - Very Bullish,2,4,8,5,3,5,0,0,22
10-Nov-2025,25-Nov-2025,IGL,Non-Hld,208.6,220.0,204.86,1.83,235.14,12.72,0.62,44.8,0.12,0.39,-0.27,217.05,211.96,206.88,1 - Very Bearish,0,0,0,0,15,3,11,4,26
10-Nov-2025,25-Nov-2025,IIFL,Non-Hld,542.3,550.0,519.75,4.34,580.25,7.0,0.59,66.49,17.42,17.14,0.28,553.49,514.4,475.31,4 - Mild Bullish,4,10,9,6,0,0,0,1,21
10-Nov-2025,25-Nov-2025,INDHOTEL,Non-Hld,703.0,800.0,704.3,-0.18,895.7,27.41,0.53,36.31,-8.37,-4.14,-4.24,766.54,733.06,699.59,4 - Mild Bullish,3,10,7,12,2,2,0,0,28
10-Nov-2025,25-Nov-2025,INDIANB,Non-Hld,875.55,870.0,827.25,5.84,912.75,4.25,0.72,77.02,35.35,35.36,-0.0,908.72,832.08,755.45,6 - Very Bullish,2,1,9,4,11,4,0,0,35
10-Nov-2025,25-Nov-2025,INDIGO,Holding,5586.0,6000.0,5626.25,-0.72,6373.75,14.1,0.77,40.34,-35.98,-12.28,-23.69,5968.38,5759.62,5550.87,3 - Mild Bearish,0,0,13,7,11,9,0,0,37
10-Nov-2025,25-Nov-2025,INDUSINDBK,Non-Hld,797.0,800.0,762.7,4.5,837.3,5.06,0.73,62.71,12.1,10.45,1.65,819.92,775.34,730.76,6 - Very Bullish,5,2,14,7,9,2,0,1,27
10-Nov-2025,25-Nov-2025,INDUSTOWER,Non-Hld,398.9,380.0,355.4,12.24,404.6,1.43,0.77,68.08,11.91,8.44,3.47,409.91,369.55,329.19,1 - Very Bearish,0,0,7,9,7,12,0,2,30
10-Nov-2025,25-Nov-2025,INFY,Non-Hld,1515.0,1500.0,1443.5,4.95,1556.5,2.74,0.58,60.2,5.84,4.92,0.93,1526.96,1476.27,1425.58,4 - Mild Bullish,6,14,7,12,0,0,0,0,25
10-Nov-2025,25-Nov-2025,INOXWIND,Non-Hld,152.03,160.0,148.72,2.23,171.28,12.66,0.54,52.25,1.56,1.96,-0.4,158.31,151.55,144.79,5 - Bullish,11,6,9,6,0,0,0,0,22
10-Nov-2025,25-Nov-2025,IOC,Non-Hld,169.0,160.0,148.56,13.76,171.44,1.44,1.07,76.43,5.3,4.4,0.9,174.08,159.61,145.14,4 - Mild Bullish,10,16,9,23,3,1,0,0,56
10-Nov-2025,25-Nov-2025,IRCTC,Holding,705.1,730.0,693.25,1.71,766.75,8.74,0.71,40.76,-1.86,0.11,-1.98,732.31,716.82,701.34,5 - Bullish,13,3,9,8,4,2,0,3,41
10-Nov-2025,25-Nov-2025,IREDA,Non-Hld,148.99,160.0,148.23,0.51,171.77,15.29,0.49,43.26,-0.44,0.16,-0.61,156.19,152.25,148.31,1 - Very Bearish,0,1,1,1,5,8,7,3,20
10-Nov-2025,25-Nov-2025,IRFC,Non-Hld,120.85,125.0,119.08,1.49,130.92,8.33,0.52,40.01,-0.82,-0.53,-0.29,125.55,123.12,120.69,1 - Very Bearish,1,0,0,1,13,5,7,6,40
10-Nov-2025,25-Nov-2025,ITC,Non-Hld,406.0,420.0,405.75,0.06,434.25,6.96,0.5,43.81,0.25,1.62,-1.37,425.65,411.0,396.35,6 - Very Bullish,5,3,14,8,6,9,0,0,47
10-Nov-2025,25-Nov-2025,JINDALSTEL,Non-Hld,1072.8,1100.0,1047.35,2.43,1152.65,7.44,1.03,57.97,11.8,8.36,3.44,1098.79,1037.16,975.53,6 - Very Bullish,4,5,16,7,11,4,0,0,35
10-Nov-2025,25-Nov-2025,JIOFIN,Non-Hld,301.6,310.0,296.65,1.67,323.35,7.21,0.57,42.93,-1.97,-1.16,-0.81,315.07,307.08,299.09,6 - Very Bullish,4,2,8,6,2,3,0,0,20
10-Nov-2025,25-Nov-2025,JSWENERGY,Non-Hld,522.65,550.0,516.4,1.21,583.6,11.66,0.42,44.04,-2.88,-0.84,-2.04,551.23,533.51,515.79,6 - Very Bullish,6,4,7,5,2,3,0,0,18
10-Nov-2025,25-Nov-2025,JSWSTEEL,Non-Hld,1180.9,1200.0,1155.1,2.23,1244.9,5.42,0.59,55.82,13.2,15.4,-2.2,1213.19,1170.27,1127.35,5 - Bullish,11,8,9,6,1,0,0,1,36
10-Nov-2025,25-Nov-2025,JUBLFOOD,Non-Hld,587.0,600.0,564.05,4.07,635.95,8.34,0.77,40.63,-7.4,-6.72,-0.67,611.85,593.84,575.83,6 - Very Bullish,8,5,12,1,1,0,1,0,23
10-Nov-2025,25-Nov-2025,KALYANKJIL,Non-Hld,510.9,520.0,491.75,3.89,548.25,7.31,0.52,55.57,6.47,4.96,1.51,531.56,500.92,470.27,6 - Very Bullish,1,0,13,4,9,6,0,0,21
10-Nov-2025,25-Nov-2025,KAYNES,Non-Hld,6455.0,7000.0,6347.1,1.7,7652.9,18.56,0.4,40.31,-145.79,-95.13,-50.66,7145.9,6743.92,6341.95,4 - Mild Bullish,3,17,10,8,1,1,0,0,30
10-Nov-2025,25-Nov-2025,KEI,Non-Hld,4020.1,4300.0,4005.2,0.37,4594.8,14.3,0.45,46.21,-41.25,-20.25,-21.0,4382.98,4121.04,3859.11,4 - Mild Bullish,7,8,6,6,1,0,0,0,25
10-Nov-2025,25-Nov-2025,KFINTECH,Holding,1082.8,1200.0,1079.95,0.26,1320.05,21.91,0.41,45.69,-4.04,2.03,-6.07,1177.82,1117.38,1056.94,1 - Very Bearish,0,0,0,0,8,9,5,6,23
10-Nov-2025,25-Nov-2025,KOTAKBANK,Non-Hld,2090.0,2200.0,2088.1,0.09,2311.9,10.62,0.54,44.72,1.61,16.94,-15.33,2237.6,2150.59,2063.58,6 - Very Bullish,9,4,12,6,2,5,1,0,32
10-Nov-2025,25-Nov-2025,KPITTECH,Non-Hld,1188.1,1200.0,1133.15,4.85,1266.85,6.63,0.7,55.11,-6.25,-8.88,2.63,1200.31,1166.62,1132.92,6 - Very Bullish,13,3,14,2,0,0,0,0,20
10-Nov-2025,25-Nov-2025,LAURUSLABS,Non-Hld,1000.1,1000.0,955.7,4.65,1044.3,4.42,0.81,74.71,28.56,24.05,4.51,1021.45,939.31,857.17,4 - Mild Bullish,10,13,16,14,0,0,0,0,36
10-Nov-2025,25-Nov-2025,LICHSGFIN,Non-Hld,571.0,600.0,570.1,0.16,629.9,10.32,0.63,48.03,0.18,1.12,-0.94,588.06,574.67,561.28,4 - Mild Bullish,0,4,8,7,4,5,0,0,35
10-Nov-2025,25-Nov-2025,LICI,Non-Hld,899.9,920.0,880.5,2.2,959.5,6.62,0.4,49.78,3.67,3.14,0.52,918.45,900.22,881.99,1 - Very Bearish,0,0,0,0,16,3,12,5,27
10-Nov-2025,25-Nov-2025,LODHA,Non-Hld,1207.0,1200.0,1144.25,5.48,1255.75,4.04,0.64,54.18,12.79,7.79,5.0,1241.89,1190.46,1139.03,1 - Very Bearish,0,0,0,0,7,4,3,7,20
10-Nov-2025,25-Nov-2025,LT,Non-Hld,3916.8,4000.0,3879.05,0.97,4120.95,5.21,0.49,57.62,50.05,63.63,-13.58,4038.81,3900.66,3762.51,4 - Mild Bullish,11,14,14,14,2,2,1,0,50
10-Nov-2025,25-Nov-2025,LTF,Non-Hld,301.05,290.0,272.2,10.6,307.8,2.24,1.17,77.08,10.56,8.44,2.13,294.84,273.37,251.9,3 - Mild Bearish,1,2,12,10,14,14,5,0,50
10-Nov-2025,25-Nov-2025,LTIM,Non-Hld,5650.0,5700.0,5460.35,3.47,5939.65,5.13,0.57,58.42,76.96,90.36,-13.4,5734.77,5602.52,5470.27,5 - Bullish,9,8,9,4,0,0,0,1,34
10-Nov-2025,25-Nov-2025,LUPIN,Non-Hld,1985.0,2000.0,1916.25,3.59,2083.75,4.97,0.65,56.58,6.73,1.7,5.04,2000.93,1955.03,1909.13,4 - Mild Bullish,6,5,9,10,3,6,0,0,31
10-Nov-2025,25-Nov-2025,M&M,Non-Hld,3666.0,3600.0,3438.75,6.61,3761.25,2.6,0.72,61.77,34.83,26.44,8.39,3705.33,3574.61,3443.89,1 - Very Bearish,0,0,3,3,6,10,1,12,25
10-Nov-2025,25-Nov-2025,MANAPPURAM,Non-Hld,278.3,280.0,266.55,4.41,293.45,5.44,0.59,50.6,-3.39,-3.07,-0.31,292.09,277.68,263.27,6 - Very Bullish,9,10,14,5,0,0,0,0,39
10-Nov-2025,25-Nov-2025,MANKIND,Non-Hld,2239.4,2400.0,2234.05,0.24,2565.95,14.58,0.47,22.78,-52.45,-35.77,-16.67,2533.33,2404.29,2275.25,3 - Mild Bearish,0,0,2,1,8,4,3,4,18
10-Nov-2025,25-Nov-2025,MARICO,Non-Hld,720.0,720.0,691.5,4.12,748.5,3.96,0.93,50.8,-0.02,0.81,-0.83,732.81,719.87,706.92,5 - Bullish,8,4,7,4,0,0,0,0,21
10-Nov-2025,25-Nov-2025,MARUTI,Non-Hld,15600.0,16500.0,15609.65,-0.06,17390.35,11.48,0.41,41.39,-82.67,45.43,-128.1,16826.2,16056.2,15286.2,6 - Very Bullish,9,14,17,10,5,4,1,0,45
10-Nov-2025,25-Nov-2025,MAXHEALTH,Non-Hld,1099.8,1200.0,1095.65,0.38,1304.35,18.6,0.53,34.03,-10.62,-2.62,-8.0,1226.44,1165.53,1104.62,3 - Mild Bearish,0,0,1,0,12,3,7,3,20
10-Nov-2025,25-Nov-2025,MAZDOCK,Non-Hld,2705.0,3000.0,2693.65,0.42,3306.35,22.23,0.39,42.35,-41.58,-30.94,-10.64,2887.58,2764.18,2640.78,4 - Mild Bullish,2,9,8,8,2,3,0,0,22
10-Nov-2025,25-Nov-2025,MCX,Holding,9529.5,9000.0,8294.0,14.9,9706.0,1.85,0.71,64.3,259.83,278.99,-19.16,9597.79,9275.55,8953.31,6 - Very Bullish,12,10,14,15,0,1,0,0,39
10-Nov-2025,25-Nov-2025,MFSL,Non-Hld,1620.0,1700.0,1596.35,1.48,1803.65,11.34,0.7,61.78,5.32,-4.63,9.95,1634.33,1563.31,1492.29,2 - Bearish,10,5,0,2,1,1,11,4,26
10-Nov-2025,25-Nov-2025,MOTHERSON,Holding,102.35,115.0,101.96,0.38,128.04,25.1,0.44,40.47,-0.19,0.32,-0.51,108.21,105.47,102.72,1 - Very Bearish,0,0,0,0,25,2,17,5,35
10-Nov-2025,25-Nov-2025,MPHASIS,Non-Hld,2775.0,3000.0,2768.5,0.23,3231.5,16.45,0.48,48.52,-4.78,-0.25,-4.52,2888.52,2786.67,2684.82,4 - Mild Bullish,0,8,3,11,0,4,0,0,19
10-Nov-2025,25-Nov-2025,MUTHOOTFIN,Non-Hld,3325.0,3200.0,2975.2,11.76,3424.8,3.0,0.58,68.05,40.39,45.58,-5.19,3333.87,3219.84,3105.8,6 - Very Bullish,7,7,10,6,0,0,0,0,23
10-Nov-2025,25-Nov-2025,NATIONALUM,Non-Hld,257.29,260.0,246.37,4.43,273.63,6.35,0.95,75.47,6.68,6.24,0.45,247.87,232.93,217.99,4 - Mild Bullish,10,14,15,13,0,0,0,0,41
10-Nov-2025,25-Nov-2025,NAUKRI,Non-Hld,1348.0,1400.0,1308.05,3.05,1491.95,10.68,0.56,46.94,-2.88,-0.52,-2.37,1399.18,1350.35,1301.52,5 - Bullish,7,3,5,2,3,2,4,2,24
10-Nov-2025,25-Nov-2025,NBCC,Non-Hld,113.28,120.0,110.49,2.53,129.51,14.33,0.45,51.38,0.96,1.27,-0.31,117.84,113.23,108.62,3 - Mild Bearish,2,0,8,6,8,10,0,3,37
10-Nov-2025,25-Nov-2025,NCC,Non-Hld,188.98,210.0,187.8,0.63,232.2,22.87,0.51,26.97,-3.49,-1.22,-2.27,220.77,207.27,193.78,3 - Mild Bearish,0,0,2,0,20,5,11,7,32
10-Nov-2025,25-Nov-2025,NESTLEIND,Non-Hld,1262.0,1300.0,1251.7,0.82,1348.3,6.84,0.34,58.22,16.26,20.17,-3.92,1322.9,1262.28,1201.65,6 - Very Bullish,2,4,10,2,10,5,0,0,39
10-Nov-2025,25-Nov-2025,NHPC,Non-Hld,82.52,85.0,81.17,1.66,88.83,7.65,0.51,38.96,-0.69,-0.18,-0.51,88.31,85.2,82.08,4 - Mild Bullish,10,6,4,8,3,1,0,0,29
10-Nov-2025,25-Nov-2025,NMDC,Non-Hld,75.19,80.0,74.59,0.8,85.41,13.59,0.56,49.82,-0.27,-0.11,-0.16,77.28,75.21,73.15,5 - Bullish,10,11,10,8,0,0,0,1,28
10-Nov-2025,25-Nov-2025,NTPC,Non-Hld,325.3,350.0,325.4,-0.03,374.6,15.16,0.43,38.64,-2.33,-0.6,-1.73,346.54,335.0,323.47,1 - Very Bearish,0,2,8,9,16,9,0,4,43
10-Nov-2025,25-Nov-2025,NUVAMA,Non-Hld,7468.5,7500.0,7086.05,5.4,7913.95,5.96,0.6,64.81,141.69,148.44,-6.75,7475.88,7230.35,6984.82,6 - Very Bullish,7,6,10,6,0,0,1,1,24
10-Nov-2025,25-Nov-2025,NYKAA,Non-Hld,260.0,260.0,247.1,5.22,272.9,4.96,0.64,59.5,1.09,2.08,-0.99,265.5,255.07,244.63,6 - Very Bullish,17,6,21,5,3,0,0,0,36
10-Nov-2025,25-Nov-2025,OBEROIRLTY,Non-Hld,1788.0,1800.0,1727.4,3.51,1872.6,4.73,0.76,65.47,42.05,35.61,6.44,1852.98,1716.34,1579.7,3 - Mild Bearish,0,0,2,0,8,3,4,8,29
10-Nov-2025,25-Nov-2025,OFSS,Non-Hld,8190.0,9000.0,8169.25,0.25,9830.75,20.03,0.45,37.65,-137.61,-97.83,-39.78,8908.19,8476.5,8044.8,4 - Mild Bullish,11,8,6,10,0,0,1,0,31
10-Nov-2025,25-Nov-2025,OIL,Non-Hld,431.15,450.0,420.35,2.57,479.65,11.25,0.58,58.8,5.77,4.9,0.86,442.18,422.62,403.07,1 - Very Bearish,0,0,0,0,10,5,11,1,25
10-Nov-2025,25-Nov-2025,ONGC,Non-Hld,251.5,260.0,248.45,1.23,271.55,7.97,0.39,54.75,2.71,3.33,-0.62,258.29,251.17,244.05,3 - Mild Bearish,0,0,14,0,16,3,2,1,30
10-Nov-2025,25-Nov-2025,PAGEIND,Non-Hld,40065.0,40000.0,38284.2,4.65,41715.8,4.12,0.52,38.82,-635.97,-610.62,-25.35,42008.52,40875.25,39741.98,5 - Bullish,7,5,7,2,0,0,2,0,29
10-Nov-2025,25-Nov-2025,PATANJALI,Non-Hld,578.7,600.0,568.75,1.75,631.25,9.08,0.39,44.19,-4.04,-2.54,-1.5,606.99,587.56,568.13,4 - Mild Bullish,6,12,5,12,0,1,0,0,42
10-Nov-2025,25-Nov-2025,PAYTM,Non-Hld,1330.0,1300.0,1225.45,8.53,1374.55,3.35,0.86,63.37,25.11,24.33,0.78,1344.35,1293.12,1241.89,1 - Very Bearish,0,0,2,9,6,11,2,8,29
10-Nov-2025,25-Nov-2025,PERSISTENT,Non-Hld,5879.0,6000.0,5707.65,3.0,6292.35,7.03,0.74,60.57,132.24,146.45,-14.21,6146.48,5770.26,5394.04,5 - Bullish,7,4,7,3,0,0,2,1,22
10-Nov-2025,25-Nov-2025,PETRONET,Non-Hld,277.5,270.0,256.25,8.29,283.75,2.25,1.15,47.54,0.08,0.48,-0.4,284.55,279.65,274.74,3 - Mild Bearish,0,0,10,8,12,7,1,1,35
10-Nov-2025,25-Nov-2025,PFC,Holding,377.4,400.0,374.65,0.73,425.35,12.71,0.65,31.59,-4.45,-2.11,-2.35,412.54,396.94,381.34,3 - Mild Bearish,0,0,6,1,16,9,7,5,27
10-Nov-2025,25-Nov-2025,PGEL,Non-Hld,535.0,560.0,514.9,3.9,605.1,13.1,0.54,36.74,-3.94,0.87,-4.81,599.39,569.04,538.7,5 - Bullish,16,4,13,5,1,0,1,0,24
10-Nov-2025,25-Nov-2025,PHOENIXLTD,Non-Hld,1752.2,1700.0,1609.7,8.85,1790.3,2.17,0.66,65.04,42.34,38.61,3.73,1791.82,1702.78,1613.75,1 - Very Bearish,0,0,3,3,3,8,2,1,28
10-Nov-2025,25-Nov-2025,PIDILITIND,Non-Hld,1451.4,1500.0,1445.25,0.43,1554.75,7.12,0.49,40.76,-15.69,-11.13,-4.56,1552.47,1490.68,1428.88,4 - Mild Bullish,3,1,2,7,6,2,0,0,26
10-Nov-2025,25-Nov-2025,PIIND,Non-Hld,3814.0,3600.0,3311.6,15.17,3888.4,1.95,0.9,71.18,35.82,5.69,30.13,3781.37,3616.0,3450.64,6 - Very Bullish,7,7,10,6,1,0,0,0,25
10-Nov-2025,25-Nov-2025,PNB,Non-Hld,122.39,125.0,119.33,2.56,130.67,6.77,0.7,62.09,2.6,2.67,-0.07,125.32,119.47,113.62,3 - Mild Bearish,0,0,11,4,16,8,2,1,41
10-Nov-2025,25-Nov-2025,PNBHOUSING,Non-Hld,900.2,1000.0,898.4,0.2,1101.6,22.37,0.6,51.14,13.62,16.45,-2.83,967.98,896.54,825.09,6 - Very Bullish,10,2,12,6,5,4,0,0,28
10-Nov-2025,25-Nov-2025,POLICYBZR,Non-Hld,1800.0,1800.0,1707.95,5.39,1892.05,5.11,0.62,54.83,16.21,7.17,9.04,1866.78,1737.42,1608.07,4 - Mild Bullish,10,6,7,11,1,1,0,0,34
10-Nov-2025,25-Nov-2025,POLYCAB,Non-Hld,7617.5,7700.0,7388.35,3.1,8011.65,5.17,0.55,52.11,35.99,55.97,-19.98,7792.09,7611.42,7430.76,4 - Mild Bullish,6,5,4,8,1,0,0,0,23
10-Nov-2025,25-Nov-2025,POWERGRID,Holding,268.35,290.0,268.75,-0.15,311.25,15.99,0.48,35.07,-3.22,-1.03,-2.19,294.87,281.09,267.32,4 - Mild Bullish,3,5,7,15,1,14,0,0,41
10-Nov-2025,25-Nov-2025,POWERINDIA,Non-Hld,21269.0,20000.0,18372.35,15.77,21627.65,1.69,1.08,74.83,601.1,104.83,496.27,21134.63,18231.45,15328.27,6 - Very Bullish,7,12,16,7,1,0,0,0,34
10-Nov-2025,25-Nov-2025,PPLPHARMA,Non-Hld,195.94,210.0,194.84,0.56,225.16,14.91,0.38,44.29,0.52,0.92,-0.4,206.34,198.87,191.4,1 - Very Bearish,0,3,4,1,11,4,3,4,26
10-Nov-2025,25-Nov-2025,PRESTIGE,Non-Hld,1752.3,1800.0,1697.5,3.23,1902.5,8.57,0.61,60.55,36.21,40.56,-4.35,1818.24,1725.18,1632.13,6 - Very Bullish,5,11,13,5,1,0,0,0,27
10-Nov-2025,25-Nov-2025,RBLBANK,Non-Hld,323.3,330.0,313.9,2.99,346.1,7.05,0.66,64.03,11.08,12.16,-1.07,341.98,317.44,292.9,3 - Mild Bearish,0,0,2,1,10,2,4,3,24
10-Nov-2025,25-Nov-2025,RECLTD,Non-Hld,362.75,380.0,358.35,1.23,401.65,10.72,0.69,42.22,-1.23,0.05,-1.28,381.94,370.96,359.99,1 - Very Bearish,0,0,0,0,14,5,5,12,28
10-Nov-2025,25-Nov-2025,RELIANCE,Non-Hld,1490.1,1500.0,1458.3,2.18,1541.7,3.46,0.64,63.14,24.26,24.03,0.23,1540.04,1455.84,1371.63,4 - Mild Bullish,4,14,16,19,6,2,0,0,47
10-Nov-2025,25-Nov-2025,RVNL,Non-Hld,316.25,330.0,305.2,3.62,354.8,12.19,0.51,29.81,-5.6,-4.3,-1.31,341.29,329.14,316.99,3 - Mild Bearish,0,0,2,0,13,5,8,4,24
10-Nov-2025,25-Nov-2025,SAIL,Non-Hld,143.98,145.0,136.78,5.26,153.22,6.42,0.8,70.01,2.59,1.63,0.95,143.77,134.22,124.67,6 - Very Bullish,17,17,21,15,0,0,0,0,47
10-Nov-2025,25-Nov-2025,SAMMAANCAP,Non-Hld,180.4,190.0,175.8,2.62,204.2,13.19,0.63,57.38,8.06,9.52,-1.46,197.77,179.04,160.31,3 - Mild Bearish,0,0,1,0,18,1,11,3,26
10-Nov-2025,25-Nov-2025,SBICARD,Non-Hld,873.05,950.0,873.9,-0.1,1026.1,17.53,0.48,41.47,-4.84,1.81,-6.64,953.09,905.38,857.66,4 - Mild Bullish,4,3,5,8,5,5,1,0,31
10-Nov-2025,25-Nov-2025,SBILIFE,Non-Hld,1990.3,2020.0,1964.05,1.34,2075.95,4.3,0.63,73.94,44.97,37.18,7.8,2040.0,1906.55,1773.11,1 - Very Bearish,1,0,0,1,9,7,7,5,31
10-Nov-2025,25-Nov-2025,SBIN,Non-Hld,950.55,950.0,921.45,3.16,978.55,2.95,0.75,72.01,24.42,23.29,1.14,978.25,922.51,866.78,1 - Very Bearish,0,0,8,8,22,15,12,10,56
10-Nov-2025,25-Nov-2025,SHREECEM,Non-Hld,27170.0,30000.0,27381.3,-0.77,32618.7,20.05,0.33,26.7,-552.95,-387.9,-165.06,30328.96,28675.47,27021.98,1 - Very Bearish,0,0,0,1,12,5,7,2,40
10-Nov-2025,25-Nov-2025,SHRIRAMFIN,Non-Hld,820.9,800.0,750.9,9.32,849.1,3.44,1.23,89.7,42.67,34.62,8.05,832.75,729.77,626.8,6 - Very Bullish,9,12,17,5,0,0,0,0,35
10-Nov-2025,25-Nov-2025,SIEMENS,Holding,3053.0,3300.0,3047.1,0.19,3552.9,16.37,0.48,40.25,-23.7,-16.74,-6.96,3173.72,3111.24,3048.76,6 - Very Bullish,8,6,9,3,0,0,0,0,23
10-Nov-2025,25-Nov-2025,SOLARINDS,Non-Hld,13381.0,14000.0,13130.7,1.91,14869.3,11.12,0.48,37.88,-146.24,-92.92,-53.33,14361.98,13910.65,13459.32,1 - Very Bearish,0,0,1,1,14,0,9,2,18
10-Nov-2025,25-Nov-2025,SONACOMS,Non-Hld,486.2,500.0,473.4,2.7,526.6,8.31,0.47,64.43,12.67,12.38,0.29,501.69,473.35,445.01,1 - Very Bearish,0,0,2,3,8,11,6,8,33
10-Nov-2025,25-Nov-2025,SRF,Non-Hld,2905.0,3000.0,2864.15,1.43,3135.85,7.95,0.39,39.13,-18.94,4.78,-23.72,3214.03,3032.38,2850.72,3 - Mild Bearish,3,0,7,2,9,4,1,0,21
10-Nov-2025,25-Nov-2025,SUNPHARMA,Non-Hld,1692.8,1700.0,1651.4,2.51,1748.6,3.3,0.53,57.96,13.44,15.7,-2.26,1718.84,1686.8,1654.77,6 - Very Bullish,7,4,10,5,2,2,0,0,25
10-Nov-2025,25-Nov-2025,SUPREMEIND,Non-Hld,3875.0,4000.0,3786.6,2.33,4213.4,8.73,0.54,37.09,-113.5,-108.2,-5.3,4355.33,4016.24,3677.15,6 - Very Bullish,4,6,9,1,2,1,1,0,31
10-Nov-2025,25-Nov-2025,SUZLON,Non-Hld,57.49,60.0,56.11,2.46,63.89,11.13,0.45,52.85,0.8,0.47,0.33,61.32,56.19,51.05,6 - Very Bullish,4,2,10,11,4,5,0,0,23
10-Nov-2025,25-Nov-2025,SYNGENE,Non-Hld,630.0,660.0,624.4,0.9,695.6,10.41,0.72,43.9,-3.09,0.07,-3.16,670.88,643.47,616.07,4 - Mild Bullish,4,8,2,7,0,1,1,0,23
10-Nov-2025,25-Nov-2025,TATACONSUM,Non-Hld,1141.2,1200.0,1138.85,0.21,1261.15,10.51,0.48,45.96,11.47,14.72,-3.24,1207.89,1162.33,1116.77,1 - Very Bearish,0,0,0,0,13,12,9,13,34
10-Nov-2025,25-Nov-2025,TATAELXSI,Non-Hld,5206.0,6000.0,5243.95,-0.72,6756.05,29.77,0.44,34.95,-56.01,-28.64,-27.37,5625.7,5404.15,5182.6,5 - Bullish,7,1,6,6,3,1,0,0,20
10-Nov-2025,25-Nov-2025,TATAPOWER,Non-Hld,396.0,400.0,383.5,3.26,416.5,5.18,0.62,48.4,1.32,2.61,-1.29,410.29,399.2,388.11,6 - Very Bullish,8,6,15,2,6,2,1,1,25
10-Nov-2025,25-Nov-2025,TATASTEEL,Non-Hld,181.5,185.0,175.73,3.28,194.27,7.04,0.57,60.32,2.72,2.83,-0.11,186.58,177.43,168.28,3 - Mild Bearish,0,2,8,5,10,5,2,1,26
10-Nov-2025,25-Nov-2025,TATATECH,Non-Hld,678.45,700.0,666.05,1.86,733.95,8.18,0.51,42.84,-3.6,-1.47,-2.13,709.85,690.95,672.05,4 - Mild Bullish,5,3,5,7,0,1,0,0,23
10-Nov-2025,25-Nov-2025,TCS,Non-Hld,3025.0,3100.0,2991.0,1.14,3209.0,6.08,0.67,50.97,-1.64,0.08,-1.72,3093.6,3016.26,2938.91,4 - Mild Bullish,6,21,10,24,1,3,1,0,48
10-Nov-2025,25-Nov-2025,TECHM,Non-Hld,1396.8,1500.0,1397.85,-0.08,1602.15,14.7,0.6,38.6,-13.54,-9.17,-4.37,1476.65,1434.04,1391.44,5 - Bullish,9,5,7,6,0,1,0,1,27
10-Nov-2025,25-Nov-2025,TIINDIA,Non-Hld,2970.6,3200.0,2981.75,-0.37,3418.25,15.07,0.58,36.77,-46.73,-31.84,-14.89,3231.76,3088.04,2944.32,6 - Very Bullish,4,1,6,3,4,5,2,0,23
10-Nov-2025,25-Nov-2025,TITAGARH,Non-Hld,849.0,900.0,829.1,2.4,970.9,14.36,0.48,39.31,-8.42,-3.32,-5.1,915.61,881.46,847.31,4 - Mild Bullish,6,3,4,7,1,1,0,0,19
10-Nov-2025,25-Nov-2025,TITAN,Non-Hld,3800.0,3800.0,3680.9,3.24,3919.1,3.13,0.58,65.3,66.25,62.28,3.97,3879.51,3700.38,3521.25,6 - Very Bullish,13,9,15,10,1,2,0,0,50
10-Nov-2025,25-Nov-2025,TMPV,Non-Hld,410.7,450.0,408.55,0.53,491.45,19.66,0.48,61.9,,,,,,,4 - Mild Bullish,7,5,6,10,0,2,0,0,21
10-Nov-2025,25-Nov-2025,TORNTPHARM,Non-Hld,3818.7,3600.0,3338.85,14.37,3861.15,1.11,0.79,70.23,22.05,7.05,15.01,3706.73,3583.48,3460.23,6 - Very Bullish,8,5,16,1,0,0,0,0,24
10-Nov-2025,25-Nov-2025,TORNTPOWER,Non-Hld,1315.8,1400.0,1294.35,1.66,1505.65,14.43,0.42,53.59,7.9,10.62,-2.72,1354.28,1305.75,1257.23,5 - Bullish,10,4,7,6,0,0,0,0,24
10-Nov-2025,25-Nov-2025,TRENT,Non-Hld,4284.0,4800.0,4282.9,0.03,5317.1,24.12,0.48,22.18,-91.52,-70.32,-21.2,4937.69,4708.27,4478.85,1 - Very Bearish,0,0,0,0,14,2,11,6,19
10-Nov-2025,25-Nov-2025,TVSMOTOR,Non-Hld,3488.8,3600.0,3432.85,1.63,3767.15,7.98,0.42,47.83,-0.63,18.81,-19.44,3680.47,3544.52,3408.57,4 - Mild Bullish,6,8,6,8,3,0,0,0,23
10-Nov-2025,25-Nov-2025,ULTRACEMCO,Non-Hld,11750.0,12000.0,11603.8,1.26,12396.2,5.5,0.49,36.25,-124.04,-102.83,-21.21,12449.81,12052.6,11655.39,1 - Very Bearish,0,0,0,0,15,5,8,6,37
10-Nov-2025,25-Nov-2025,UNIONBANK,Non-Hld,154.3,150.0,141.16,9.31,158.84,2.94,0.82,69.02,4.07,3.28,0.8,155.92,145.01,134.1,4 - Mild Bullish,1,5,6,9,7,1,0,0,22
10-Nov-2025,25-Nov-2025,UNITDSPR,Non-Hld,1408.3,1500.0,1408.35,-0.0,1591.65,13.02,0.5,58.27,24.63,19.89,4.73,1459.62,1375.74,1291.87,1 - Very Bearish,0,0,0,2,16,5,8,11,51
10-Nov-2025,25-Nov-2025,UNOMINDA,Non-Hld,1319.9,1300.0,1234.75,6.9,1365.25,3.44,0.78,63.38,1.08,-7.72,8.8,1286.25,1227.49,1168.73,6 - Very Bullish,9,6,10,8,0,0,0,0,24
10-Nov-2025,25-Nov-2025,UPL,Non-Hld,750.1,750.0,721.55,3.96,778.45,3.78,0.77,77.13,16.49,10.55,5.94,758.68,702.73,646.78,4 - Mild Bullish,3,7,5,9,4,2,0,2,24
10-Nov-2025,25-Nov-2025,VBL,Non-Hld,462.85,500.0,462.2,0.14,537.8,16.19,0.47,48.77,2.96,2.48,0.48,489.82,464.04,438.27,1 - Very Bearish,0,0,0,0,16,7,13,4,36
10-Nov-2025,25-Nov-2025,VEDL,Non-Hld,519.95,500.0,466.6,11.43,533.4,2.59,0.76,66.49,13.0,12.39,0.61,526.78,495.86,464.95,6 - Very Bullish,14,8,17,15,0,0,0,0,35
10-Nov-2025,25-Nov-2025,VOLTAS,Non-Hld,1340.5,1300.0,1227.25,9.23,1372.75,2.41,0.67,41.23,-15.86,-3.69,-12.17,1483.42,1396.2,1308.98,5 - Bullish,11,8,10,8,0,0,0,0,28
10-Nov-2025,25-Nov-2025,WIPRO,Non-Hld,239.85,250.0,237.58,0.96,262.42,9.41,0.65,45.21,-2.0,-1.69,-0.31,250.84,242.61,234.38,4 - Mild Bullish,7,13,10,13,3,0,0,0,36
10-Nov-2025,25-Nov-2025,YESBANK,Non-Hld,22.72,23.0,21.78,4.32,24.22,6.6,0.37,54.28,0.26,0.35,-0.08,23.63,22.86,22.09,3 - Mild Bearish,0,0,2,1,6,1,3,1,11
10-Nov-2025,25-Nov-2025,ZYDUSLIFE,Non-Hld,947.1,1000.0,942.85,0.45,1057.15,11.62,0.55,35.76,-12.86,-7.51,-5.35,1025.8,983.62,941.43,4 - Mild Bullish,2,4,7,7,8,5,0,0,33
11-Nov-2025,25-Nov-2025,360ONE,Non-Hld,1081.0,1200.0,1072.6,0.78,1327.4,22.79,0.37,41.17,-4.5,7.29,-11.8,1211.27,1125.95,1040.62,5 - Bullish,8,2,5,3,2,1,0,1,20
11-Nov-2025,25-Nov-2025,ABB,Holding,4976.0,5200.0,4913.25,1.28,5486.75,10.26,0.66,32.35,-38.47,-11.08,-27.39,5362.03,5185.08,5008.12,1 - Very Bearish,0,0,2,2,12,8,6,4,38
11-Nov-2025,25-Nov-2025,ABCAPITAL,Non-Hld,329.3,330.0,314.05,4.86,345.95,5.06,0.81,62.05,10.06,9.13,0.92,343.46,316.77,290.09,3 - Mild Bearish,0,0,1,0,9,9,4,12,28
11-Nov-2025,25-Nov-2025,ADANIENSOL,Non-Hld,989.85,1000.0,941.6,5.12,1058.4,6.93,0.54,63.56,22.0,23.58,-1.58,997.17,955.4,913.63,6 - Very Bullish,12,9,13,7,1,0,0,0,30
11-Nov-2025,25-Nov-2025,ADANIENT,Non-Hld,2370.2,2500.0,2321.65,2.09,2678.35,13.0,0.71,36.27,-36.41,-16.76,-19.65,2624.61,2478.26,2331.9,1 - Very Bearish,14,14,0,0,1,2,17,12,46
11-Nov-2025,25-Nov-2025,ADANIGREEN,Non-Hld,1047.0,1200.0,1040.55,0.62,1359.45,29.84,0.46,47.01,7.1,12.75,-5.65,1136.14,1061.23,986.33,5 - Bullish,11,6,9,6,0,0,0,0,24
11-Nov-2025,25-Nov-2025,ADANIPORTS,Non-Hld,1474.1,1460.0,1397.8,5.46,1522.2,3.26,0.6,61.73,10.46,11.04,-0.57,1485.69,1449.76,1413.83,4 - Mild Bullish,5,12,8,8,0,0,0,1,23
11-Nov-2025,25-Nov-2025,ALKEM,Non-Hld,5700.0,5700.0,5393.0,5.69,6007.0,5.39,0.81,65.91,56.52,43.38,13.14,5710.97,5564.78,5418.58,5 - Bullish,7,1,4,4,1,2,1,4,34
11-Nov-2025,25-Nov-2025,AMBER,Non-Hld,7170.0,8000.0,7084.45,1.21,8915.55,24.35,0.48,27.09,-222.5,-82.67,-139.83,8846.53,8008.18,7169.82,4 - Mild Bullish,6,16,12,13,3,2,0,0,36
11-Nov-2025,25-Nov-2025,AMBUJACEM,Non-Hld,558.25,580.0,553.6,0.84,606.4,8.63,0.67,43.63,-2.86,-2.27,-0.6,575.55,563.96,552.38,6 - Very Bullish,4,2,13,6,9,5,0,0,34
11-Nov-2025,25-Nov-2025,ANGELONE,Non-Hld,2639.8,2600.0,2457.65,7.41,2742.35,3.88,0.76,67.94,65.1,58.46,6.64,2632.04,2521.76,2411.48,4 - Mild Bullish,5,8,8,6,0,0,0,0,20
11-Nov-2025,25-Nov-2025,APLAPOLLO,Non-Hld,1788.2,1800.0,1739.7,2.79,1860.3,4.03,0.53,61.39,22.29,22.73,-0.44,1818.47,1768.46,1718.45,1 - Very Bearish,0,0,0,4,8,2,2,2,24
11-Nov-2025,25-Nov-2025,APOLLOHOSP,Non-Hld,7520.0,8000.0,7494.95,0.33,8505.05,13.1,0.43,34.91,-31.42,11.25,-42.68,8068.61,7805.18,7541.74,1 - Very Bearish,3,5,2,0,18,7,9,10,47
11-Nov-2025,25-Nov-2025,ASHOKLEY,Non-Hld,146.1,140.0,131.15,11.4,148.85,1.88,0.72,68.64,1.59,1.14,0.45,144.86,139.17,133.47,4 - Mild Bullish,14,10,13,17,0,0,0,0,41
11-Nov-2025,25-Nov-2025,ASIANPAINT,Non-Hld,2660.0,2600.0,2487.0,6.96,2713.0,1.99,0.63,74.49,49.11,31.79,17.32,2672.4,2512.32,2352.23,5 - Bullish,13,12,13,10,0,0,1,4,46
11-Nov-2025,25-Nov-2025,ASTRAL,Non-Hld,1557.1,1600.0,1533.05,1.57,1666.95,7.05,0.67,69.45,33.52,21.0,12.52,1565.39,1469.07,1372.75,1 - Very Bearish,0,0,5,5,7,9,3,4,27
11-Nov-2025,25-Nov-2025,AUBANK,Non-Hld,890.1,900.0,865.1,2.89,934.9,5.03,1.06,66.12,33.93,34.17,-0.24,936.91,861.36,785.82,1 - Very Bearish,0,1,0,0,9,9,4,17,36
11-Nov-2025,25-Nov-2025,AUROPHARMA,Non-Hld,1165.0,1160.0,1110.8,4.88,1209.2,3.79,0.69,64.33,15.06,11.1,3.95,1170.02,1120.82,1071.63,4 - Mild Bullish,6,6,4,10,0,0,0,0,19
11-Nov-2025,25-Nov-2025,AXISBANK,Non-Hld,1222.5,1220.0,1183.4,3.3,1256.6,2.79,0.57,55.85,15.2,21.19,-5.99,1271.5,1225.26,1179.02,6 - Very Bullish,7,7,10,7,0,2,0,1,37
11-Nov-2025,25-Nov-2025,BAJAJ-AUTO,Non-Hld,8900.0,9000.0,8671.65,2.63,9328.35,4.81,0.66,49.8,-39.38,-13.04,-26.35,9264.95,8965.22,8665.5,4 - Mild Bullish,8,13,9,9,1,0,0,0,31
11-Nov-2025,25-Nov-2025,BAJAJFINSV,Non-Hld,1992.9,2000.0,1922.6,3.66,2077.4,4.24,0.46,36.22,2.23,14.65,-12.42,2200.19,2103.68,2007.18,3 - Mild Bearish,0,0,2,0,20,11,10,12,38
11-Nov-2025,25-Nov-2025,BAJFINANCE,Non-Hld,1009.1,1100.0,1008.1,0.1,1191.9,18.12,0.43,40.86,8.33,15.28,-6.94,1107.37,1061.87,1016.36,3 - Mild Bearish,0,0,1,0,22,12,17,10,42
11-Nov-2025,25-Nov-2025,BANDHANBNK,Non-Hld,151.19,160.0,149.33,1.25,170.67,12.88,0.49,34.39,-3.32,-1.54,-1.78,177.55,162.48,147.41,3 - Mild Bearish,0,0,1,0,10,10,9,8,27
11-Nov-2025,25-Nov-2025,BANKBARODA,Non-Hld,285.0,280.0,266.8,6.82,293.2,2.88,0.85,64.66,7.96,7.61,0.35,295.07,276.52,257.98,1 - Very Bearish,0,0,0,1,21,5,11,13,42
11-Nov-2025,25-Nov-2025,BANKINDIA,Non-Hld,145.56,145.0,138.89,4.8,151.11,3.81,0.77,72.67,5.53,5.19,0.34,151.12,136.58,122.04,6 - Very Bullish,1,2,10,8,9,8,1,0,46
11-Nov-2025,25-Nov-2025,BDL,Non-Hld,1534.0,1600.0,1493.8,2.69,1706.2,11.23,0.69,53.22,-10.61,-10.35,-0.25,1570.92,1511.42,1451.91,4 - Mild Bullish,12,7,8,14,0,0,0,0,27
11-Nov-2025,25-Nov-2025,BEL,Holding,426.8,420.0,402.0,6.17,438.0,2.62,0.62,61.17,3.78,3.88,-0.1,427.36,415.08,402.81,4 - Mild Bullish,5,16,11,12,0,0,1,0,28
11-Nov-2025,25-Nov-2025,BHARATFORG,Non-Hld,1403.0,1300.0,1187.55,18.14,1412.45,0.67,0.87,75.51,32.67,27.97,4.7,1385.08,1298.44,1211.8,6 - Very Bullish,11,6,13,7,2,0,0,0,27
11-Nov-2025,25-Nov-2025,BHARTIARTL,Non-Hld,2044.5,2100.0,2028.2,0.8,2171.8,6.23,0.38,53.21,26.47,34.67,-8.2,2140.21,2043.86,1947.51,4 - Mild Bullish,7,16,8,12,0,1,1,0,34
11-Nov-2025,25-Nov-2025,BHEL,Non-Hld,285.2,280.0,265.7,7.34,294.3,3.19,1.17,78.9,10.56,7.4,3.16,284.02,249.88,215.75,4 - Mild Bullish,9,18,16,21,0,0,0,0,51
11-Nov-2025,25-Nov-2025,BIOCON,Non-Hld,387.0,400.0,377.65,2.48,422.35,9.13,0.69,66.89,7.21,5.64,1.58,390.78,369.72,348.66,6 - Very Bullish,10,6,12,6,0,0,0,2,25
11-Nov-2025,25-Nov-2025,BLUESTARCO,Non-Hld,1781.5,2000.0,1779.85,0.09,2220.15,24.62,0.28,32.72,-32.19,-7.7,-24.49,2066.66,1914.22,1761.79,6 - Very Bullish,5,2,10,7,5,9,0,0,41
11-Nov-2025,25-Nov-2025,BOSCHLTD,Non-Hld,36600.0,40000.0,36549.6,0.14,43450.4,18.72,0.39,37.01,-529.33,-414.45,-114.88,39672.39,38007.75,36343.11,3 - Mild Bearish,0,0,2,0,14,1,10,4,26
11-Nov-2025,25-Nov-2025,BPCL,Non-Hld,373.8,342.5,308.5,21.17,376.5,0.72,1.12,74.46,11.32,8.65,2.67,378.23,344.7,311.17,6 - Very Bullish,15,13,17,11,2,1,0,0,44
11-Nov-2025,25-Nov-2025,BRITANNIA,Non-Hld,5955.0,5800.0,5566.35,6.98,6033.65,1.32,0.71,49.48,18.45,3.85,14.59,6184.62,5960.72,5736.83,1 - Very Bearish,0,0,1,1,19,7,15,8,42
11-Nov-2025,25-Nov-2025,BSE,Holding,2643.1,2700.0,2500.95,5.68,2899.05,9.68,0.72,65.19,76.89,66.35,10.53,2639.38,2504.38,2369.38,6 - Very Bullish,11,5,12,11,0,1,1,0,26
11-Nov-2025,25-Nov-2025,CAMS,Holding,3834.6,4000.0,3783.4,1.35,4216.6,9.96,0.53,49.66,-6.7,0.03,-6.72,3969.65,3843.94,3718.23,5 - Bullish,11,7,7,8,1,1,1,0,27
11-Nov-2025,25-Nov-2025,CANBK,Non-Hld,140.75,140.0,133.66,5.3,146.34,3.97,1.03,75.98,5.03,4.5,0.54,144.76,132.58,120.4,1 - Very Bearish,0,3,4,20,13,13,3,3,46
11-Nov-2025,25-Nov-2025,CDSL,Holding,1600.9,1600.0,1526.35,4.88,1673.65,4.54,0.59,54.98,3.39,7.03,-3.64,1653.07,1595.8,1538.53,4 - Mild Bullish,5,13,6,12,0,1,0,0,29
11-Nov-2025,25-Nov-2025,CGPOWER,Holding,732.0,730.0,698.65,4.77,761.35,4.01,0.66,45.78,-2.34,-1.78,-0.56,761.43,740.29,719.15,1 - Very Bearish,0,0,0,0,11,1,3,5,25
11-Nov-2025,25-Nov-2025,CHOLAFIN,Non-Hld,1740.2,1700.0,1625.95,7.03,1774.05,1.95,0.93,60.13,31.76,33.78,-2.02,1768.0,1704.84,1641.68,3 - Mild Bearish,1,0,2,1,5,11,4,9,30
11-Nov-2025,25-Nov-2025,CIPLA,Non-Hld,1514.9,1600.0,1509.85,0.33,1690.15,11.57,0.46,43.47,-13.09,-6.07,-7.02,1655.23,1555.82,1456.42,1 - Very Bearish,2,1,8,13,6,20,0,0,52
11-Nov-2025,25-Nov-2025,COALINDIA,Holding,382.9,389.75,378.6,1.14,400.9,4.7,0.76,57.08,0.51,0.31,0.2,386.26,378.49,370.72,4 - Mild Bullish,3,16,10,19,5,4,0,0,85
11-Nov-2025,25-Nov-2025,COFORGE,Non-Hld,1797.8,1800.0,1719.05,4.58,1880.95,4.63,0.5,58.33,17.03,19.78,-2.75,1826.26,1766.51,1706.76,6 - Very Bullish,11,11,14,11,0,0,0,0,35
11-Nov-2025,25-Nov-2025,COLPAL,Non-Hld,2184.0,2200.0,2128.0,2.63,2272.0,4.03,0.62,43.0,-18.2,-15.59,-2.6,2272.83,2211.0,2149.16,5 - Bullish,12,4,8,4,1,0,1,0,38
11-Nov-2025,25-Nov-2025,CONCOR,Non-Hld,522.0,550.0,517.0,0.97,583.0,11.69,0.75,39.56,-3.3,-1.13,-2.17,555.3,535.56,515.81,5 - Bullish,10,5,10,4,2,0,1,0,35
11-Nov-2025,25-Nov-2025,CROMPTON,Non-Hld,279.8,300.0,277.65,0.77,322.35,15.21,0.59,34.96,-4.93,-4.86,-0.06,295.22,285.65,276.08,3 - Mild Bearish,0,0,3,2,11,4,1,5,23
11-Nov-2025,25-Nov-2025,CUMMINSIND,Non-Hld,4413.7,4300.0,4094.3,7.8,4505.7,2.08,0.87,71.08,102.52,95.91,6.62,4548.96,4207.52,3866.08,4 - Mild Bullish,6,11,6,8,0,0,0,0,32
11-Nov-2025,25-Nov-2025,CYIENT,Non-Hld,1157.9,1200.0,1137.5,1.79,1262.5,9.03,0.73,48.89,-6.6,-3.63,-2.97,1212.17,1162.23,1112.29,5 - Bullish,10,4,5,6,0,0,0,0,22
11-Nov-2025,25-Nov-2025,DABUR,Non-Hld,519.0,550.0,517.85,0.22,582.15,12.17,0.62,58.95,3.57,0.8,2.77,525.46,504.9,484.35,6 - Very Bullish,11,11,13,6,0,0,1,0,36
11-Nov-2025,25-Nov-2025,DALBHARAT,Non-Hld,2044.6,2300.0,2047.55,-0.14,2552.45,24.84,0.3,27.3,-57.44,-54.0,-3.44,2264.48,2129.16,1993.83,2 - Bearish,1,1,1,0,10,3,5,4,40
11-Nov-2025,25-Nov-2025,DELHIVERY,Non-Hld,430.65,480.0,429.25,0.33,530.75,23.24,0.33,36.72,-6.28,-0.55,-5.73,500.24,464.04,427.84,5 - Bullish,8,6,7,8,1,3,0,0,35
11-Nov-2025,25-Nov-2025,DIVISLAB,Non-Hld,6528.0,6800.0,6442.9,1.32,7157.1,9.64,0.7,50.66,122.69,143.12,-20.43,6867.17,6636.15,6405.13,2 - Bearish,2,2,1,0,15,12,11,14,43
11-Nov-2025,25-Nov-2025,DIXON,Non-Hld,15125.0,16000.0,14984.95,0.93,17015.05,12.5,0.46,33.4,-517.3,-489.63,-27.67,16911.72,15683.1,14454.48,4 - Mild Bullish,7,10,7,8,3,3,1,0,27
11-Nov-2025,25-Nov-2025,DLF,Non-Hld,765.75,800.0,757.95,1.03,842.05,9.96,0.71,51.45,2.85,4.35,-1.5,787.52,768.09,748.66,5 - Bullish,7,5,6,7,1,2,0,1,26
11-Nov-2025,25-Nov-2025,DMART,Non-Hld,4075.0,4200.0,4019.7,1.38,4380.3,7.49,0.45,33.59,-93.24,-85.91,-7.33,4366.48,4192.16,4017.83,4 - Mild Bullish,6,10,5,12,1,2,1,0,32
11-Nov-2025,25-Nov-2025,DRREDDY,Non-Hld,1213.0,1300.0,1209.9,0.26,1390.1,14.6,0.38,41.13,-16.97,-13.5,-3.47,1308.51,1237.04,1165.56,4 - Mild Bullish,5,19,6,20,0,1,0,0,45
11-Nov-2025,25-Nov-2025,EICHERMOT,Non-Hld,6873.0,7000.0,6714.3,2.36,7285.7,6.0,0.91,48.78,12.33,35.73,-23.4,7067.05,6932.08,6797.1,5 - Bullish,12,5,11,7,3,3,1,0,38
11-Nov-2025,25-Nov-2025,ETERNAL,Non-Hld,306.2,330.0,304.5,0.56,355.5,16.1,0.4,34.38,-7.4,-3.67,-3.73,359.99,328.66,297.32,6 - Very Bullish,8,7,11,7,2,2,0,1,29
11-Nov-2025,25-Nov-2025,EXIDEIND,Non-Hld,377.5,400.0,373.1,1.18,426.9,13.09,0.71,35.31,-5.56,-5.08,-0.47,402.15,386.39,370.63,1 - Very Bearish,0,2,0,1,13,3,10,4,27
11-Nov-2025,25-Nov-2025,FEDERALBNK,Non-Hld,235.8,240.0,231.95,1.66,248.05,5.2,0.99,71.4,8.43,9.01,-0.58,247.56,230.28,213.0,1 - Very Bearish,0,0,1,8,7,14,3,7,36
11-Nov-2025,25-Nov-2025,FORTIS,Non-Hld,983.9,1000.0,948.1,3.78,1051.9,6.91,0.46,38.72,-4.11,6.85,-10.96,1114.23,1046.89,979.55,3 - Mild Bearish,0,0,7,2,17,8,4,5,36
11-Nov-2025,25-Nov-2025,GAIL,Non-Hld,182.33,190.0,180.62,0.95,199.38,9.35,0.59,55.34,0.96,1.01,-0.05,184.98,180.34,175.7,4 - Mild Bullish,8,5,5,10,0,0,0,0,23
11-Nov-2025,25-Nov-2025,GLENMARK,Non-Hld,1814.0,1900.0,1785.05,1.62,2014.95,11.08,0.69,36.99,-32.21,-33.64,1.43,1908.82,1849.69,1790.55,2 - Bearish,1,0,1,0,9,8,7,8,35
11-Nov-2025,25-Nov-2025,GMRAIRPORT,Non-Hld,95.64,95.0,90.0,6.27,100.0,4.56,0.35,64.76,1.5,1.31,0.18,96.95,93.05,89.15,2 - Bearish,11,3,3,1,3,1,5,9,31
11-Nov-2025,25-Nov-2025,GODREJCP,Non-Hld,1144.8,1180.0,1132.0,1.13,1228.0,7.27,0.76,49.54,-7.14,-12.06,4.91,1160.67,1123.9,1087.13,5 - Bullish,7,3,5,4,0,0,1,0,22
11-Nov-2025,25-Nov-2025,GODREJPROP,Non-Hld,2161.1,2300.0,2149.15,0.56,2450.85,13.41,0.61,45.1,22.11,45.35,-23.23,2390.44,2242.9,2095.36,1 - Very Bearish,0,2,1,0,12,7,4,12,38
11-Nov-2025,25-Nov-2025,GRASIM,Non-Hld,2771.2,3000.0,2772.9,-0.06,3227.1,16.45,0.44,43.34,-11.55,7.63,-19.18,2991.22,2850.2,2709.19,4 - Mild Bullish,11,10,6,15,2,4,0,0,49
11-Nov-2025,25-Nov-2025,HAL,Non-Hld,4860.0,5000.0,4755.6,2.2,5244.4,7.91,0.77,60.3,-7.05,-10.09,3.04,4930.72,4755.99,4581.25,4 - Mild Bullish,8,12,11,15,1,0,0,0,32
11-Nov-2025,25-Nov-2025,HAVELLS,Non-Hld,1445.8,1500.0,1435.95,0.69,1564.05,8.18,0.61,36.0,-15.31,-12.24,-3.08,1520.33,1479.32,1438.31,1 - Very Bearish,0,0,0,0,10,3,6,4,25
11-Nov-2025,25-Nov-2025,HCLTECH,Non-Hld,1571.5,1600.0,1544.0,1.78,1656.0,5.38,0.71,66.94,22.11,21.92,0.2,1571.92,1522.05,1472.17,4 - Mild Bullish,9,7,8,10,0,0,0,0,25
11-Nov-2025,25-Nov-2025,HDFCAMC,Non-Hld,5481.0,5500.0,5292.3,3.57,5707.7,4.14,0.63,46.29,-56.32,-56.24,-0.08,5824.15,5540.48,5256.8,2 - Bearish,1,0,1,0,9,10,6,8,37
11-Nov-2025,25-Nov-2025,HDFCBANK,Non-Hld,992.0,1000.0,973.2,1.93,1026.8,3.51,0.69,53.71,2.19,4.35,-2.16,1013.58,993.63,973.68,5 - Bullish,15,9,15,17,2,6,0,1,46
11-Nov-2025,25-Nov-2025,HDFCLIFE,Non-Hld,764.35,750.0,724.8,5.46,775.2,1.42,0.57,56.84,-2.21,-4.81,2.6,762.44,745.35,728.25,5 - Bullish,8,7,8,6,0,1,0,0,24
11-Nov-2025,25-Nov-2025,HEROMOTOCO,Non-Hld,5414.0,5600.0,5331.65,1.54,5868.35,8.39,0.73,47.99,-21.48,11.42,-32.9,5743.77,5506.0,5268.23,4 - Mild Bullish,4,13,12,6,3,1,0,0,38
11-Nov-2025,25-Nov-2025,HFCL,Non-Hld,78.6,80.0,74.87,4.98,85.13,8.31,0.54,56.86,0.27,0.34,-0.06,78.85,76.22,73.59,4 - Mild Bullish,9,9,7,13,0,0,0,0,27
11-Nov-2025,25-Nov-2025,HINDALCO,Non-Hld,792.5,800.0,769.3,3.02,830.7,4.82,0.62,47.98,9.33,17.05,-7.72,874.64,809.42,744.2,4 - Mild Bullish,3,17,4,18,1,3,0,0,32
11-Nov-2025,25-Nov-2025,HINDPETRO,Non-Hld,488.25,500.0,476.95,2.37,523.05,7.13,0.74,72.5,14.29,12.92,1.37,494.77,460.02,425.28,5 - Bullish,10,10,10,8,0,0,0,0,33
11-Nov-2025,25-Nov-2025,HINDUNILVR,Non-Hld,2430.0,2600.0,2430.1,-0.0,2769.9,13.99,0.43,37.54,-30.37,-24.37,-6.0,2598.23,2481.36,2364.5,4 - Mild Bullish,3,18,5,14,0,2,1,0,41
11-Nov-2025,25-Nov-2025,HINDZINC,Non-Hld,487.3,500.0,473.3,2.96,526.7,8.09,0.41,55.01,0.55,1.66,-1.11,509.31,484.86,460.41,4 - Mild Bullish,12,12,8,10,1,0,1,0,35
11-Nov-2025,25-Nov-2025,HUDCO,Non-Hld,230.85,240.0,225.83,2.22,254.17,10.1,0.45,50.81,1.57,1.98,-0.41,239.08,230.52,221.95,3 - Mild Bearish,0,0,10,5,14,9,3,2,30
11-Nov-2025,25-Nov-2025,ICICIBANK,Non-Hld,1359.0,1400.0,1350.1,0.66,1449.9,6.69,0.55,47.49,-12.3,-11.55,-0.75,1423.76,1367.94,1312.12,4 - Mild Bullish,5,21,6,19,1,1,0,0,44
11-Nov-2025,25-Nov-2025,ICICIGI,Non-Hld,1995.3,2040.0,1963.1,1.64,2116.9,6.09,0.5,53.95,27.91,30.33,-2.42,2095.59,1989.99,1884.38,1 - Very Bearish,0,0,0,0,11,6,6,7,29
11-Nov-2025,25-Nov-2025,ICICIPRULI,Non-Hld,623.6,620.0,597.9,4.3,642.1,2.97,0.69,66.08,4.13,1.4,2.73,619.88,601.84,583.79,4 - Mild Bullish,9,11,12,11,0,0,0,0,37
11-Nov-2025,25-Nov-2025,IDEA,Non-Hld,10.19,10.0,9.06,12.47,10.94,7.36,0.56,65.14,0.33,0.3,0.02,10.17,9.25,8.32,5 - Bullish,5,4,4,4,0,0,0,0,10
11-Nov-2025,25-Nov-2025,IDFCFIRSTB,Non-Hld,80.64,84.0,79.39,1.57,88.61,9.88,0.53,64.7,2.3,2.29,0.01,84.9,78.28,71.65,2 - Bearish,2,0,1,2,9,9,9,8,32
11-Nov-2025,25-Nov-2025,IEX,Holding,139.45,145.0,136.97,1.81,153.03,9.74,0.58,46.13,-0.75,-0.5,-0.25,149.07,140.34,131.6,6 - Very Bullish,1,4,8,4,7,1,0,1,22
11-Nov-2025,25-Nov-2025,IGL,Non-Hld,208.8,220.0,203.53,2.59,236.47,13.25,0.65,43.7,-0.19,0.27,-0.47,216.47,211.56,206.65,2 - Bearish,12,2,1,0,7,1,16,2,26
11-Nov-2025,25-Nov-2025,IIFL,Non-Hld,540.5,550.0,521.7,3.6,578.3,6.99,0.63,65.78,17.35,17.18,0.17,556.06,516.88,477.7,1 - Very Bearish,0,2,6,4,7,4,0,2,21
11-Nov-2025,25-Nov-2025,INDHOTEL,Non-Hld,698.3,750.0,699.1,-0.11,800.9,14.69,0.54,34.4,-9.91,-5.29,-4.62,768.42,731.65,694.88,1 - Very Bearish,0,0,0,1,10,5,7,6,28
11-Nov-2025,25-Nov-2025,INDIANB,Non-Hld,869.15,870.0,830.75,4.62,909.25,4.61,0.81,71.43,33.71,35.03,-1.31,911.05,836.3,761.56,3 - Mild Bearish,0,1,5,2,6,11,4,11,35
11-Nov-2025,25-Nov-2025,INDIGO,Holding,5787.0,6000.0,5737.0,0.87,6263.0,8.23,0.84,53.67,-25.26,-14.88,-10.38,5968.0,5759.38,5550.75,4 - Mild Bullish,9,15,12,11,0,0,0,0,37
11-Nov-2025,25-Nov-2025,INDUSINDBK,Non-Hld,828.0,800.0,753.45,9.89,846.55,2.24,0.75,70.86,14.27,11.21,3.05,827.76,778.65,729.55,4 - Mild Bullish,9,12,11,14,0,0,0,1,27
11-Nov-2025,25-Nov-2025,INDUSTOWER,Non-Hld,400.9,380.0,354.4,13.12,405.6,1.17,0.74,68.86,12.34,9.22,3.12,413.54,372.08,330.63,4 - Mild Bullish,5,8,8,13,2,0,0,0,30
11-Nov-2025,25-Nov-2025,INFY,Non-Hld,1531.1,1500.0,1444.95,5.96,1555.05,1.56,0.64,63.59,9.2,5.77,3.43,1535.03,1479.25,1423.47,4 - Mild Bullish,1,13,3,19,1,4,0,0,25
11-Nov-2025,25-Nov-2025,INOXWIND,Non-Hld,151.87,160.0,148.94,1.97,171.06,12.64,0.52,52.55,1.41,1.85,-0.44,158.36,151.65,144.93,3 - Mild Bearish,2,0,4,3,7,5,3,3,22
11-Nov-2025,25-Nov-2025,IOC,Non-Hld,172.45,160.0,146.74,17.52,173.26,0.47,1.04,79.64,5.52,4.62,0.9,175.81,160.47,145.12,4 - Mild Bullish,17,17,17,24,0,0,0,0,56
11-Nov-2025,25-Nov-2025,IRCTC,Holding,711.85,730.0,694.6,2.48,765.4,7.52,0.71,46.25,-1.98,-0.3,-1.67,732.27,716.88,701.49,5 - Bullish,17,5,16,4,1,0,0,0,41
11-Nov-2025,25-Nov-2025,IREDA,Non-Hld,149.25,155.0,146.46,1.9,163.54,9.57,0.5,44.16,-0.57,0.02,-0.59,156.28,152.2,148.12,6 - Very Bullish,5,4,8,3,7,2,1,3,20
11-Nov-2025,25-Nov-2025,IRFC,Non-Hld,121.68,125.0,119.23,2.05,130.77,7.47,0.5,43.91,-0.82,-0.59,-0.23,125.41,122.98,120.55,5 - Bullish,15,6,8,6,1,0,4,1,40
11-Nov-2025,25-Nov-2025,ITC,Non-Hld,407.2,420.0,406.3,0.22,433.7,6.51,0.5,45.79,-0.04,1.29,-1.33,425.16,411.38,397.6,6 - Very Bullish,6,3,10,11,1,9,0,0,47
11-Nov-2025,25-Nov-2025,JINDALSTEL,Non-Hld,1080.0,1100.0,1050.65,2.79,1149.35,6.42,1.09,60.1,12.74,9.23,3.51,1103.9,1040.41,976.92,5 - Bullish,12,10,11,9,1,0,1,1,35
11-Nov-2025,25-Nov-2025,JIOFIN,Non-Hld,305.45,310.0,297.7,2.6,322.3,5.52,0.6,47.84,-1.77,-1.28,-0.5,314.95,306.92,298.89,6 - Very Bullish,5,7,8,5,0,2,0,0,20
11-Nov-2025,25-Nov-2025,JSWENERGY,Non-Hld,527.85,600.0,528.15,-0.06,671.85,27.28,0.41,47.38,-2.85,-1.45,-1.4,547.89,531.73,515.58,5 - Bullish,11,1,7,5,1,1,0,0,18
11-Nov-2025,25-Nov-2025,JSWSTEEL,Non-Hld,1186.7,1200.0,1153.95,2.84,1246.05,5.0,0.58,59.36,13.36,15.0,-1.63,1215.34,1171.46,1127.57,5 - Bullish,12,10,8,7,0,0,1,5,36
11-Nov-2025,25-Nov-2025,JUBLFOOD,Non-Hld,582.4,600.0,563.8,3.3,636.2,9.24,0.71,38.63,-7.81,-6.94,-0.87,611.89,592.99,574.08,3 - Mild Bearish,1,0,3,0,9,1,5,4,23
11-Nov-2025,25-Nov-2025,KALYANKJIL,Non-Hld,510.2,520.0,492.3,3.64,547.7,7.35,0.52,54.73,5.96,5.16,0.8,531.02,502.65,474.27,1 - Very Bearish,1,0,5,7,6,10,3,2,21
11-Nov-2025,25-Nov-2025,KAYNES,Non-Hld,6431.5,7000.0,6359.45,1.13,7640.55,18.8,0.37,39.58,-147.48,-105.6,-41.88,7143.06,6724.78,6306.49,1 - Very Bearish,2,2,2,8,12,4,2,4,30
11-Nov-2025,25-Nov-2025,KEI,Non-Hld,4055.0,4300.0,4038.95,0.4,4561.05,12.48,0.45,48.74,-36.14,-23.43,-12.71,4363.03,4110.27,3857.51,4 - Mild Bullish,7,7,5,5,1,0,1,0,25
11-Nov-2025,25-Nov-2025,KFINTECH,Holding,1093.8,1200.0,1079.85,1.29,1320.15,20.69,0.38,48.36,-4.08,0.8,-4.88,1174.87,1114.9,1054.92,4 - Mild Bullish,4,7,0,9,0,1,2,0,23
11-Nov-2025,25-Nov-2025,KOTAKBANK,Non-Hld,2088.2,2200.0,2084.25,0.19,2315.75,10.9,0.51,43.49,-2.78,10.31,-13.09,2238.59,2144.65,2050.72,3 - Mild Bearish,1,1,3,1,13,8,9,4,32
11-Nov-2025,25-Nov-2025,KPITTECH,Non-Hld,1205.2,1200.0,1148.5,4.94,1251.5,3.84,0.86,59.8,-2.31,-7.56,5.26,1208.17,1169.49,1130.81,4 - Mild Bullish,0,7,5,13,3,5,0,0,20
11-Nov-2025,25-Nov-2025,LAURUSLABS,Non-Hld,987.5,1000.0,957.1,3.18,1042.9,5.61,0.72,66.88,27.98,24.84,3.15,1023.58,944.91,866.25,1 - Very Bearish,0,0,0,0,11,11,12,15,38
11-Nov-2025,25-Nov-2025,LICHSGFIN,Non-Hld,571.95,600.0,569.05,0.51,630.95,10.32,0.62,47.84,-0.03,0.89,-0.92,588.05,574.63,561.21,2 - Bearish,3,1,0,1,8,6,4,3,35
11-Nov-2025,25-Nov-2025,LICI,Non-Hld,900.0,900.0,865.8,3.95,934.2,3.8,0.42,50.12,3.11,3.14,-0.02,918.57,900.39,882.2,6 - Very Bullish,8,1,13,2,3,6,0,1,27
11-Nov-2025,25-Nov-2025,LODHA,Non-Hld,1219.2,1200.0,1144.9,6.49,1255.1,2.94,0.63,58.01,13.08,8.85,4.23,1244.05,1193.8,1143.54,4 - Mild Bullish,4,6,3,3,3,0,0,4,20
11-Nov-2025,25-Nov-2025,LT,Non-Hld,3954.0,4000.0,3889.65,1.65,4110.35,3.95,0.51,61.35,49.54,60.81,-11.26,4036.0,3909.94,3783.87,4 - Mild Bullish,7,22,16,13,0,1,0,0,50
11-Nov-2025,25-Nov-2025,LTF,Non-Hld,296.0,290.0,275.8,7.32,304.2,2.77,1.03,69.98,10.91,8.93,1.98,297.98,274.79,251.6,2 - Bearish,1,0,1,1,14,19,5,18,50
11-Nov-2025,25-Nov-2025,LTIM,Non-Hld,5718.0,5700.0,5464.6,4.64,5935.4,3.8,0.59,62.32,78.83,88.05,-9.22,5741.1,5614.22,5487.35,6 - Very Bullish,8,8,12,5,0,0,0,1,34
11-Nov-2025,25-Nov-2025,LUPIN,Non-Hld,1980.0,2000.0,1918.65,3.2,2081.35,5.12,0.64,53.15,6.86,2.73,4.13,2001.4,1955.2,1909.01,2 - Bearish,1,0,1,1,10,8,4,11,31
11-Nov-2025,25-Nov-2025,M&M,Non-Hld,3745.1,3600.0,3395.0,10.31,3805.0,1.6,0.83,67.96,44.37,30.02,14.35,3729.43,3589.08,3448.73,6 - Very Bullish,8,10,15,5,1,0,1,0,25
11-Nov-2025,25-Nov-2025,MANAPPURAM,Non-Hld,275.7,280.0,265.65,3.78,294.35,6.76,0.55,47.21,-3.06,-3.07,0.01,291.09,277.13,263.18,1 - Very Bearish,0,0,0,0,15,4,7,11,39
11-Nov-2025,25-Nov-2025,MANKIND,Non-Hld,2220.0,2400.0,2222.75,-0.12,2577.25,16.09,0.41,21.68,-59.24,-40.47,-18.77,2543.59,2393.19,2242.79,3 - Mild Bearish,0,0,1,0,9,3,2,6,19
11-Nov-2025,25-Nov-2025,MARICO,Non-Hld,713.0,720.0,692.1,3.02,747.9,4.89,0.86,45.42,-0.45,0.56,-1.01,732.87,719.8,706.73,3 - Mild Bearish,0,0,1,0,10,3,5,4,21
11-Nov-2025,25-Nov-2025,MARUTI,Non-Hld,15651.0,16500.0,15616.15,0.22,17383.85,11.07,0.44,43.71,-86.25,19.09,-105.34,16801.97,16022.3,15242.63,4 - Mild Bullish,4,20,11,14,1,6,0,1,45
11-Nov-2025,25-Nov-2025,MAXHEALTH,Non-Hld,1096.5,1200.0,1092.5,0.37,1307.5,19.24,0.46,33.55,-13.75,-4.85,-8.91,1230.75,1163.14,1095.52,5 - Bullish,6,1,5,2,6,1,0,4,22
11-Nov-2025,25-Nov-2025,MAZDOCK,Non-Hld,2753.3,3000.0,2733.95,0.71,3266.05,18.62,0.41,48.66,-35.94,-31.94,-4.0,2881.12,2760.65,2640.18,4 - Mild Bullish,1,15,6,7,0,0,0,0,22
11-Nov-2025,25-Nov-2025,MCX,Holding,9480.0,9000.0,8326.9,13.85,9673.1,2.04,0.65,63.06,256.58,274.51,-17.92,9599.24,9303.42,9007.61,1 - Very Bearish,2,4,3,2,14,4,17,11,39
11-Nov-2025,25-Nov-2025,MFSL,Non-Hld,1640.0,1700.0,1606.15,2.11,1793.85,9.38,0.8,64.58,9.71,-1.76,11.47,1643.4,1566.0,1488.6,5 - Bullish,12,6,11,4,0,0,1,1,26
11-Nov-2025,25-Nov-2025,MOTHERSON,Holding,105.8,115.0,104.57,1.18,125.43,18.55,0.43,51.78,-0.12,0.23,-0.35,108.21,105.53,102.86,5 - Bullish,18,9,13,11,0,0,0,0,35
11-Nov-2025,25-Nov-2025,MPHASIS,Non-Hld,2788.0,3000.0,2766.75,0.77,3233.25,15.97,0.47,48.65,-5.12,-1.23,-3.9,2888.31,2786.38,2684.46,4 - Mild Bullish,7,6,3,9,0,0,0,0,19
11-Nov-2025,25-Nov-2025,MUTHOOTFIN,Non-Hld,3378.0,3200.0,2952.7,14.4,3447.3,2.05,0.67,72.83,48.95,43.39,5.55,3363.29,3230.17,3097.05,6 - Very Bullish,6,10,12,4,0,0,0,0,23
11-Nov-2025,25-Nov-2025,NATIONALUM,Non-Hld,265.5,250.0,234.0,13.46,266.0,0.19,1.17,78.72,8.49,6.69,1.8,255.19,234.94,214.7,6 - Very Bullish,11,14,17,12,4,0,0,1,41
11-Nov-2025,25-Nov-2025,NAUKRI,Non-Hld,1344.0,1400.0,1310.3,2.57,1489.7,10.84,0.54,46.58,-3.42,-1.1,-2.32,1399.14,1350.72,1302.31,4 - Mild Bullish,2,5,3,6,8,1,0,1,24
11-Nov-2025,25-Nov-2025,NBCC,Non-Hld,113.6,120.0,110.19,3.09,129.81,14.27,0.46,52.3,0.88,1.19,-0.31,117.85,113.24,108.63,6 - Very Bullish,9,9,10,3,0,1,2,3,37
11-Nov-2025,25-Nov-2025,NCC,Non-Hld,188.19,210.0,188.42,-0.12,231.58,23.06,0.49,28.32,-4.37,-1.85,-2.52,221.99,206.3,190.6,4 - Mild Bullish,3,2,5,13,8,8,0,0,33
11-Nov-2025,25-Nov-2025,NESTLEIND,Non-Hld,1268.0,1300.0,1254.85,1.05,1345.15,6.08,0.33,60.29,15.39,19.22,-3.83,1316.45,1266.28,1216.1,4 - Mild Bullish,5,7,6,11,2,2,0,0,39
11-Nov-2025,25-Nov-2025,NHPC,Non-Hld,82.1,90.0,81.83,0.33,98.17,19.57,0.46,37.54,-0.81,-0.31,-0.5,88.34,84.97,81.6,2 - Bearish,1,0,0,0,11,5,3,6,29
11-Nov-2025,25-Nov-2025,NMDC,Non-Hld,75.95,80.0,75.33,0.82,84.67,11.48,0.55,53.16,-0.18,-0.13,-0.05,77.03,75.15,73.26,5 - Bullish,9,6,8,7,3,2,0,0,28
11-Nov-2025,25-Nov-2025,NTPC,Non-Hld,327.0,350.0,326.8,0.06,373.2,14.13,0.43,40.69,-2.5,-0.98,-1.52,346.33,334.39,322.45,4 - Mild Bullish,5,6,7,12,1,5,0,1,43
11-Nov-2025,25-Nov-2025,NUVAMA,Non-Hld,7345.0,7500.0,7108.35,3.33,7891.65,7.44,0.62,62.17,142.89,146.22,-3.33,7427.65,7171.52,6915.4,3 - Mild Bearish,0,0,2,1,5,8,5,9,25
11-Nov-2025,25-Nov-2025,NYKAA,Non-Hld,261.6,260.0,247.96,5.5,272.04,3.99,0.65,60.45,1.76,2.02,-0.26,265.6,255.09,244.59,4 - Mild Bullish,0,4,6,17,9,9,0,0,36
11-Nov-2025,25-Nov-2025,OBEROIRLTY,Non-Hld,1766.0,1800.0,1728.0,2.2,1872.0,6.0,0.72,59.37,39.35,36.36,2.99,1849.26,1725.17,1601.08,1 - Very Bearish,0,1,0,1,7,5,6,6,29
11-Nov-2025,25-Nov-2025,OFSS,Non-Hld,8248.0,9000.0,8221.0,0.33,9779.0,18.56,0.45,40.75,-135.39,-105.34,-30.05,8787.08,8435.77,8084.46,4 - Mild Bullish,7,5,5,11,3,4,1,0,31
11-Nov-2025,25-Nov-2025,OIL,Non-Hld,437.0,420.0,393.85,10.96,446.15,2.09,0.59,61.8,5.93,5.11,0.82,443.76,423.6,403.44,4 - Mild Bullish,7,11,7,8,0,0,0,0,25
11-Nov-2025,25-Nov-2025,ONGC,Non-Hld,249.9,260.0,249.25,0.26,270.75,8.34,0.35,50.44,2.29,3.12,-0.83,257.84,251.44,245.04,1 - Very Bearish,0,0,5,11,10,9,1,2,30
11-Nov-2025,25-Nov-2025,PAGEIND,Non-Hld,40250.0,40000.0,38342.25,4.98,41657.75,3.5,0.56,39.08,-617.17,-611.93,-5.24,41914.67,40804.25,39693.83,1 - Very Bearish,0,0,3,5,9,3,1,1,29
11-Nov-2025,25-Nov-2025,PATANJALI,Non-Hld,581.3,600.0,570.65,1.87,629.35,8.27,0.4,46.07,-3.87,-2.8,-1.07,606.72,587.19,567.67,4 - Mild Bullish,1,2,6,10,3,9,0,1,42
11-Nov-2025,25-Nov-2025,PAYTM,Non-Hld,1326.4,1300.0,1229.05,7.92,1370.95,3.36,0.83,63.71,25.68,24.6,1.08,1347.13,1297.28,1247.43,4 - Mild Bullish,0,1,5,14,5,9,1,0,29
11-Nov-2025,25-Nov-2025,PERSISTENT,Non-Hld,6034.0,6000.0,5728.0,5.34,6272.0,3.94,0.67,67.22,131.25,140.27,-9.02,6093.78,5830.36,5566.95,5 - Bullish,9,2,9,6,1,0,0,1,22
11-Nov-2025,25-Nov-2025,PETRONET,Non-Hld,277.7,310.0,281.75,-1.44,338.25,21.8,1.12,47.21,-0.15,0.33,-0.48,284.29,279.42,274.55,1 - Very Bearish,0,0,4,5,8,10,3,4,35
11-Nov-2025,25-Nov-2025,PFC,Holding,374.9,400.0,373.65,0.33,426.35,13.72,0.62,30.29,-5.51,-2.79,-2.72,413.53,395.53,377.53,3 - Mild Bearish,0,0,4,1,16,3,8,6,28
11-Nov-2025,25-Nov-2025,PGEL,Non-Hld,535.0,560.0,514.65,3.95,605.35,13.15,0.52,35.72,-5.87,-0.48,-5.39,600.45,566.31,532.18,4 - Mild Bullish,7,9,4,5,5,0,9,2,24
11-Nov-2025,25-Nov-2025,PHOENIXLTD,Non-Hld,1738.5,1800.0,1716.15,1.3,1883.85,8.36,0.64,59.28,39.67,38.82,0.85,1790.64,1708.48,1626.31,1 - Very Bearish,0,0,0,0,6,6,6,6,28
11-Nov-2025,25-Nov-2025,PIDILITIND,Non-Hld,1474.2,1500.0,1453.25,1.44,1546.75,4.92,0.55,46.31,-14.24,-11.75,-2.49,1549.98,1488.64,1427.31,4 - Mild Bullish,1,11,6,3,1,0,0,0,26
11-Nov-2025,25-Nov-2025,PIIND,Non-Hld,3772.1,3600.0,3351.7,12.54,3848.3,2.02,0.89,65.77,41.45,12.84,28.6,3805.81,3628.11,3450.41,2 - Bearish,2,0,1,2,10,5,11,4,26
11-Nov-2025,25-Nov-2025,PNB,Non-Hld,121.76,125.0,119.51,1.88,130.49,7.17,0.7,60.9,2.48,2.63,-0.15,125.56,119.72,113.89,1 - Very Bearish,0,0,7,11,14,10,2,3,41
11-Nov-2025,25-Nov-2025,PNBHOUSING,Non-Hld,896.05,1000.0,892.05,0.45,1107.95,23.65,0.57,50.96,11.66,15.49,-3.83,967.43,898.8,830.17,1 - Very Bearish,1,0,1,3,11,6,8,6,28
11-Nov-2025,25-Nov-2025,POLICYBZR,Non-Hld,1799.9,1800.0,1712.2,5.12,1887.8,4.88,0.59,54.55,16.7,9.07,7.62,1872.83,1741.28,1609.73,1 - Very Bearish,0,2,6,7,7,6,0,5,34
11-Nov-2025,25-Nov-2025,POLYCAB,Non-Hld,7662.0,7700.0,7409.35,3.41,7990.65,4.29,0.56,54.32,37.82,52.34,-14.52,7789.0,7610.12,7431.25,6 - Very Bullish,5,5,6,4,3,0,0,0,23
11-Nov-2025,25-Nov-2025,POWERGRID,Holding,268.15,290.0,268.4,-0.09,311.6,16.2,0.47,34.56,-3.65,-1.55,-2.1,295.37,280.41,265.44,3 - Mild Bearish,0,1,6,4,12,6,0,9,42
11-Nov-2025,25-Nov-2025,POWERINDIA,Non-Hld,21831.0,20000.0,18092.2,20.67,21907.8,0.35,1.18,77.29,756.36,235.14,521.22,21728.45,18434.85,15141.25,6 - Very Bullish,7,11,14,7,0,0,0,0,35
11-Nov-2025,25-Nov-2025,PPLPHARMA,Non-Hld,194.3,210.0,193.11,0.62,226.89,16.77,0.38,42.49,0.07,0.75,-0.68,206.11,198.5,190.88,1 - Very Bearish,0,0,0,1,9,10,6,8,27
11-Nov-2025,25-Nov-2025,PRESTIGE,Non-Hld,1765.0,1800.0,1695.95,4.07,1904.05,7.88,0.62,61.77,35.25,39.5,-4.24,1811.32,1732.39,1653.45,5 - Bullish,10,6,3,3,1,0,5,5,27
11-Nov-2025,25-Nov-2025,RBLBANK,Non-Hld,320.4,330.0,314.2,1.97,345.8,7.93,0.63,59.63,10.12,11.75,-1.63,340.04,318.96,297.88,1 - Very Bearish,0,0,2,2,8,6,4,2,24
11-Nov-2025,25-Nov-2025,RECLTD,Non-Hld,362.1,380.0,359.45,0.74,400.55,10.62,0.64,41.95,-1.73,-0.3,-1.42,382.24,370.74,359.24,6 - Very Bullish,3,0,9,7,11,4,0,3,28
11-Nov-2025,25-Nov-2025,RELIANCE,Non-Hld,1493.8,1500.0,1458.95,2.39,1541.05,3.16,0.63,64.11,23.96,24.02,-0.06,1538.73,1461.76,1384.78,4 - Mild Bullish,5,10,12,18,2,6,0,1,47
11-Nov-2025,25-Nov-2025,RVNL,Non-Hld,317.8,330.0,305.55,4.01,354.45,11.53,0.53,33.14,-5.77,-4.59,-1.18,340.28,328.07,315.87,5 - Bullish,12,2,11,3,2,3,0,2,24
11-Nov-2025,25-Nov-2025,SAIL,Non-Hld,144.05,145.0,138.73,3.83,151.27,5.01,0.82,70.08,2.93,1.89,1.03,145.3,134.81,124.32,1 - Very Bearish,0,0,0,14,0,22,0,5,45
11-Nov-2025,25-Nov-2025,SAMMAANCAP,Non-Hld,176.64,190.0,174.09,1.46,205.91,16.57,0.59,53.09,6.96,9.0,-2.04,196.91,179.74,162.57,3 - Mild Bearish,0,0,1,0,13,4,8,4,26
11-Nov-2025,25-Nov-2025,SBICARD,Non-Hld,862.4,950.0,874.4,-1.37,1025.6,18.92,0.44,37.16,-6.39,0.17,-6.56,952.98,902.51,852.04,1 - Very Bearish,0,1,0,0,13,6,8,5,31
11-Nov-2025,25-Nov-2025,SBILIFE,Non-Hld,1995.6,2020.0,1968.25,1.39,2071.75,3.82,0.64,75.05,45.35,38.81,6.53,2047.79,1915.66,1783.52,4 - Mild Bullish,4,6,3,12,1,3,0,0,31
11-Nov-2025,25-Nov-2025,SBIN,Non-Hld,954.0,950.0,921.65,3.51,978.35,2.55,0.77,72.72,23.62,23.35,0.26,980.19,926.03,871.87,4 - Mild Bullish,5,20,10,23,4,9,1,1,56
11-Nov-2025,25-Nov-2025,SHREECEM,Non-Hld,27025.0,29000.0,27374.1,-1.28,30625.9,13.32,0.33,26.27,-592.55,-428.83,-163.73,30326.59,28559.13,26791.67,1 - Very Bearish,0,4,4,1,8,4,4,2,42
11-Nov-2025,25-Nov-2025,SHRIRAMFIN,Non-Hld,831.0,800.0,749.25,10.91,850.75,2.38,1.15,90.56,44.59,36.62,7.97,846.03,737.98,629.93,4 - Mild Bullish,9,12,11,16,0,0,0,0,35
11-Nov-2025,25-Nov-2025,SIEMENS,Holding,3025.3,3100.0,2948.3,2.61,3251.7,7.48,0.43,36.88,-28.07,-19.01,-9.06,3180.84,3108.46,3036.09,1 - Very Bearish,0,1,0,0,11,5,9,6,23
11-Nov-2025,25-Nov-2025,SOLARINDS,Non-Hld,13828.0,15000.0,13705.0,0.9,16295.0,17.84,0.45,48.0,-136.27,-108.02,-28.25,14332.61,13875.75,13418.89,6 - Very Bullish,8,6,9,4,0,0,1,0,18
11-Nov-2025,25-Nov-2025,SONACOMS,Non-Hld,490.0,500.0,475.05,3.15,524.95,7.13,0.46,66.47,12.54,12.41,0.13,499.41,476.06,452.7,5 - Bullish,10,8,7,8,1,0,2,1,33
11-Nov-2025,25-Nov-2025,SRF,Non-Hld,2934.7,3000.0,2866.0,2.4,3134.0,6.79,0.39,43.15,-20.33,-0.24,-20.09,3214.72,3027.64,2840.57,5 - Bullish,9,4,7,4,0,0,1,1,21
11-Nov-2025,25-Nov-2025,SUNPHARMA,Non-Hld,1719.0,1700.0,1648.3,4.29,1751.7,1.9,0.55,63.05,14.45,15.45,-1.0,1722.47,1689.19,1655.91,4 - Mild Bullish,5,9,6,7,0,0,0,0,25
11-Nov-2025,25-Nov-2025,SUPREMEIND,Non-Hld,3884.3,4000.0,3790.75,2.47,4209.25,8.37,0.51,37.91,-103.57,-106.72,3.14,4292.51,3980.53,3668.54,2 - Bearish,3,1,3,3,5,5,2,2,31
11-Nov-2025,25-Nov-2025,SUZLON,Non-Hld,58.05,60.0,56.42,2.89,63.58,9.53,0.45,54.81,0.75,0.53,0.22,61.47,56.36,51.25,4 - Mild Bullish,8,9,3,14,0,0,0,0,23
11-Nov-2025,25-Nov-2025,SYNGENE,Non-Hld,646.0,660.0,633.2,2.02,686.8,6.32,0.59,51.03,-2.41,-0.43,-1.99,671.08,644.02,616.97,5 - Bullish,11,4,5,9,1,0,1,1,23
11-Nov-2025,25-Nov-2025,TATACONSUM,Non-Hld,1153.1,1200.0,1146.25,0.6,1253.75,8.73,0.48,50.17,9.69,13.71,-4.02,1205.0,1164.29,1123.58,4 - Mild Bullish,6,15,8,8,0,0,0,1,35
11-Nov-2025,25-Nov-2025,TATAELXSI,Non-Hld,5296.0,6000.0,5291.55,0.08,6708.45,26.67,0.45,41.51,-57.4,-34.39,-23.01,5627.45,5400.72,5174.0,6 - Very Bullish,7,6,8,4,0,0,0,0,20
11-Nov-2025,25-Nov-2025,TATAPOWER,Non-Hld,395.5,400.0,384.3,2.91,415.7,5.11,0.6,48.13,0.97,2.28,-1.31,410.02,399.42,388.82,3 - Mild Bearish,0,0,7,1,15,4,3,1,25
11-Nov-2025,25-Nov-2025,TATASTEEL,Non-Hld,181.1,185.0,176.13,2.82,193.87,7.05,0.54,59.21,2.64,2.8,-0.16,186.87,177.83,168.78,1 - Very Bearish,0,3,7,4,11,6,2,2,26
11-Nov-2025,25-Nov-2025,TATATECH,Non-Hld,683.9,700.0,671.4,1.86,728.6,6.54,0.51,46.72,-3.49,-1.87,-1.62,705.17,689.47,673.78,6 - Very Bullish,5,4,6,6,0,2,1,0,23
11-Nov-2025,25-Nov-2025,TCS,Non-Hld,3049.0,3100.0,3002.9,1.54,3197.1,4.86,0.68,54.03,0.89,0.24,0.65,3096.67,3018.8,2940.94,4 - Mild Bullish,11,15,9,22,0,3,1,1,48
11-Nov-2025,25-Nov-2025,TECHM,Non-Hld,1406.8,1500.0,1407.15,-0.02,1592.85,13.23,0.6,42.45,-13.35,-10.01,-3.35,1476.72,1432.65,1388.58,6 - Very Bullish,7,6,8,6,2,1,0,1,27
11-Nov-2025,25-Nov-2025,TIINDIA,Non-Hld,2995.0,3200.0,2978.75,0.55,3421.25,14.23,0.53,39.66,-46.3,-34.73,-11.57,3230.3,3082.2,2934.1,5 - Bullish,7,1,6,2,2,1,1,0,23
11-Nov-2025,25-Nov-2025,TITAGARH,Non-Hld,860.95,900.0,833.05,3.35,966.95,12.31,0.48,44.95,-8.52,-4.36,-4.17,914.09,879.85,845.61,4 - Mild Bullish,6,8,4,8,0,0,0,0,19
11-Nov-2025,25-Nov-2025,TITAN,Non-Hld,3809.1,3800.0,3683.2,3.42,3916.8,2.83,0.6,65.88,65.36,63.89,1.47,3879.32,3728.4,3577.48,4 - Mild Bullish,2,10,11,17,7,11,1,0,50
11-Nov-2025,25-Nov-2025,TMPV,Non-Hld,408.1,420.0,394.15,3.54,445.85,9.25,0.47,56.95,,,,,,,1 - Very Bearish,0,1,1,0,10,1,11,5,21
11-Nov-2025,25-Nov-2025,TORNTPHARM,Non-Hld,3823.4,3600.0,3338.45,14.53,3861.55,1.0,0.93,71.48,36.56,12.79,23.77,3757.04,3600.97,3444.9,4 - Mild Bullish,0,4,7,9,3,6,0,0,24
11-Nov-2025,25-Nov-2025,TORNTPOWER,Non-Hld,1344.0,1400.0,1314.4,2.25,1485.6,10.54,0.59,57.79,10.04,10.5,-0.47,1350.24,1310.63,1271.02,6 - Very Bullish,9,8,13,5,0,0,0,0,24
11-Nov-2025,25-Nov-2025,TRENT,Non-Hld,4314.9,4800.0,4324.3,-0.22,5275.7,22.27,0.47,25.14,-110.48,-78.35,-32.13,4976.26,4689.98,4403.7,4 - Mild Bullish,1,8,7,10,2,5,0,0,21
11-Nov-2025,25-Nov-2025,TVSMOTOR,Non-Hld,3472.2,3600.0,3423.1,1.43,3776.9,8.78,0.41,45.67,-3.21,14.4,-17.62,3681.12,3543.71,3406.31,1 - Very Bearish,0,0,0,0,11,6,8,7,23
11-Nov-2025,25-Nov-2025,ULTRACEMCO,Non-Hld,11818.0,12000.0,11631.2,1.61,12368.8,4.66,0.5,41.07,-122.71,-106.81,-15.9,12440.32,12035.25,11630.18,4 - Mild Bullish,5,11,6,8,3,1,0,1,38
11-Nov-2025,25-Nov-2025,UNIONBANK,Non-Hld,152.68,150.0,142.05,7.48,157.95,3.45,0.72,64.84,4.06,3.43,0.63,156.77,145.65,134.52,1 - Very Bearish,0,0,1,1,9,6,1,11,22
11-Nov-2025,25-Nov-2025,UNITDSPR,Non-Hld,1415.0,1500.0,1411.1,0.28,1588.9,12.29,0.51,59.32,23.69,20.65,3.04,1463.13,1379.62,1296.11,6 - Very Bullish,4,3,9,5,4,9,3,2,51
11-Nov-2025,25-Nov-2025,UNOMINDA,Non-Hld,1313.0,1260.0,1186.0,10.71,1334.0,1.6,0.79,61.52,6.06,-4.96,11.03,1300.55,1231.38,1162.21,1 - Very Bearish,3,0,4,8,6,10,3,0,25
11-Nov-2025,25-Nov-2025,UPL,Non-Hld,753.0,750.0,722.3,4.25,777.7,3.28,0.74,77.6,17.55,11.95,5.59,764.91,706.66,648.4,4 - Mild Bullish,4,6,4,9,2,0,0,1,25
11-Nov-2025,25-Nov-2025,VBL,Non-Hld,469.95,500.0,467.5,0.52,532.5,13.31,0.47,52.99,2.93,2.57,0.36,489.36,465.45,441.54,4 - Mild Bullish,9,12,7,10,2,1,0,1,37
11-Nov-2025,25-Nov-2025,VEDL,Non-Hld,523.55,500.0,465.25,12.53,534.75,2.14,0.76,68.08,13.51,12.61,0.9,530.3,498.09,465.88,6 - Very Bullish,9,12,15,10,1,0,0,2,36
11-Nov-2025,25-Nov-2025,VOLTAS,Non-Hld,1304.9,1300.0,1226.75,6.37,1373.25,5.24,0.67,35.58,-19.59,-6.87,-12.72,1488.36,1392.46,1296.57,3 - Mild Bearish,0,0,1,0,15,6,11,7,28
11-Nov-2025,25-Nov-2025,WIPRO,Non-Hld,241.75,250.0,239.16,1.08,260.84,7.9,0.69,48.69,-1.75,-1.7,-0.04,250.6,242.44,234.28,6 - Very Bullish,11,9,12,13,1,5,1,0,36
11-Nov-2025,25-Nov-2025,YESBANK,Non-Hld,22.65,23.0,21.8,3.9,24.2,6.84,0.36,52.39,0.23,0.32,-0.09,23.34,22.79,22.24,1 - Very Bearish,0,0,0,1,7,1,1,3,11
11-Nov-2025,25-Nov-2025,ZYDUSLIFE,Non-Hld,938.5,1000.0,941.55,-0.32,1058.45,12.78,0.53,33.17,-14.37,-8.88,-5.48,1026.82,980.79,934.75,2 - Bearish,1,0,0,0,13,4,10,5,33
